# -*- coding: utf-8 -*-

# Resource object code
#
# Created by: The Resource Compiler for PyQt5 (Qt v5.15.13)
#
# WARNING! All changes made in this file will be lost!

from PyQt5 import QtCore

qt_resource_data = b"\
\x00\x00\x09\xde\
\x3c\
\x3f\x78\x6d\x6c\x20\x76\x65\x72\x73\x69\x6f\x6e\x3d\x22\x31\x2e\
\x30\x22\x20\x65\x6e\x63\x6f\x64\x69\x6e\x67\x3d\x22\x55\x54\x46\
\x2d\x38\x22\x20\x73\x74\x61\x6e\x64\x61\x6c\x6f\x6e\x65\x3d\x22\
\x6e\x6f\x22\x3f\x3e\x0a\x3c\x73\x76\x67\x0a\x20\x20\x20\x68\x65\
\x69\x67\x68\x74\x3d\x22\x32\x34\x22\x0a\x20\x20\x20\x76\x69\x65\
\x77\x42\x6f\x78\x3d\x22\x30\x20\x30\x20\x32\x34\x20\x32\x34\x22\
\x0a\x20\x20\x20\x77\x69\x64\x74\x68\x3d\x22\x32\x34\x22\x0a\x20\
\x20\x20\x76\x65\x72\x73\x69\x6f\x6e\x3d\x22\x31\x2e\x31\x22\x0a\
\x20\x20\x20\x69\x64\x3d\x22\x73\x76\x67\x33\x36\x22\x0a\x20\x20\
\x20\x73\x6f\x64\x69\x70\x6f\x64\x69\x3a\x64\x6f\x63\x6e\x61\x6d\
\x65\x3d\x22\x73\x68\x6f\x77\x5f\x6c\x6f\x6c\x5f\x64\x69\x66\x66\
\x65\x72\x65\x6e\x63\x65\x2e\x73\x76\x67\x22\x0a\x20\x20\x20\x69\
\x6e\x6b\x73\x63\x61\x70\x65\x3a\x76\x65\x72\x73\x69\x6f\x6e\x3d\
\x22\x31\x2e\x32\x2e\x32\x20\x28\x62\x30\x61\x38\x34\x38\x36\x35\
\x34\x31\x2c\x20\x32\x30\x32\x32\x2d\x31\x32\x2d\x30\x31\x29\x22\
\x0a\x20\x20\x20\x78\x6d\x6c\x6e\x73\x3a\x69\x6e\x6b\x73\x63\x61\
\x70\x65\x3d\x22\x68\x74\x74\x70\x3a\x2f\x2f\x77\x77\x77\x2e\x69\
\x6e\x6b\x73\x63\x61\x70\x65\x2e\x6f\x72\x67\x2f\x6e\x61\x6d\x65\
\x73\x70\x61\x63\x65\x73\x2f\x69\x6e\x6b\x73\x63\x61\x70\x65\x22\
\x0a\x20\x20\x20\x78\x6d\x6c\x6e\x73\x3a\x73\x6f\x64\x69\x70\x6f\
\x64\x69\x3d\x22\x68\x74\x74\x70\x3a\x2f\x2f\x73\x6f\x64\x69\x70\
\x6f\x64\x69\x2e\x73\x6f\x75\x72\x63\x65\x66\x6f\x72\x67\x65\x2e\
\x6e\x65\x74\x2f\x44\x54\x44\x2f\x73\x6f\x64\x69\x70\x6f\x64\x69\
\x2d\x30\x2e\x64\x74\x64\x22\x0a\x20\x20\x20\x78\x6d\x6c\x6e\x73\
\x3d\x22\x68\x74\x74\x70\x3a\x2f\x2f\x77\x77\x77\x2e\x77\x33\x2e\
\x6f\x72\x67\x2f\x32\x30\x30\x30\x2f\x73\x76\x67\x22\x0a\x20\x20\
\x20\x78\x6d\x6c\x6e\x73\x3a\x73\x76\x67\x3d\x22\x68\x74\x74\x70\
\x3a\x2f\x2f\x77\x77\x77\x2e\x77\x33\x2e\x6f\x72\x67\x2f\x32\x30\
\x30\x30\x2f\x73\x76\x67\x22\x3e\x0a\x20\x20\x3c\x64\x65\x66\x73\
\x0a\x20\x20\x20\x20\x20\x69\x64\x3d\x22\x64\x65\x66\x73\x34\x30\
\x22\x20\x2f\x3e\x0a\x20\x20\x3c\x73\x6f\x64\x69\x70\x6f\x64\x69\
\x3a\x6e\x61\x6d\x65\x64\x76\x69\x65\x77\x0a\x20\x20\x20\x20\x20\
\x69\x64\x3d\x22\x6e\x61\x6d\x65\x64\x76\x69\x65\x77\x33\x38\x22\
\x0a\x20\x20\x20\x20\x20\x70\x61\x67\x65\x63\x6f\x6c\x6f\x72\x3d\
\x22\x23\x66\x66\x66\x66\x66\x66\x22\x0a\x20\x20\x20\x20\x20\x62\
\x6f\x72\x64\x65\x72\x63\x6f\x6c\x6f\x72\x3d\x22\x23\x30\x30\x30\
\x30\x30\x30\x22\x0a\x20\x20\x20\x20\x20\x62\x6f\x72\x64\x65\x72\
\x6f\x70\x61\x63\x69\x74\x79\x3d\x22\x30\x2e\x32\x35\x22\x0a\x20\
\x20\x20\x20\x20\x69\x6e\x6b\x73\x63\x61\x70\x65\x3a\x73\x68\x6f\
\x77\x70\x61\x67\x65\x73\x68\x61\x64\x6f\x77\x3d\x22\x32\x22\x0a\
\x20\x20\x20\x20\x20\x69\x6e\x6b\x73\x63\x61\x70\x65\x3a\x70\x61\
\x67\x65\x6f\x70\x61\x63\x69\x74\x79\x3d\x22\x30\x2e\x30\x22\x0a\
\x20\x20\x20\x20\x20\x69\x6e\x6b\x73\x63\x61\x70\x65\x3a\x70\x61\
\x67\x65\x63\x68\x65\x63\x6b\x65\x72\x62\x6f\x61\x72\x64\x3d\x22\
\x30\x22\x0a\x20\x20\x20\x20\x20\x69\x6e\x6b\x73\x63\x61\x70\x65\
\x3a\x64\x65\x73\x6b\x63\x6f\x6c\x6f\x72\x3d\x22\x23\x64\x31\x64\
\x31\x64\x31\x22\x0a\x20\x20\x20\x20\x20\x73\x68\x6f\x77\x67\x72\
\x69\x64\x3d\x22\x66\x61\x6c\x73\x65\x22\x0a\x20\x20\x20\x20\x20\
\x69\x6e\x6b\x73\x63\x61\x70\x65\x3a\x7a\x6f\x6f\x6d\x3d\x22\x31\
\x37\x2e\x34\x33\x37\x35\x22\x0a\x20\x20\x20\x20\x20\x69\x6e\x6b\
\x73\x63\x61\x70\x65\x3a\x63\x78\x3d\x22\x31\x2e\x36\x36\x33\x30\
\x38\x32\x34\x22\x0a\x20\x20\x20\x20\x20\x69\x6e\x6b\x73\x63\x61\
\x70\x65\x3a\x63\x79\x3d\x22\x38\x2e\x36\x30\x32\x31\x35\x30\x35\
\x22\x0a\x20\x20\x20\x20\x20\x69\x6e\x6b\x73\x63\x61\x70\x65\x3a\
\x77\x69\x6e\x64\x6f\x77\x2d\x77\x69\x64\x74\x68\x3d\x22\x31\x39\
\x32\x30\x22\x0a\x20\x20\x20\x20\x20\x69\x6e\x6b\x73\x63\x61\x70\
\x65\x3a\x77\x69\x6e\x64\x6f\x77\x2d\x68\x65\x69\x67\x68\x74\x3d\
\x22\x31\x30\x34\x38\x22\x0a\x20\x20\x20\x20\x20\x69\x6e\x6b\x73\
\x63\x61\x70\x65\x3a\x77\x69\x6e\x64\x6f\x77\x2d\x78\x3d\x22\x33\
\x38\x34\x30\x22\x0a\x20\x20\x20\x20\x20\x69\x6e\x6b\x73\x63\x61\
\x70\x65\x3a\x77\x69\x6e\x64\x6f\x77\x2d\x79\x3d\x22\x30\x22\x0a\
\x20\x20\x20\x20\x20\x69\x6e\x6b\x73\x63\x61\x70\x65\x3a\x77\x69\
\x6e\x64\x6f\x77\x2d\x6d\x61\x78\x69\x6d\x69\x7a\x65\x64\x3d\x22\
\x31\x22\x0a\x20\x20\x20\x20\x20\x69\x6e\x6b\x73\x63\x61\x70\x65\
\x3a\x63\x75\x72\x72\x65\x6e\x74\x2d\x6c\x61\x79\x65\x72\x3d\x22\
\x73\x76\x67\x33\x36\x22\x20\x2f\x3e\x0a\x20\x20\x3c\x67\x0a\x20\
\x20\x20\x20\x20\x69\x64\x3d\x22\x67\x38\x35\x36\x22\x3e\x0a\x20\
\x20\x20\x20\x3c\x70\x61\x74\x68\x0a\x20\x20\x20\x20\x20\x20\x20\
\x73\x74\x79\x6c\x65\x3d\x22\x66\x69\x6c\x6c\x3a\x6e\x6f\x6e\x65\
\x3b\x73\x74\x72\x6f\x6b\x65\x3a\x23\x66\x66\x61\x61\x30\x30\x3b\
\x73\x74\x72\x6f\x6b\x65\x2d\x77\x69\x64\x74\x68\x3a\x35\x3b\x73\
\x74\x72\x6f\x6b\x65\x2d\x64\x61\x73\x68\x61\x72\x72\x61\x79\x3a\
\x6e\x6f\x6e\x65\x22\x0a\x20\x20\x20\x20\x20\x20\x20\x64\x3d\x22\
\x4d\x20\x35\x2e\x38\x36\x32\x30\x37\x39\x36\x2c\x31\x37\x2e\x38\
\x39\x33\x39\x35\x34\x20\x31\x37\x2e\x38\x34\x36\x33\x33\x39\x2c\
\x36\x2e\x30\x38\x37\x36\x32\x30\x39\x22\x0a\x20\x20\x20\x20\x20\
\x20\x20\x69\x64\x3d\x22\x70\x61\x74\x68\x31\x22\x0a\x20\x20\x20\
\x20\x20\x20\x20\x73\x6f\x64\x69\x70\x6f\x64\x69\x3a\x6e\x6f\x64\
\x65\x74\x79\x70\x65\x73\x3d\x22\x63\x63\x22\x20\x2f\x3e\x0a\x20\
\x20\x20\x20\x3c\x70\x61\x74\x68\x0a\x20\x20\x20\x20\x20\x20\x20\
\x64\x3d\x22\x4d\x20\x31\x33\x2e\x34\x30\x33\x31\x39\x37\x2c\x38\
\x2e\x37\x38\x31\x36\x35\x37\x39\x20\x31\x39\x2e\x31\x39\x36\x32\
\x31\x34\x2c\x32\x2e\x39\x38\x38\x36\x34\x31\x34\x20\x48\x20\x31\
\x34\x2e\x35\x37\x34\x36\x37\x33\x20\x56\x20\x30\x2e\x34\x31\x33\
\x39\x36\x37\x30\x35\x20\x68\x20\x39\x2e\x30\x31\x31\x33\x36\x20\
\x56\x20\x39\x2e\x34\x32\x35\x33\x32\x35\x37\x20\x48\x20\x32\x31\
\x2e\x30\x31\x31\x33\x35\x39\x20\x56\x20\x34\x2e\x38\x30\x33\x37\
\x38\x36\x35\x20\x6c\x20\x2d\x35\x2e\x37\x39\x33\x30\x31\x37\x2c\
\x35\x2e\x37\x39\x33\x30\x31\x34\x35\x20\x7a\x22\x0a\x20\x20\x20\
\x20\x20\x20\x20\x69\x64\x3d\x22\x70\x61\x74\x68\x32\x35\x31\x34\
\x22\x0a\x20\x20\x20\x20\x20\x20\x20\x73\x74\x79\x6c\x65\x3d\x22\
\x66\x69\x6c\x6c\x3a\x23\x62\x66\x62\x66\x62\x66\x3b\x66\x69\x6c\
\x6c\x2d\x6f\x70\x61\x63\x69\x74\x79\x3a\x31\x3b\x73\x74\x72\x6f\
\x6b\x65\x2d\x77\x69\x64\x74\x68\x3a\x30\x2e\x39\x36\x35\x35\x30\
\x33\x22\x20\x2f\x3e\x0a\x20\x20\x20\x20\x3c\x70\x61\x74\x68\x0a\
\x20\x20\x20\x20\x20\x20\x20\x64\x3d\x22\x6d\x20\x38\x2e\x37\x38\
\x31\x36\x35\x38\x38\x2c\x31\x33\x2e\x34\x30\x33\x31\x39\x37\x20\
\x31\x2e\x38\x31\x35\x31\x34\x32\x32\x2c\x31\x2e\x38\x31\x35\x31\
\x34\x35\x20\x2d\x35\x2e\x37\x39\x33\x30\x31\x34\x35\x2c\x35\x2e\
\x37\x39\x33\x30\x31\x37\x20\x68\x20\x34\x2e\x36\x32\x31\x35\x33\
\x39\x32\x20\x76\x20\x32\x2e\x35\x37\x34\x36\x37\x34\x20\x48\x20\
\x30\x2e\x34\x31\x33\x39\x36\x37\x20\x76\x20\x2d\x39\x2e\x30\x31\
\x31\x33\x36\x20\x68\x20\x32\x2e\x35\x37\x34\x36\x37\x34\x33\x20\
\x76\x20\x34\x2e\x36\x32\x31\x35\x34\x31\x20\x6c\x20\x35\x2e\x37\
\x39\x33\x30\x31\x37\x35\x2c\x2d\x35\x2e\x37\x39\x33\x30\x31\x37\
\x22\x0a\x20\x20\x20\x20\x20\x20\x20\x69\x64\x3d\x22\x70\x61\x74\
\x68\x32\x22\x0a\x20\x20\x20\x20\x20\x20\x20\x73\x74\x79\x6c\x65\
\x3d\x22\x66\x69\x6c\x6c\x3a\x23\x62\x66\x62\x66\x62\x66\x3b\x66\
\x69\x6c\x6c\x2d\x6f\x70\x61\x63\x69\x74\x79\x3a\x31\x3b\x73\x74\
\x72\x6f\x6b\x65\x3a\x6e\x6f\x6e\x65\x3b\x73\x74\x72\x6f\x6b\x65\
\x2d\x77\x69\x64\x74\x68\x3a\x30\x2e\x39\x36\x36\x3b\x73\x74\x72\
\x6f\x6b\x65\x2d\x64\x61\x73\x68\x61\x72\x72\x61\x79\x3a\x6e\x6f\
\x6e\x65\x3b\x73\x74\x72\x6f\x6b\x65\x2d\x6f\x70\x61\x63\x69\x74\
\x79\x3a\x31\x22\x20\x2f\x3e\x0a\x20\x20\x20\x20\x3c\x72\x65\x63\
\x74\x0a\x20\x20\x20\x20\x20\x20\x20\x73\x74\x79\x6c\x65\x3d\x22\
\x66\x69\x6c\x6c\x3a\x23\x66\x66\x66\x66\x66\x66\x3b\x66\x69\x6c\
\x6c\x2d\x6f\x70\x61\x63\x69\x74\x79\x3a\x31\x3b\x73\x74\x72\x6f\
\x6b\x65\x3a\x23\x31\x66\x61\x32\x30\x38\x3b\x73\x74\x72\x6f\x6b\
\x65\x2d\x77\x69\x64\x74\x68\x3a\x32\x2e\x35\x3b\x73\x74\x72\x6f\
\x6b\x65\x2d\x6d\x69\x74\x65\x72\x6c\x69\x6d\x69\x74\x3a\x34\x3b\
\x73\x74\x72\x6f\x6b\x65\x2d\x64\x61\x73\x68\x61\x72\x72\x61\x79\
\x3a\x6e\x6f\x6e\x65\x3b\x73\x74\x72\x6f\x6b\x65\x2d\x6f\x70\x61\
\x63\x69\x74\x79\x3a\x31\x22\x0a\x20\x20\x20\x20\x20\x20\x20\x69\
\x64\x3d\x22\x72\x65\x63\x74\x32\x32\x30\x35\x22\x0a\x20\x20\x20\
\x20\x20\x20\x20\x77\x69\x64\x74\x68\x3d\x22\x35\x2e\x35\x22\x0a\
\x20\x20\x20\x20\x20\x20\x20\x68\x65\x69\x67\x68\x74\x3d\x22\x35\
\x2e\x35\x22\x0a\x20\x20\x20\x20\x20\x20\x20\x78\x3d\x22\x35\x2e\
\x34\x39\x33\x35\x36\x33\x37\x22\x0a\x20\x20\x20\x20\x20\x20\x20\
\x79\x3d\x22\x31\x32\x2e\x37\x31\x38\x34\x31\x22\x0a\x20\x20\x20\
\x20\x20\x20\x20\x69\x6e\x6b\x73\x63\x61\x70\x65\x3a\x74\x72\x61\
\x6e\x73\x66\x6f\x72\x6d\x2d\x63\x65\x6e\x74\x65\x72\x2d\x78\x3d\
\x22\x30\x2e\x30\x36\x31\x31\x36\x37\x35\x35\x32\x22\x0a\x20\x20\
\x20\x20\x20\x20\x20\x69\x6e\x6b\x73\x63\x61\x70\x65\x3a\x74\x72\
\x61\x6e\x73\x66\x6f\x72\x6d\x2d\x63\x65\x6e\x74\x65\x72\x2d\x79\
\x3d\x22\x2d\x30\x2e\x33\x37\x30\x33\x35\x35\x36\x33\x22\x20\x2f\
\x3e\x0a\x20\x20\x20\x20\x3c\x72\x65\x63\x74\x0a\x20\x20\x20\x20\
\x20\x20\x20\x73\x74\x79\x6c\x65\x3d\x22\x66\x69\x6c\x6c\x3a\x23\
\x66\x66\x66\x66\x66\x66\x3b\x66\x69\x6c\x6c\x2d\x6f\x70\x61\x63\
\x69\x74\x79\x3a\x31\x3b\x73\x74\x72\x6f\x6b\x65\x3a\x23\x66\x66\
\x30\x30\x30\x30\x3b\x73\x74\x72\x6f\x6b\x65\x2d\x77\x69\x64\x74\
\x68\x3a\x32\x2e\x35\x3b\x73\x74\x72\x6f\x6b\x65\x2d\x6d\x69\x74\
\x65\x72\x6c\x69\x6d\x69\x74\x3a\x34\x3b\x73\x74\x72\x6f\x6b\x65\
\x2d\x64\x61\x73\x68\x61\x72\x72\x61\x79\x3a\x6e\x6f\x6e\x65\x3b\
\x73\x74\x72\x6f\x6b\x65\x2d\x6f\x70\x61\x63\x69\x74\x79\x3a\x31\
\x22\x0a\x20\x20\x20\x20\x20\x20\x20\x69\x64\x3d\x22\x72\x65\x63\
\x74\x32\x32\x30\x35\x2d\x33\x22\x0a\x20\x20\x20\x20\x20\x20\x20\
\x77\x69\x64\x74\x68\x3d\x22\x35\x2e\x35\x22\x0a\x20\x20\x20\x20\
\x20\x20\x20\x68\x65\x69\x67\x68\x74\x3d\x22\x35\x2e\x35\x22\x0a\
\x20\x20\x20\x20\x20\x20\x20\x78\x3d\x22\x31\x32\x2e\x38\x33\x31\
\x38\x32\x33\x22\x0a\x20\x20\x20\x20\x20\x20\x20\x79\x3d\x22\x35\
\x2e\x35\x34\x31\x37\x38\x32\x39\x22\x0a\x20\x20\x20\x20\x20\x20\
\x20\x69\x6e\x6b\x73\x63\x61\x70\x65\x3a\x74\x72\x61\x6e\x73\x66\
\x6f\x72\x6d\x2d\x63\x65\x6e\x74\x65\x72\x2d\x78\x3d\x22\x30\x2e\
\x30\x36\x31\x31\x36\x37\x34\x39\x31\x22\x0a\x20\x20\x20\x20\x20\
\x20\x20\x69\x6e\x6b\x73\x63\x61\x70\x65\x3a\x74\x72\x61\x6e\x73\
\x66\x6f\x72\x6d\x2d\x63\x65\x6e\x74\x65\x72\x2d\x79\x3d\x22\x2d\
\x30\x2e\x33\x37\x30\x33\x35\x35\x37\x34\x22\x20\x2f\x3e\x0a\x20\
\x20\x3c\x2f\x67\x3e\x0a\x3c\x2f\x73\x76\x67\x3e\x0a\
\x00\x00\x02\x8a\
\x3c\
\x3f\x78\x6d\x6c\x20\x76\x65\x72\x73\x69\x6f\x6e\x3d\x22\x31\x2e\
\x30\x22\x20\x65\x6e\x63\x6f\x64\x69\x6e\x67\x3d\x22\x55\x54\x46\
\x2d\x38\x22\x3f\x3e\x3c\x21\x2d\x2d\x20\x53\x56\x47\x20\x73\x6f\
\x75\x72\x63\x65\x64\x20\x66\x72\x6f\x6d\x20\x68\x74\x74\x70\x73\
\x3a\x2f\x2f\x67\x69\x74\x68\x75\x62\x2e\x63\x6f\x6d\x2f\x54\x65\
\x6d\x70\x6c\x61\x72\x69\x61\x6e\x2f\x4d\x61\x74\x65\x72\x69\x61\
\x6c\x44\x65\x73\x69\x67\x6e\x20\x61\x6e\x64\x20\x70\x61\x72\x61\
\x6d\x65\x74\x65\x72\x69\x7a\x65\x64\x20\x62\x79\x20\x4b\x6c\x61\
\x73\x20\x4b\x61\x72\x6c\x73\x73\x6f\x6e\x20\x66\x6f\x72\x20\x51\
\x47\x49\x53\x20\x2d\x2d\x3e\x3c\x21\x44\x4f\x43\x54\x59\x50\x45\
\x20\x73\x76\x67\x20\x50\x55\x42\x4c\x49\x43\x20\x22\x2d\x2f\x2f\
\x57\x33\x43\x2f\x2f\x44\x54\x44\x20\x53\x56\x47\x20\x31\x2e\x31\
\x2f\x2f\x45\x4e\x22\x20\x22\x68\x74\x74\x70\x3a\x2f\x2f\x77\x77\
\x77\x2e\x77\x33\x2e\x6f\x72\x67\x2f\x47\x72\x61\x70\x68\x69\x63\
\x73\x2f\x53\x56\x47\x2f\x31\x2e\x31\x2f\x44\x54\x44\x2f\x73\x76\
\x67\x31\x31\x2e\x64\x74\x64\x22\x3e\x3c\x73\x76\x67\x20\x78\x6d\
\x6c\x6e\x73\x3d\x22\x68\x74\x74\x70\x3a\x2f\x2f\x77\x77\x77\x2e\
\x77\x33\x2e\x6f\x72\x67\x2f\x32\x30\x30\x30\x2f\x73\x76\x67\x22\
\x20\x78\x6d\x6c\x6e\x73\x3a\x78\x6c\x69\x6e\x6b\x3d\x22\x68\x74\
\x74\x70\x3a\x2f\x2f\x77\x77\x77\x2e\x77\x33\x2e\x6f\x72\x67\x2f\
\x31\x39\x39\x39\x2f\x78\x6c\x69\x6e\x6b\x22\x20\x76\x65\x72\x73\
\x69\x6f\x6e\x3d\x22\x31\x2e\x31\x22\x20\x69\x64\x3d\x22\x6d\x64\
\x69\x2d\x61\x6c\x65\x72\x74\x2d\x6f\x75\x74\x6c\x69\x6e\x65\x22\
\x20\x77\x69\x64\x74\x68\x3d\x22\x32\x34\x22\x20\x68\x65\x69\x67\
\x68\x74\x3d\x22\x32\x34\x22\x20\x76\x69\x65\x77\x42\x6f\x78\x3d\
\x22\x30\x20\x30\x20\x32\x34\x20\x32\x34\x22\x3e\x3c\x70\x61\x74\
\x68\x20\x66\x69\x6c\x6c\x3d\x22\x70\x61\x72\x61\x6d\x28\x66\x69\
\x6c\x6c\x29\x20\x23\x30\x30\x30\x22\x20\x6f\x70\x61\x63\x69\x74\
\x79\x3d\x22\x70\x61\x72\x61\x6d\x28\x66\x69\x6c\x6c\x2d\x6f\x70\
\x61\x63\x69\x74\x79\x29\x22\x20\x73\x74\x72\x6f\x6b\x65\x3d\x22\
\x70\x61\x72\x61\x6d\x28\x6f\x75\x74\x6c\x69\x6e\x65\x29\x22\x20\
\x73\x74\x72\x6f\x6b\x65\x2d\x77\x69\x64\x74\x68\x3d\x22\x70\x61\
\x72\x61\x6d\x28\x6f\x75\x74\x6c\x69\x6e\x65\x2d\x77\x69\x64\x74\
\x68\x29\x20\x30\x22\x20\x73\x74\x72\x6f\x6b\x65\x2d\x6f\x70\x61\
\x63\x69\x74\x79\x3d\x22\x70\x61\x72\x61\x6d\x28\x6f\x75\x74\x6c\
\x69\x6e\x65\x2d\x6f\x70\x61\x63\x69\x74\x79\x29\x22\x20\x64\x3d\
\x22\x4d\x31\x32\x2c\x32\x4c\x31\x2c\x32\x31\x48\x32\x33\x4d\x31\
\x32\x2c\x36\x4c\x31\x39\x2e\x35\x33\x2c\x31\x39\x48\x34\x2e\x34\
\x37\x4d\x31\x31\x2c\x31\x30\x56\x31\x34\x48\x31\x33\x56\x31\x30\
\x4d\x31\x31\x2c\x31\x36\x56\x31\x38\x48\x31\x33\x56\x31\x36\x22\
\x20\x2f\x3e\x3c\x2f\x73\x76\x67\x3e\
\x00\x00\x01\xee\
\x3c\
\x73\x76\x67\x20\x68\x65\x69\x67\x68\x74\x3d\x22\x36\x2e\x32\x30\
\x38\x38\x38\x39\x6d\x6d\x22\x20\x76\x69\x65\x77\x42\x6f\x78\x3d\
\x22\x30\x20\x30\x20\x32\x32\x20\x32\x32\x22\x20\x77\x69\x64\x74\
\x68\x3d\x22\x36\x2e\x32\x30\x38\x38\x38\x39\x6d\x6d\x22\x20\x78\
\x6d\x6c\x6e\x73\x3d\x22\x68\x74\x74\x70\x3a\x2f\x2f\x77\x77\x77\
\x2e\x77\x33\x2e\x6f\x72\x67\x2f\x32\x30\x30\x30\x2f\x73\x76\x67\
\x22\x20\x78\x6d\x6c\x6e\x73\x3a\x78\x6c\x69\x6e\x6b\x3d\x22\x68\
\x74\x74\x70\x3a\x2f\x2f\x77\x77\x77\x2e\x77\x33\x2e\x6f\x72\x67\
\x2f\x31\x39\x39\x39\x2f\x78\x6c\x69\x6e\x6b\x22\x3e\x3c\x6c\x69\
\x6e\x65\x61\x72\x47\x72\x61\x64\x69\x65\x6e\x74\x20\x69\x64\x3d\
\x22\x61\x22\x20\x67\x72\x61\x64\x69\x65\x6e\x74\x55\x6e\x69\x74\
\x73\x3d\x22\x75\x73\x65\x72\x53\x70\x61\x63\x65\x4f\x6e\x55\x73\
\x65\x22\x20\x78\x31\x3d\x22\x35\x22\x20\x78\x32\x3d\x22\x31\x32\
\x22\x20\x79\x31\x3d\x22\x31\x38\x22\x20\x79\x32\x3d\x22\x2d\x37\
\x22\x3e\x3c\x73\x74\x6f\x70\x20\x6f\x66\x66\x73\x65\x74\x3d\x22\
\x30\x22\x20\x73\x74\x6f\x70\x2d\x63\x6f\x6c\x6f\x72\x3d\x22\x23\
\x30\x30\x65\x31\x30\x30\x22\x2f\x3e\x3c\x73\x74\x6f\x70\x20\x6f\
\x66\x66\x73\x65\x74\x3d\x22\x31\x22\x20\x73\x74\x6f\x70\x2d\x63\
\x6f\x6c\x6f\x72\x3d\x22\x23\x30\x30\x65\x31\x30\x30\x22\x20\x73\
\x74\x6f\x70\x2d\x6f\x70\x61\x63\x69\x74\x79\x3d\x22\x30\x22\x2f\
\x3e\x3c\x2f\x6c\x69\x6e\x65\x61\x72\x47\x72\x61\x64\x69\x65\x6e\
\x74\x3e\x3c\x70\x61\x74\x68\x20\x64\x3d\x22\x6d\x31\x20\x35\x20\
\x36\x20\x36\x20\x31\x34\x2d\x36\x2e\x39\x39\x39\x39\x39\x39\x39\
\x2d\x31\x36\x20\x31\x33\x2e\x39\x39\x39\x39\x39\x39\x39\x7a\x22\
\x20\x66\x69\x6c\x6c\x3d\x22\x75\x72\x6c\x28\x23\x61\x29\x22\x20\
\x66\x69\x6c\x6c\x2d\x72\x75\x6c\x65\x3d\x22\x65\x76\x65\x6e\x6f\
\x64\x64\x22\x20\x73\x74\x72\x6f\x6b\x65\x3d\x22\x23\x30\x30\x36\
\x62\x30\x30\x22\x20\x73\x74\x72\x6f\x6b\x65\x2d\x6c\x69\x6e\x65\
\x6a\x6f\x69\x6e\x3d\x22\x72\x6f\x75\x6e\x64\x22\x20\x73\x74\x72\
\x6f\x6b\x65\x2d\x6f\x70\x61\x63\x69\x74\x79\x3d\x22\x2e\x39\x31\
\x37\x36\x34\x37\x22\x2f\x3e\x3c\x2f\x73\x76\x67\x3e\
\x00\x00\x04\xa1\
\x00\
\x00\x13\x61\x78\x9c\xed\x58\x4b\x6f\xe3\x36\x10\xbe\xe7\x57\x08\
\xea\x25\x01\x2c\x9a\x0f\xbd\x63\x67\x51\x74\xd1\x53\xf6\xb6\x05\
\xda\xd3\x82\x91\x68\x59\x8d\x2c\x1a\x14\x6d\x25\xf9\xf5\x1d\xea\
\x6d\xaf\x6d\x6c\x76\x13\xa0\x87\x28\x08\x22\xce\x8b\x9c\x99\x6f\
\x86\x9a\x2c\x3e\x3d\x6d\x0a\x6b\x2f\x54\x95\xcb\x72\x69\x13\x84\
\x6d\x4b\x94\x89\x4c\xf3\x32\x5b\xda\x7f\x7d\xfd\xd3\x09\x6d\xab\
\xd2\xbc\x4c\x79\x21\x4b\xb1\xb4\x4b\x69\x7f\xba\xbb\x5a\x54\xfb\
\xec\xca\xb2\xac\xb5\xc8\xb3\xb5\x5e\xda\xd4\xb5\xcd\xb2\xce\x53\
\xbd\x1e\x56\x13\xab\xa4\x21\xe4\xe9\xd2\x06\x45\xd2\xb2\x2b\xd8\
\x64\x0b\xbf\x71\x2a\x93\x92\x6f\xc0\xb6\x12\xdf\xd2\x3c\xcb\x75\
\xfe\x22\xbe\x15\xb2\x40\x20\xdb\xea\x95\x8f\x55\xc2\xb7\x22\x9e\
\x58\xa4\x88\x5a\xd7\x0f\x98\x87\x6e\xe8\x7b\x2e\x99\x59\x14\x53\
\xea\x10\xea\x60\x72\xd3\x28\x81\x5f\x65\x15\xf7\xaa\x4b\x7b\xad\
\xf5\x36\x9e\xcf\xeb\xba\x46\x3d\x11\x49\x95\xcd\xcd\xd6\xd5\x96\
\x27\xa2\x9a\xf7\xf4\x89\x7e\x7f\xc8\x41\xbf\x27\xa0\x4a\xee\x54\
\x22\x56\x60\x42\xa0\x52\xe8\xf9\xe7\xaf\x9f\x07\xa6\x83\x51\xaa\
\xd3\xd1\xcc\xc1\xee\x35\x6b\xf6\xa5\x18\xe3\x79\xef\x61\xb7\xd9\
\x3e\xbb\x28\x79\x07\xa2\x8b\x54\xac\x2a\xa3\xd2\x86\xd3\xac\x48\
\xd8\x70\x80\xb7\xe1\xea\x51\xa8\x96\x0b\x01\xd6\xcf\x05\x38\x2e\
\x21\x6a\xab\x42\xd6\xf1\x3e\xaf\xf2\x87\x42\xdc\xda\xbd\x80\x31\
\xf0\xbb\x52\xb2\xa6\x5f\x44\x99\x0e\x64\x25\x56\x7f\x2f\x6d\x0c\
\x50\x98\x50\xfe\x39\xa4\x48\x95\x8b\x12\x12\xcf\x77\x5a\x8e\xf6\
\xfa\x3c\x55\x5a\x26\x8f\x67\xac\x0f\x42\x79\xd5\x88\x2d\x6d\xad\
\x76\xa2\xf3\x00\x7c\xd8\x72\xbd\xee\x65\x2d\x4b\x2b\x5e\x56\x10\
\xe4\x0d\x20\x27\xe1\x85\xb8\xc6\xc8\xbf\xb1\x94\xd4\x5c\x8b\x6b\
\x12\xe2\x9b\x56\xa2\x30\x4b\x3c\xc3\x37\xf6\xa8\x0a\xdb\x7f\xb1\
\x42\x14\x90\xd0\x0b\x83\x70\xe6\x22\xcc\x58\xc0\x3c\x6a\xdd\x5b\
\x0e\xa0\x07\x07\x34\x8c\xbc\x19\x38\x45\x7c\x4c\x18\xf5\x7c\x60\
\x74\xe2\xa1\x3b\x73\x40\x1e\x93\x00\x07\xa1\xf5\x87\xe5\xa3\x28\
\x60\x38\xc2\x78\xe6\x10\xe4\xd3\xc8\x77\xfd\xc8\x10\x43\x46\xdc\
\xc0\x9f\x01\x8d\x78\x81\xeb\x92\x93\xdb\xbd\x58\x93\x43\x75\x39\
\xa9\xb4\x92\x8f\x22\x4e\x64\xa9\xc5\x93\x76\xda\xe5\xed\x2a\x2f\
\x0a\x47\xed\x0a\x11\x8b\xbd\x28\x65\x9a\x36\x94\x63\xa9\xf6\x8f\
\xd3\xd4\x5a\x0c\xe1\xa0\x1e\x36\x4f\x4f\x2f\xf2\x52\xfc\x2b\xf3\
\x32\x56\x72\x57\xa6\xb7\x93\xbd\x4d\x42\x4c\x74\x19\x0b\x3d\xdb\
\x9a\x77\x98\x99\xb7\xa0\xf9\x79\x04\xb5\x2a\xcc\x77\xdd\xf7\x43\
\xd0\xfd\x1b\x22\x08\xba\xd1\x39\x04\x91\x0f\x04\xfd\x18\x82\x7c\
\x97\xfe\x12\x82\x4e\xb4\xa0\x7b\xb8\x65\x94\x7e\x47\x08\x1d\xda\
\x7f\x0b\x10\x7d\x00\xe7\x12\x70\x4e\x76\x9e\xc0\x7f\xc3\xce\xd3\
\x24\x96\xdc\xbf\xe7\xdd\x45\xde\xb2\xf3\x60\x14\x9e\xed\x3c\x14\
\x79\x87\x18\xea\x22\xf0\x9a\xc4\x5c\x4c\x17\x7c\xda\x6d\xf5\xed\
\x31\x48\x21\x2e\x06\x87\x80\x3f\x0f\xde\x1c\xaf\x79\x75\xda\xd3\
\x0c\xe4\x96\xda\x8b\x1e\x80\x6a\xcc\xac\x4f\xde\x3a\xb3\xf4\x5d\
\x33\xfb\x71\xa7\xfc\xcf\xee\x14\x16\x44\x27\x11\xb4\x98\x9b\x8f\
\xdc\xe6\x6d\x18\x19\xcc\x47\x7b\xba\xcf\x45\x3d\x7e\x09\x0f\x24\
\xe2\x77\xd6\xb7\x3c\x13\x89\x2c\xa4\x5a\xda\xbf\xad\x9a\xa7\x63\
\x3c\x48\x95\x0a\xd5\xb3\xfc\xe6\x39\x60\x49\x98\x07\x72\xfd\xdc\
\xce\x43\x57\x87\x00\x31\x56\xab\x35\x4f\x65\x0d\x83\xce\x29\xe6\
\xa0\x8c\x4f\x2b\x27\x6b\x91\x80\x6b\x0f\x92\x2b\x38\x76\x2f\x52\
\xad\x65\x9d\x29\xe3\xc8\x8a\x17\x95\x38\x56\x7c\x91\x12\xc0\x06\
\x75\x09\xa9\xa7\x5e\x78\xcc\x4e\x9e\x80\x19\x20\x86\x59\xf8\xdd\
\x99\x12\xe3\x07\x40\x20\x72\x09\x26\xc7\xcc\x3a\x2f\xc1\x13\xa7\
\x1b\xdc\x88\xe7\x46\x67\x24\xfa\x49\x2f\x08\xbe\xdb\xbc\x93\x80\
\x23\x50\x1a\x9d\xdb\xa1\x39\xc4\x39\xe6\x86\x3f\xe5\x1b\x98\xfa\
\x26\xf1\x18\x8f\xbf\x53\x0a\x8a\xda\x29\xf8\xb3\x50\xd3\xf9\x71\
\x5a\xd9\x25\xdf\x3a\x59\x21\x1f\x78\xd1\x15\xee\x29\x01\xc0\xae\
\xa8\xce\xc4\xb7\x11\x30\xd9\xb9\xa0\x2f\xf5\x1a\xe6\xcf\x4b\x06\
\x4c\x02\x2f\x0a\x68\xe9\x64\xbb\xfc\xc2\x31\x00\x05\x17\x01\x06\
\xaa\x8f\x3d\x70\x53\x62\x7e\xba\x9a\x59\x64\x63\x29\x64\xae\x17\
\xf5\x23\xe1\xb4\x71\x4d\xae\x94\xb8\x84\x69\xbe\xbf\x36\xa0\x3a\
\x38\x1f\x6b\xb5\xad\x61\xaf\x5f\xa6\x1c\x4e\xa3\x14\x7f\x6e\x74\
\x86\xca\x6d\x1a\x19\x45\x01\xa3\x24\xa4\x64\x46\x09\x62\x3e\xf6\
\xa3\xc0\x1a\xde\x66\x14\xb9\x98\x60\x0c\xd3\xc6\xb4\xb7\x9b\x13\
\x91\x81\x32\x96\x34\x64\x47\x3f\x6f\x4d\x68\x92\x64\x6c\x04\x4a\
\x24\xfa\xd4\xf9\xbb\x8a\x6e\xbb\x53\x57\x72\x31\x19\x3c\x22\x2b\
\x4e\x71\x78\xe8\x11\x5c\x6a\x3d\x61\x93\x6b\xa1\x0a\xc0\x9c\x8e\
\xdd\xd3\x7e\xf6\xd4\xc1\xf4\x81\x0f\xe6\x54\x94\xe2\xd1\xb1\xae\
\x80\x3c\x34\x92\xfa\x8a\x99\xd2\x4c\x8d\x20\xec\x91\xc8\x0b\xfc\
\x81\x68\x4a\xc3\x87\x98\x85\x6c\x9c\xa0\x86\x84\x0f\x57\x8d\x93\
\x40\x15\x08\x65\xca\x0c\x1a\x8b\x4f\x88\x1f\x78\x1e\xfd\x01\x05\
\x30\xef\x60\xc4\x02\xcc\x3c\xcf\x67\xbf\x1c\xd9\xd5\x6a\xda\xd7\
\xdf\x2d\xb2\x0e\xfb\x89\xd8\x42\x18\xdd\x20\x22\x2c\x3a\x88\x2d\
\x8a\x22\x46\x28\x65\xaf\x0b\xae\x1b\x91\x57\x06\x37\x70\xfb\x5a\
\x9c\x67\x77\x57\x0b\xf3\x2f\x9b\xbb\xab\xff\x00\xa7\x41\x74\xf0\
\
\x00\x00\x04\xdc\
\x00\
\x00\x12\xfa\x78\x9c\xed\x58\x4b\x6f\xe3\x36\x10\xbe\xe7\x57\x10\
\xda\x4b\x02\x58\x34\x49\x51\x12\xa5\xd8\x59\x14\x5d\x14\x3d\x64\
\x6f\xdb\xa2\x3d\x2d\x64\x89\xb2\xd5\xc8\xa2\x41\xd1\x76\x92\x5f\
\xbf\x43\xbd\xfc\x36\xfa\x48\x80\x1e\x62\x23\x88\x38\x2f\xce\x70\
\xbe\xe1\x68\x3c\xf9\xfc\xbc\x2c\xd1\x46\xea\xba\x50\xd5\xd4\xa1\
\x98\x38\x48\x56\xa9\xca\x8a\x6a\x3e\x75\x7e\xfb\xf6\x8b\x2b\x1c\
\x54\x9b\xa4\xca\x92\x52\x55\x72\xea\x54\xca\xf9\xfc\x70\x33\xa9\
\x37\xf3\x1b\x84\xd0\x42\x16\xf3\x85\x99\x3a\x8c\x3b\x76\xb9\x2d\
\x32\xb3\x18\x56\x7b\x56\x69\x43\x28\xb2\xa9\x03\x8a\xb4\x65\xd7\
\xb0\xc9\x0a\xfe\xe2\x4c\xa5\x55\xb2\x04\xdb\xf5\x42\x6d\xbf\xaf\
\x54\xf9\x3d\x2b\xf2\x5c\x6a\xf0\x43\x62\x90\x6f\x75\xab\xa7\x3a\
\x4d\x56\x32\xde\xb3\xca\x30\x43\xb7\x33\x92\x08\x2e\x02\x9f\xd3\
\x11\x62\x84\x31\x97\x32\x97\xd0\xbb\x46\x09\x62\xab\xea\xb8\x57\
\x9d\x3a\x0b\x63\x56\xf1\x78\xbc\xdd\x6e\x71\x4f\xc4\x4a\xcf\xc7\
\x76\xfb\x7a\x95\xa4\xb2\x1e\xf7\xf4\x3d\xfd\xde\xd1\x41\xbf\x27\
\xe0\x5a\xad\x75\x2a\x73\x30\x21\x71\x25\xcd\xf8\xcb\xb7\x2f\x03\
\xd3\x25\x38\x33\xd9\xce\xcc\xc1\xee\x5b\xaf\xd9\x97\x11\x42\xc6\
\x7d\x84\xdd\x66\x9b\xf9\x55\xc9\x07\x10\x9d\x64\x32\xaf\xad\x4a\
\x7b\xa4\x76\x45\x45\xc3\x01\xde\x32\xd1\x4f\x52\xb7\x5c\x38\x64\
\xf3\x52\x42\xe0\x0a\x4e\x2d\x2f\xd5\x36\xde\x14\x75\x31\x2b\xe5\
\xbd\xd3\x0b\x58\x03\x3f\x69\xad\xb6\xec\xab\xac\xb2\x81\xac\x65\
\xfe\xc7\xd4\x21\x00\x87\x3d\xca\x9f\x87\x14\xa5\x0b\x59\x41\xf2\
\x93\xb5\x51\x3b\x7b\x7d\x9e\x6a\xa3\xd2\xa7\x0b\xd6\x07\xa1\xa2\
\x6e\xc4\xa6\x8e\xd1\x6b\xd9\x45\x00\x31\xac\x12\xb3\xe8\x65\x11\
\x32\x3a\xa9\x6a\x38\xe4\x25\x20\x24\x4d\x4a\x79\x4b\x70\x70\x87\
\xb4\x32\x89\x91\xb7\x54\x90\xbb\x56\xa2\xb4\x4b\x32\x22\x77\xce\
\x4e\x15\xb6\xff\x8a\x04\x0e\xa9\xf0\x45\x28\x46\x1c\x13\xcf\x0b\
\x3d\x9f\xa1\x47\xe4\x02\x7a\x48\xc8\x44\xe4\x8f\x20\x28\x1a\x10\
\xea\x31\x3f\x00\x46\x27\x2e\xf8\xc8\x05\x79\x42\x43\x12\x0a\xf4\
\x33\x0a\x70\x14\x7a\x24\x22\x64\xe4\x52\x1c\xb0\x28\xe0\x41\x64\
\x89\xc2\xa3\x3c\x0c\x46\x40\xa3\x7e\xc8\x39\x3d\xbb\xdd\x2b\xda\
\x73\xaa\xcb\x49\x6d\xb4\x7a\x92\x71\xaa\x2a\x23\x9f\x8d\xdb\x2e\
\xef\xf3\xa2\x2c\x5d\xbd\x2e\x65\x2c\x37\xb2\x52\x59\xd6\x50\x8e\
\xa5\xda\x7f\x6e\x53\x6f\x31\x1c\x07\xf3\x89\xfd\xf4\xf4\xb2\xa8\
\xe4\x5f\xaa\xa8\x62\xad\xd6\x55\x76\xbf\xb7\xb7\x4d\x88\x3d\x5d\
\xcf\x13\xbe\x83\xc6\x1d\x66\xc6\x2d\x68\xfe\x3d\x82\x5a\x15\x2f\
\xe0\xfc\xfd\x10\xf4\xf8\x86\x08\x82\x1b\xe9\x12\x82\xe8\x07\x82\
\xfe\x1e\x82\x02\xce\xfe\x13\x82\xce\x5c\x41\x8f\xd0\x69\xb4\x79\
\x47\x08\x1d\xda\x7f\x0b\x10\x7d\x00\xe7\x1a\x70\xce\xde\x3c\x61\
\xf0\x86\x37\x4f\x93\x58\xfa\xf8\x9e\xbd\x8b\xbe\xe5\xcd\x43\xb0\
\xb8\x78\xf3\x30\xec\x1f\x62\xa8\x3b\x81\x7f\x92\x98\xab\xe9\x82\
\xd7\xbb\x95\xb9\x3f\x06\x29\x9c\x8b\xc5\x21\xe0\xcf\x87\x27\xd7\
\x6f\x1e\xdd\xd6\x9b\x81\xdc\x52\x7b\xd1\x03\x50\xed\x32\x1b\xd0\
\xb7\xce\x2c\x7b\xd7\xcc\x7e\xf4\x94\xff\x59\x4f\xf1\xc2\xe8\x2c\
\x82\x26\x63\xfb\x92\xdb\x3c\x0d\x63\x83\x7d\x69\xcf\x36\x85\xdc\
\xee\xde\x84\x07\x12\x0d\x3a\xeb\xab\x64\x2e\x53\x55\x2a\x3d\x75\
\x3e\xe5\xcd\xa7\x63\xcc\x94\xce\xa4\xee\x59\x41\xf3\x39\x60\x29\
\x98\x07\x0a\xf3\xd2\xce\x44\x37\x87\x00\xb1\x56\xeb\x45\x92\xa9\
\x2d\x0c\x3b\xe7\x98\x83\x32\x39\xaf\x9c\x2e\x64\x0a\xa1\xcd\x54\
\xa2\xc1\xed\x5e\xc4\xce\x3f\x73\x6d\x03\xc9\x93\xb2\x96\xc7\x8a\
\xaf\x4a\x01\xd8\x7c\x1c\x51\xeb\x6c\x78\xcc\x4e\x9f\xa7\x8e\xcb\
\x6d\xee\xfd\x88\xfa\x27\x5c\x70\x86\xc1\xc8\x14\xf9\x61\x78\xc2\
\xdc\x16\x15\xc4\xe2\x76\xe3\x1b\x8d\xd8\x89\xd3\x9d\x44\x3f\xef\
\x51\xc2\xc5\x05\x11\xf0\xc2\x13\xfc\x92\x81\x97\x5d\xb4\xc7\xac\
\x65\xf2\x5c\x2c\x8b\x57\x09\xe1\xd3\x13\xef\xd7\x1a\xc6\x41\xe3\
\x96\xc9\x8b\xd4\xfb\x43\xe4\x7e\x69\x57\xc9\xca\x9d\x97\x6a\x96\
\x94\x5d\xe5\x9e\x13\x00\xf0\xca\xfa\xc2\x01\x37\x02\x36\x3d\x57\
\xf4\x95\x59\xc0\x00\x7a\xcd\x80\xcd\xe0\x55\x01\xa3\xdc\xf9\xba\
\xb8\xe2\x06\xc0\xe0\x2a\xc2\x40\xf5\xa9\x47\x6e\x46\xed\xb7\x2b\
\x9a\x49\x5a\xe8\xb4\x94\x37\xfb\x05\xdd\x14\x6a\x05\xb3\x7b\x5b\
\xc4\x1d\x32\x63\xda\xf7\x8b\x4f\x64\x16\xf0\x5d\x91\xb6\xc5\xeb\
\xf5\xcb\x2c\x01\x2f\xb4\x4e\x5e\x5a\x13\x7b\x54\x95\xe7\xb5\x34\
\xf1\xa0\x38\x18\x76\x76\xf5\x68\x6b\x9a\x72\xd1\xe3\xcd\x22\x94\
\x0a\x1c\xf1\x80\x44\x5e\x4f\x7b\xb1\x90\x26\xbe\x17\x11\xa8\xfd\
\x96\x06\x71\x79\xd8\xef\x48\x5d\x64\x5a\xa6\xe6\x34\xae\xae\xa6\
\x2f\x85\xc6\x44\x1e\x11\xef\x42\x68\xcb\xc2\x48\x5d\x02\xe4\x4c\
\xcc\xaf\x87\x7b\x2e\x34\xeb\x0f\x63\xa4\x0f\xad\x2b\x9d\x00\x07\
\xf6\x97\x88\x81\xdc\xd7\xcb\x31\xdd\x1e\x04\xee\x17\xf6\x8e\xf1\
\xb1\xf0\xb8\x2f\xa2\xe3\x54\x0f\x5d\xc6\x4d\x01\xff\x52\xdb\xf2\
\x82\x3b\x25\xe4\x94\x09\x9f\x9c\xd4\xe0\x89\x38\xd8\x76\x09\xe6\
\x5c\x40\x43\xf0\x78\x7f\x98\xbb\x4e\x66\x67\x37\x14\x62\xe8\x1b\
\x24\xf4\xd8\x88\x72\xec\x47\xd0\x5a\x42\x64\x1f\xa0\x13\x09\x61\
\xfb\x8d\x7d\x14\xe8\x57\x68\x22\x22\x62\x41\xe4\x79\xe8\xf7\x9d\
\x12\xd0\x69\x00\x3d\x05\x84\x42\xa0\x43\x28\x14\xc8\x8d\x3c\xf5\
\x70\x14\x41\x13\xb0\xf2\x94\x82\x1b\x30\x75\xa2\x12\x75\x16\xc3\
\xc8\x1b\x75\x4f\x21\x7a\x3d\x82\x8d\x08\xfa\xe0\x0e\x1a\xd3\xd0\
\x5c\xc2\xc0\xbf\x90\xb4\x16\x18\x33\x6e\xbf\x47\xc0\x68\xe2\x9f\
\xd8\xdf\x51\x1e\x6e\x7e\x00\x1b\xfb\x56\xed\
\x00\x00\x02\x49\
\x3c\
\x73\x76\x67\x20\x68\x65\x69\x67\x68\x74\x3d\x22\x31\x36\x22\x20\
\x76\x69\x65\x77\x42\x6f\x78\x3d\x22\x30\x20\x30\x20\x34\x2e\x32\
\x33\x33\x20\x34\x2e\x32\x33\x33\x22\x20\x77\x69\x64\x74\x68\x3d\
\x22\x31\x36\x22\x20\x78\x6d\x6c\x6e\x73\x3d\x22\x68\x74\x74\x70\
\x3a\x2f\x2f\x77\x77\x77\x2e\x77\x33\x2e\x6f\x72\x67\x2f\x32\x30\
\x30\x30\x2f\x73\x76\x67\x22\x3e\x3c\x67\x20\x66\x69\x6c\x6c\x2d\
\x72\x75\x6c\x65\x3d\x22\x65\x76\x65\x6e\x6f\x64\x64\x22\x3e\x3c\
\x67\x3e\x3c\x70\x61\x74\x68\x20\x64\x3d\x22\x6d\x32\x2e\x37\x37\
\x38\x20\x32\x2e\x31\x31\x37\x2d\x32\x2e\x33\x38\x31\x2d\x31\x2e\
\x37\x32\x76\x33\x2e\x34\x34\x7a\x22\x20\x66\x69\x6c\x6c\x3d\x22\
\x23\x36\x64\x39\x37\x63\x34\x22\x20\x73\x74\x72\x6f\x6b\x65\x3d\
\x22\x23\x34\x31\x35\x61\x37\x35\x22\x20\x73\x74\x72\x6f\x6b\x65\
\x2d\x6c\x69\x6e\x65\x63\x61\x70\x3d\x22\x72\x6f\x75\x6e\x64\x22\
\x20\x73\x74\x72\x6f\x6b\x65\x2d\x6c\x69\x6e\x65\x6a\x6f\x69\x6e\
\x3d\x22\x72\x6f\x75\x6e\x64\x22\x20\x73\x74\x72\x6f\x6b\x65\x2d\
\x77\x69\x64\x74\x68\x3d\x22\x2e\x32\x36\x35\x22\x2f\x3e\x3c\x70\
\x61\x74\x68\x20\x64\x3d\x22\x6d\x32\x2e\x35\x35\x33\x20\x32\x2e\
\x31\x31\x39\x2d\x32\x2e\x30\x32\x33\x2d\x31\x2e\x34\x36\x76\x2e\
\x32\x33\x39\x6c\x31\x2e\x38\x35\x32\x20\x31\x2e\x33\x34\x35\x7a\
\x22\x20\x66\x69\x6c\x6c\x3d\x22\x23\x66\x66\x66\x22\x20\x66\x69\
\x6c\x6c\x2d\x6f\x70\x61\x63\x69\x74\x79\x3d\x22\x2e\x35\x32\x39\
\x22\x2f\x3e\x3c\x2f\x67\x3e\x3c\x67\x3e\x3c\x70\x61\x74\x68\x20\
\x64\x3d\x22\x6d\x33\x2e\x38\x33\x36\x20\x32\x2e\x31\x31\x37\x2d\
\x32\x2e\x33\x38\x2d\x31\x2e\x37\x32\x76\x33\x2e\x34\x34\x7a\x22\
\x20\x66\x69\x6c\x6c\x3d\x22\x23\x36\x64\x39\x37\x63\x34\x22\x20\
\x73\x74\x72\x6f\x6b\x65\x3d\x22\x23\x34\x31\x35\x61\x37\x35\x22\
\x20\x73\x74\x72\x6f\x6b\x65\x2d\x6c\x69\x6e\x65\x63\x61\x70\x3d\
\x22\x72\x6f\x75\x6e\x64\x22\x20\x73\x74\x72\x6f\x6b\x65\x2d\x6c\
\x69\x6e\x65\x6a\x6f\x69\x6e\x3d\x22\x72\x6f\x75\x6e\x64\x22\x20\
\x73\x74\x72\x6f\x6b\x65\x2d\x77\x69\x64\x74\x68\x3d\x22\x2e\x32\
\x36\x35\x22\x2f\x3e\x3c\x70\x61\x74\x68\x20\x64\x3d\x22\x6d\x33\
\x2e\x36\x31\x32\x20\x32\x2e\x31\x31\x39\x2d\x32\x2e\x30\x32\x35\
\x2d\x31\x2e\x34\x36\x76\x2e\x32\x33\x39\x6c\x31\x2e\x38\x35\x33\
\x20\x31\x2e\x33\x34\x35\x7a\x22\x20\x66\x69\x6c\x6c\x3d\x22\x23\
\x66\x66\x66\x22\x20\x66\x69\x6c\x6c\x2d\x6f\x70\x61\x63\x69\x74\
\x79\x3d\x22\x2e\x35\x32\x39\x22\x2f\x3e\x3c\x2f\x67\x3e\x3c\x2f\
\x67\x3e\x3c\x2f\x73\x76\x67\x3e\
\x00\x00\x03\x65\
\x3c\
\x73\x76\x67\x20\x68\x65\x69\x67\x68\x74\x3d\x22\x32\x34\x22\x20\
\x76\x69\x65\x77\x42\x6f\x78\x3d\x22\x30\x20\x30\x20\x36\x2e\x33\
\x35\x20\x36\x2e\x33\x35\x22\x20\x77\x69\x64\x74\x68\x3d\x22\x32\
\x34\x22\x20\x78\x6d\x6c\x6e\x73\x3d\x22\x68\x74\x74\x70\x3a\x2f\
\x2f\x77\x77\x77\x2e\x77\x33\x2e\x6f\x72\x67\x2f\x32\x30\x30\x30\
\x2f\x73\x76\x67\x22\x3e\x3c\x70\x61\x74\x68\x20\x64\x3d\x22\x6d\
\x31\x2e\x31\x39\x31\x2e\x36\x36\x31\x68\x34\x2e\x34\x39\x38\x76\
\x34\x2e\x34\x39\x38\x68\x2d\x34\x2e\x34\x39\x38\x7a\x22\x20\x66\
\x69\x6c\x6c\x3d\x22\x23\x66\x66\x66\x22\x20\x73\x74\x72\x6f\x6b\
\x65\x3d\x22\x23\x37\x37\x37\x22\x20\x73\x74\x72\x6f\x6b\x65\x2d\
\x77\x69\x64\x74\x68\x3d\x22\x2e\x32\x36\x35\x22\x2f\x3e\x3c\x70\
\x61\x74\x68\x20\x64\x3d\x22\x6d\x31\x2e\x33\x32\x33\x20\x31\x2e\
\x31\x39\x68\x34\x2e\x32\x33\x33\x22\x20\x66\x69\x6c\x6c\x3d\x22\
\x23\x36\x33\x36\x33\x36\x33\x22\x20\x73\x74\x72\x6f\x6b\x65\x3d\
\x22\x23\x37\x37\x37\x22\x20\x73\x74\x72\x6f\x6b\x65\x2d\x77\x69\
\x64\x74\x68\x3d\x22\x2e\x37\x39\x34\x22\x2f\x3e\x3c\x70\x61\x74\
\x68\x20\x64\x3d\x22\x6d\x31\x2e\x39\x31\x32\x20\x32\x2e\x39\x31\
\x68\x2e\x38\x34\x39\x6d\x2d\x2e\x38\x34\x39\x2e\x35\x31\x68\x2e\
\x38\x34\x39\x6d\x2d\x2e\x38\x34\x39\x2e\x35\x30\x39\x68\x2e\x38\
\x34\x39\x6d\x2d\x2e\x38\x34\x39\x2e\x35\x30\x39\x68\x2e\x38\x34\
\x39\x22\x20\x66\x69\x6c\x6c\x3d\x22\x6e\x6f\x6e\x65\x22\x20\x73\
\x74\x72\x6f\x6b\x65\x3d\x22\x23\x36\x65\x39\x37\x63\x34\x22\x20\
\x73\x74\x72\x6f\x6b\x65\x2d\x77\x69\x64\x74\x68\x3d\x22\x2e\x31\
\x34\x38\x22\x2f\x3e\x3c\x70\x61\x74\x68\x20\x64\x3d\x22\x6d\x2e\
\x36\x36\x31\x20\x32\x2e\x37\x37\x38\x68\x33\x2e\x39\x36\x39\x76\
\x32\x2e\x39\x31\x68\x2d\x33\x2e\x39\x36\x39\x7a\x22\x20\x66\x69\
\x6c\x6c\x3d\x22\x23\x66\x66\x66\x22\x20\x73\x74\x72\x6f\x6b\x65\
\x3d\x22\x23\x37\x37\x37\x22\x20\x73\x74\x72\x6f\x6b\x65\x2d\x77\
\x69\x64\x74\x68\x3d\x22\x2e\x32\x36\x35\x22\x2f\x3e\x3c\x70\x61\
\x74\x68\x20\x64\x3d\x22\x6d\x2e\x37\x39\x34\x20\x33\x2e\x34\x34\
\x68\x33\x2e\x37\x30\x34\x76\x32\x2e\x31\x31\x36\x68\x2d\x33\x2e\
\x37\x30\x34\x7a\x22\x20\x66\x69\x6c\x6c\x3d\x22\x23\x65\x36\x65\
\x36\x65\x36\x22\x2f\x3e\x3c\x70\x61\x74\x68\x20\x64\x3d\x22\x6d\
\x2e\x37\x39\x34\x20\x32\x2e\x39\x31\x68\x33\x2e\x37\x30\x34\x76\
\x2e\x37\x39\x34\x68\x2d\x33\x2e\x37\x30\x34\x7a\x22\x20\x66\x69\
\x6c\x6c\x3d\x22\x23\x62\x61\x64\x39\x65\x63\x22\x2f\x3e\x3c\x67\
\x20\x66\x69\x6c\x6c\x3d\x22\x6e\x6f\x6e\x65\x22\x20\x73\x74\x72\
\x6f\x6b\x65\x3d\x22\x23\x36\x65\x39\x37\x63\x34\x22\x20\x73\x74\
\x72\x6f\x6b\x65\x2d\x77\x69\x64\x74\x68\x3d\x22\x2e\x32\x36\x35\
\x22\x3e\x3c\x70\x61\x74\x68\x20\x64\x3d\x22\x6d\x31\x2e\x33\x32\
\x33\x20\x33\x2e\x33\x30\x37\x68\x2e\x37\x39\x34\x22\x2f\x3e\x3c\
\x70\x61\x74\x68\x20\x64\x3d\x22\x6d\x32\x2e\x36\x34\x36\x20\x33\
\x2e\x33\x30\x37\x68\x31\x2e\x33\x32\x33\x22\x2f\x3e\x3c\x70\x61\
\x74\x68\x20\x64\x3d\x22\x6d\x31\x2e\x33\x32\x33\x20\x34\x2e\x31\
\x30\x31\x68\x2e\x37\x39\x34\x22\x2f\x3e\x3c\x70\x61\x74\x68\x20\
\x64\x3d\x22\x6d\x32\x2e\x36\x34\x36\x20\x34\x2e\x31\x30\x31\x68\
\x31\x2e\x33\x32\x33\x22\x2f\x3e\x3c\x70\x61\x74\x68\x20\x64\x3d\
\x22\x6d\x31\x2e\x33\x32\x33\x20\x34\x2e\x36\x33\x68\x2e\x37\x39\
\x34\x22\x2f\x3e\x3c\x70\x61\x74\x68\x20\x64\x3d\x22\x6d\x32\x2e\
\x36\x34\x36\x20\x34\x2e\x36\x33\x68\x31\x2e\x33\x32\x33\x22\x2f\
\x3e\x3c\x70\x61\x74\x68\x20\x64\x3d\x22\x6d\x31\x2e\x33\x32\x33\
\x20\x35\x2e\x31\x36\x68\x2e\x37\x39\x34\x22\x2f\x3e\x3c\x70\x61\
\x74\x68\x20\x64\x3d\x22\x6d\x32\x2e\x36\x34\x36\x20\x35\x2e\x31\
\x36\x68\x31\x2e\x33\x32\x33\x22\x2f\x3e\x3c\x2f\x67\x3e\x3c\x2f\
\x73\x76\x67\x3e\
\x00\x00\x21\xb4\
\x3c\
\x3f\x78\x6d\x6c\x20\x76\x65\x72\x73\x69\x6f\x6e\x3d\x22\x31\x2e\
\x30\x22\x20\x65\x6e\x63\x6f\x64\x69\x6e\x67\x3d\x22\x55\x54\x46\
\x2d\x38\x22\x20\x73\x74\x61\x6e\x64\x61\x6c\x6f\x6e\x65\x3d\x22\
\x6e\x6f\x22\x3f\x3e\x0a\x3c\x73\x76\x67\x0a\x20\x20\x20\x68\x65\
\x69\x67\x68\x74\x3d\x22\x32\x34\x22\x0a\x20\x20\x20\x77\x69\x64\
\x74\x68\x3d\x22\x32\x34\x22\x0a\x20\x20\x20\x76\x65\x72\x73\x69\
\x6f\x6e\x3d\x22\x31\x2e\x31\x22\x0a\x20\x20\x20\x69\x64\x3d\x22\
\x73\x76\x67\x36\x37\x33\x22\x0a\x20\x20\x20\x73\x6f\x64\x69\x70\
\x6f\x64\x69\x3a\x64\x6f\x63\x6e\x61\x6d\x65\x3d\x22\x73\x68\x6f\
\x77\x5f\x67\x70\x6b\x67\x5f\x6c\x61\x79\x65\x72\x73\x2e\x73\x76\
\x67\x22\x0a\x20\x20\x20\x69\x6e\x6b\x73\x63\x61\x70\x65\x3a\x76\
\x65\x72\x73\x69\x6f\x6e\x3d\x22\x31\x2e\x32\x2e\x32\x20\x28\x62\
\x30\x61\x38\x34\x38\x36\x35\x34\x31\x2c\x20\x32\x30\x32\x32\x2d\
\x31\x32\x2d\x30\x31\x29\x22\x0a\x20\x20\x20\x78\x6d\x6c\x6e\x73\
\x3a\x69\x6e\x6b\x73\x63\x61\x70\x65\x3d\x22\x68\x74\x74\x70\x3a\
\x2f\x2f\x77\x77\x77\x2e\x69\x6e\x6b\x73\x63\x61\x70\x65\x2e\x6f\
\x72\x67\x2f\x6e\x61\x6d\x65\x73\x70\x61\x63\x65\x73\x2f\x69\x6e\
\x6b\x73\x63\x61\x70\x65\x22\x0a\x20\x20\x20\x78\x6d\x6c\x6e\x73\
\x3a\x73\x6f\x64\x69\x70\x6f\x64\x69\x3d\x22\x68\x74\x74\x70\x3a\
\x2f\x2f\x73\x6f\x64\x69\x70\x6f\x64\x69\x2e\x73\x6f\x75\x72\x63\
\x65\x66\x6f\x72\x67\x65\x2e\x6e\x65\x74\x2f\x44\x54\x44\x2f\x73\
\x6f\x64\x69\x70\x6f\x64\x69\x2d\x30\x2e\x64\x74\x64\x22\x0a\x20\
\x20\x20\x78\x6d\x6c\x6e\x73\x3d\x22\x68\x74\x74\x70\x3a\x2f\x2f\
\x77\x77\x77\x2e\x77\x33\x2e\x6f\x72\x67\x2f\x32\x30\x30\x30\x2f\
\x73\x76\x67\x22\x0a\x20\x20\x20\x78\x6d\x6c\x6e\x73\x3a\x73\x76\
\x67\x3d\x22\x68\x74\x74\x70\x3a\x2f\x2f\x77\x77\x77\x2e\x77\x33\
\x2e\x6f\x72\x67\x2f\x32\x30\x30\x30\x2f\x73\x76\x67\x22\x3e\x0a\
\x20\x20\x3c\x64\x65\x66\x73\x0a\x20\x20\x20\x20\x20\x69\x64\x3d\
\x22\x64\x65\x66\x73\x36\x37\x37\x22\x20\x2f\x3e\x0a\x20\x20\x3c\
\x73\x6f\x64\x69\x70\x6f\x64\x69\x3a\x6e\x61\x6d\x65\x64\x76\x69\
\x65\x77\x0a\x20\x20\x20\x20\x20\x69\x64\x3d\x22\x6e\x61\x6d\x65\
\x64\x76\x69\x65\x77\x36\x37\x35\x22\x0a\x20\x20\x20\x20\x20\x70\
\x61\x67\x65\x63\x6f\x6c\x6f\x72\x3d\x22\x23\x66\x66\x66\x66\x66\
\x66\x22\x0a\x20\x20\x20\x20\x20\x62\x6f\x72\x64\x65\x72\x63\x6f\
\x6c\x6f\x72\x3d\x22\x23\x30\x30\x30\x30\x30\x30\x22\x0a\x20\x20\
\x20\x20\x20\x62\x6f\x72\x64\x65\x72\x6f\x70\x61\x63\x69\x74\x79\
\x3d\x22\x30\x2e\x32\x35\x22\x0a\x20\x20\x20\x20\x20\x69\x6e\x6b\
\x73\x63\x61\x70\x65\x3a\x73\x68\x6f\x77\x70\x61\x67\x65\x73\x68\
\x61\x64\x6f\x77\x3d\x22\x32\x22\x0a\x20\x20\x20\x20\x20\x69\x6e\
\x6b\x73\x63\x61\x70\x65\x3a\x70\x61\x67\x65\x6f\x70\x61\x63\x69\
\x74\x79\x3d\x22\x30\x2e\x30\x22\x0a\x20\x20\x20\x20\x20\x69\x6e\
\x6b\x73\x63\x61\x70\x65\x3a\x70\x61\x67\x65\x63\x68\x65\x63\x6b\
\x65\x72\x62\x6f\x61\x72\x64\x3d\x22\x30\x22\x0a\x20\x20\x20\x20\
\x20\x69\x6e\x6b\x73\x63\x61\x70\x65\x3a\x64\x65\x73\x6b\x63\x6f\
\x6c\x6f\x72\x3d\x22\x23\x64\x31\x64\x31\x64\x31\x22\x0a\x20\x20\
\x20\x20\x20\x73\x68\x6f\x77\x67\x72\x69\x64\x3d\x22\x66\x61\x6c\
\x73\x65\x22\x0a\x20\x20\x20\x20\x20\x69\x6e\x6b\x73\x63\x61\x70\
\x65\x3a\x7a\x6f\x6f\x6d\x3d\x22\x32\x34\x2e\x36\x38\x39\x38\x31\
\x32\x22\x0a\x20\x20\x20\x20\x20\x69\x6e\x6b\x73\x63\x61\x70\x65\
\x3a\x63\x78\x3d\x22\x38\x2e\x30\x38\x30\x32\x35\x36\x22\x0a\x20\
\x20\x20\x20\x20\x69\x6e\x6b\x73\x63\x61\x70\x65\x3a\x63\x79\x3d\
\x22\x39\x2e\x38\x30\x31\x36\x31\x33\x38\x22\x0a\x20\x20\x20\x20\
\x20\x69\x6e\x6b\x73\x63\x61\x70\x65\x3a\x77\x69\x6e\x64\x6f\x77\
\x2d\x77\x69\x64\x74\x68\x3d\x22\x31\x39\x32\x30\x22\x0a\x20\x20\
\x20\x20\x20\x69\x6e\x6b\x73\x63\x61\x70\x65\x3a\x77\x69\x6e\x64\
\x6f\x77\x2d\x68\x65\x69\x67\x68\x74\x3d\x22\x31\x30\x34\x38\x22\
\x0a\x20\x20\x20\x20\x20\x69\x6e\x6b\x73\x63\x61\x70\x65\x3a\x77\
\x69\x6e\x64\x6f\x77\x2d\x78\x3d\x22\x33\x38\x34\x30\x22\x0a\x20\
\x20\x20\x20\x20\x69\x6e\x6b\x73\x63\x61\x70\x65\x3a\x77\x69\x6e\
\x64\x6f\x77\x2d\x79\x3d\x22\x30\x22\x0a\x20\x20\x20\x20\x20\x69\
\x6e\x6b\x73\x63\x61\x70\x65\x3a\x77\x69\x6e\x64\x6f\x77\x2d\x6d\
\x61\x78\x69\x6d\x69\x7a\x65\x64\x3d\x22\x31\x22\x0a\x20\x20\x20\
\x20\x20\x69\x6e\x6b\x73\x63\x61\x70\x65\x3a\x63\x75\x72\x72\x65\
\x6e\x74\x2d\x6c\x61\x79\x65\x72\x3d\x22\x73\x76\x67\x36\x37\x33\
\x22\x20\x2f\x3e\x0a\x20\x20\x3c\x67\x0a\x20\x20\x20\x20\x20\x66\
\x69\x6c\x6c\x3d\x22\x6e\x6f\x6e\x65\x22\x0a\x20\x20\x20\x20\x20\
\x66\x69\x6c\x6c\x2d\x72\x75\x6c\x65\x3d\x22\x65\x76\x65\x6e\x6f\
\x64\x64\x22\x0a\x20\x20\x20\x20\x20\x73\x74\x72\x6f\x6b\x65\x2d\
\x77\x69\x64\x74\x68\x3d\x22\x30\x2e\x39\x33\x34\x22\x0a\x20\x20\
\x20\x20\x20\x69\x64\x3d\x22\x67\x36\x36\x31\x22\x0a\x20\x20\x20\
\x20\x20\x74\x72\x61\x6e\x73\x66\x6f\x72\x6d\x3d\x22\x6d\x61\x74\
\x72\x69\x78\x28\x30\x2e\x35\x35\x35\x38\x31\x31\x38\x2c\x30\x2c\
\x30\x2c\x30\x2e\x35\x35\x35\x38\x31\x31\x38\x2c\x31\x30\x2e\x37\
\x35\x31\x35\x32\x33\x2c\x31\x30\x2e\x39\x33\x38\x39\x33\x39\x29\
\x22\x3e\x0a\x20\x20\x20\x20\x3c\x70\x61\x74\x68\x0a\x20\x20\x20\
\x20\x20\x20\x20\x64\x3d\x22\x6d\x20\x32\x32\x2e\x38\x2c\x36\x2e\
\x38\x35\x34\x20\x76\x20\x38\x2e\x33\x31\x20\x4c\x20\x31\x31\x2e\
\x39\x34\x2c\x38\x2e\x36\x38\x35\x20\x56\x20\x30\x2e\x33\x37\x36\
\x20\x5a\x22\x0a\x20\x20\x20\x20\x20\x20\x20\x66\x69\x6c\x6c\x3d\
\x22\x23\x38\x30\x36\x36\x30\x30\x22\x0a\x20\x20\x20\x20\x20\x20\
\x20\x69\x64\x3d\x22\x70\x61\x74\x68\x36\x33\x33\x22\x20\x2f\x3e\
\x0a\x20\x20\x20\x20\x3c\x70\x61\x74\x68\x0a\x20\x20\x20\x20\x20\
\x20\x20\x64\x3d\x22\x6d\x20\x30\x2e\x32\x35\x2c\x30\x2e\x35\x36\
\x39\x20\x76\x20\x37\x2e\x31\x38\x20\x6c\x20\x39\x2e\x36\x34\x32\
\x2c\x35\x2e\x37\x35\x34\x20\x76\x20\x2d\x37\x2e\x31\x38\x20\x7a\
\x22\x0a\x20\x20\x20\x20\x20\x20\x20\x73\x74\x72\x6f\x6b\x65\x3d\
\x22\x23\x30\x30\x30\x30\x30\x30\x22\x0a\x20\x20\x20\x20\x20\x20\
\x20\x73\x74\x72\x6f\x6b\x65\x2d\x77\x69\x64\x74\x68\x3d\x22\x30\
\x2e\x34\x36\x37\x22\x0a\x20\x20\x20\x20\x20\x20\x20\x74\x72\x61\
\x6e\x73\x66\x6f\x72\x6d\x3d\x22\x6d\x61\x74\x72\x69\x78\x28\x2d\
\x31\x2e\x30\x37\x30\x38\x35\x2c\x30\x2c\x30\x2c\x2d\x31\x2e\x30\
\x37\x30\x32\x37\x2c\x32\x32\x2e\x38\x2c\x31\x35\x2e\x33\x29\x22\
\x0a\x20\x20\x20\x20\x20\x20\x20\x69\x64\x3d\x22\x70\x61\x74\x68\
\x36\x33\x35\x22\x20\x2f\x3e\x0a\x20\x20\x20\x20\x3c\x70\x61\x74\
\x68\x0a\x20\x20\x20\x20\x20\x20\x20\x64\x3d\x22\x6d\x20\x31\x2e\
\x30\x38\x2c\x36\x2e\x38\x35\x34\x20\x76\x20\x38\x2e\x33\x31\x20\
\x4c\x20\x31\x31\x2e\x39\x34\x2c\x38\x2e\x36\x38\x36\x20\x76\x20\
\x2d\x38\x2e\x33\x31\x20\x7a\x22\x0a\x20\x20\x20\x20\x20\x20\x20\
\x66\x69\x6c\x6c\x3d\x22\x23\x38\x30\x36\x36\x30\x30\x22\x0a\x20\
\x20\x20\x20\x20\x20\x20\x69\x64\x3d\x22\x70\x61\x74\x68\x36\x33\
\x37\x22\x20\x2f\x3e\x0a\x20\x20\x20\x20\x3c\x70\x61\x74\x68\x0a\
\x20\x20\x20\x20\x20\x20\x20\x64\x3d\x22\x6d\x20\x31\x30\x2e\x33\
\x39\x32\x2c\x30\x2e\x35\x36\x39\x20\x76\x20\x37\x2e\x31\x38\x20\
\x6c\x20\x39\x2e\x36\x34\x31\x2c\x35\x2e\x37\x35\x34\x20\x76\x20\
\x2d\x37\x2e\x31\x38\x20\x7a\x22\x0a\x20\x20\x20\x20\x20\x20\x20\
\x73\x74\x72\x6f\x6b\x65\x3d\x22\x23\x30\x30\x30\x30\x30\x30\x22\
\x0a\x20\x20\x20\x20\x20\x20\x20\x73\x74\x72\x6f\x6b\x65\x2d\x77\
\x69\x64\x74\x68\x3d\x22\x30\x2e\x34\x36\x37\x22\x0a\x20\x20\x20\
\x20\x20\x20\x20\x74\x72\x61\x6e\x73\x66\x6f\x72\x6d\x3d\x22\x6d\
\x61\x74\x72\x69\x78\x28\x31\x2e\x30\x37\x30\x38\x35\x2c\x30\x2c\
\x30\x2c\x2d\x31\x2e\x30\x37\x30\x32\x37\x2c\x2d\x39\x2e\x37\x38\
\x2c\x31\x35\x2e\x33\x29\x22\x0a\x20\x20\x20\x20\x20\x20\x20\x69\
\x64\x3d\x22\x70\x61\x74\x68\x36\x33\x39\x22\x20\x2f\x3e\x0a\x20\
\x20\x20\x20\x3c\x67\x0a\x20\x20\x20\x20\x20\x20\x20\x74\x72\x61\
\x6e\x73\x66\x6f\x72\x6d\x3d\x22\x6d\x61\x74\x72\x69\x78\x28\x31\
\x2e\x30\x37\x30\x38\x35\x2c\x30\x2c\x30\x2c\x31\x2e\x30\x37\x30\
\x32\x37\x2c\x33\x2e\x38\x36\x37\x2c\x2d\x30\x2e\x32\x39\x33\x29\
\x22\x0a\x20\x20\x20\x20\x20\x20\x20\x69\x64\x3d\x22\x67\x36\x34\
\x39\x22\x3e\x0a\x20\x20\x20\x20\x20\x20\x3c\x63\x69\x72\x63\x6c\
\x65\x0a\x20\x20\x20\x20\x20\x20\x20\x20\x20\x63\x78\x3d\x22\x37\
\x2e\x36\x32\x36\x39\x39\x39\x39\x22\x0a\x20\x20\x20\x20\x20\x20\
\x20\x20\x20\x63\x79\x3d\x22\x37\x2e\x38\x37\x35\x39\x39\x39\x39\
\x22\x0a\x20\x20\x20\x20\x20\x20\x20\x20\x20\x66\x69\x6c\x6c\x3d\
\x22\x23\x36\x65\x39\x36\x63\x34\x22\x0a\x20\x20\x20\x20\x20\x20\
\x20\x20\x20\x72\x3d\x22\x37\x2e\x35\x39\x39\x22\x0a\x20\x20\x20\
\x20\x20\x20\x20\x20\x20\x69\x64\x3d\x22\x63\x69\x72\x63\x6c\x65\
\x36\x34\x31\x22\x20\x2f\x3e\x0a\x20\x20\x20\x20\x20\x20\x3c\x67\
\x0a\x20\x20\x20\x20\x20\x20\x20\x20\x20\x74\x72\x61\x6e\x73\x66\
\x6f\x72\x6d\x3d\x22\x74\x72\x61\x6e\x73\x6c\x61\x74\x65\x28\x30\
\x2e\x39\x35\x2c\x31\x2e\x31\x39\x39\x29\x22\x0a\x20\x20\x20\x20\
\x20\x20\x20\x20\x20\x69\x64\x3d\x22\x67\x36\x34\x37\x22\x3e\x0a\
\x20\x20\x20\x20\x20\x20\x20\x20\x3c\x63\x69\x72\x63\x6c\x65\x0a\
\x20\x20\x20\x20\x20\x20\x20\x20\x20\x20\x20\x63\x78\x3d\x22\x36\
\x2e\x37\x33\x22\x0a\x20\x20\x20\x20\x20\x20\x20\x20\x20\x20\x20\
\x63\x79\x3d\x22\x36\x2e\x35\x39\x38\x22\x0a\x20\x20\x20\x20\x20\
\x20\x20\x20\x20\x20\x20\x66\x69\x6c\x6c\x3d\x22\x23\x32\x65\x34\
\x65\x37\x32\x22\x0a\x20\x20\x20\x20\x20\x20\x20\x20\x20\x20\x20\
\x72\x3d\x22\x36\x2e\x35\x33\x35\x39\x39\x39\x38\x22\x0a\x20\x20\
\x20\x20\x20\x20\x20\x20\x20\x20\x20\x69\x64\x3d\x22\x63\x69\x72\
\x63\x6c\x65\x36\x34\x33\x22\x20\x2f\x3e\x0a\x20\x20\x20\x20\x20\
\x20\x20\x20\x3c\x70\x61\x74\x68\x0a\x20\x20\x20\x20\x20\x20\x20\
\x20\x20\x20\x20\x64\x3d\x22\x4d\x20\x31\x32\x2e\x34\x36\x33\x2c\
\x34\x2e\x32\x34\x36\x20\x31\x32\x2e\x32\x39\x33\x2c\x34\x2e\x30\
\x35\x38\x20\x31\x32\x2e\x32\x36\x2c\x33\x2e\x37\x35\x37\x20\x31\
\x32\x2e\x30\x38\x35\x2c\x33\x2e\x38\x35\x32\x20\x31\x31\x2e\x39\
\x39\x31\x2c\x34\x2e\x32\x32\x32\x20\x31\x31\x2e\x37\x33\x38\x2c\
\x33\x2e\x39\x35\x32\x20\x31\x31\x2e\x37\x32\x38\x2c\x33\x2e\x36\
\x39\x38\x20\x31\x31\x2e\x34\x38\x34\x2c\x33\x2e\x34\x38\x38\x20\
\x31\x31\x2e\x33\x39\x34\x2c\x33\x2e\x33\x39\x38\x20\x48\x20\x31\
\x31\x2e\x31\x31\x20\x6c\x20\x30\x2e\x30\x39\x2c\x30\x2e\x32\x35\
\x33\x20\x30\x2e\x33\x34\x2c\x30\x2e\x31\x39\x20\x30\x2e\x30\x36\
\x2c\x30\x2e\x30\x36\x33\x20\x2d\x30\x2e\x30\x37\x34\x2c\x30\x2e\
\x30\x33\x37\x20\x30\x2e\x30\x30\x33\x2c\x30\x2e\x32\x20\x4c\x20\
\x31\x31\x2e\x33\x36\x33\x2c\x34\x2e\x32\x31\x20\x31\x31\x2e\x32\
\x32\x32\x2c\x34\x2e\x31\x37\x39\x20\x31\x31\x2e\x31\x33\x32\x2c\
\x34\x2e\x30\x35\x33\x20\x31\x31\x2e\x33\x36\x32\x2c\x34\x2e\x30\
\x36\x36\x20\x31\x31\x2e\x34\x32\x35\x2c\x33\x2e\x39\x38\x32\x20\
\x31\x30\x2e\x39\x31\x35\x2c\x33\x2e\x36\x33\x38\x20\x31\x30\x2e\
\x38\x37\x35\x2c\x33\x2e\x34\x39\x20\x31\x30\x2e\x36\x36\x38\x2c\
\x33\x2e\x36\x37\x38\x20\x31\x30\x2e\x34\x35\x38\x2c\x33\x2e\x36\
\x33\x35\x20\x31\x30\x2e\x31\x33\x38\x2c\x34\x2e\x30\x35\x31\x20\
\x31\x30\x2e\x30\x37\x35\x2c\x34\x2e\x32\x31\x34\x20\x39\x2e\x38\
\x37\x2c\x34\x2e\x32\x33\x33\x20\x39\x2e\x35\x36\x37\x2c\x34\x2e\
\x32\x33\x34\x20\x39\x2e\x33\x38\x36\x2c\x34\x2e\x31\x35\x20\x39\
\x2e\x33\x33\x33\x2c\x33\x2e\x37\x39\x20\x39\x2e\x33\x39\x37\x2c\
\x33\x2e\x36\x31\x39\x20\x39\x2e\x37\x30\x36\x2c\x33\x2e\x35\x35\
\x31\x20\x31\x30\x2e\x30\x34\x32\x2c\x33\x2e\x36\x31\x39\x20\x31\
\x30\x2e\x30\x38\x32\x2c\x33\x2e\x34\x33\x33\x20\x39\x2e\x39\x34\
\x2c\x33\x2e\x33\x39\x39\x20\x6c\x20\x30\x2e\x30\x35\x2c\x2d\x30\
\x2e\x32\x39\x20\x30\x2e\x33\x33\x37\x2c\x2d\x30\x2e\x30\x35\x32\
\x20\x30\x2e\x32\x33\x37\x2c\x2d\x30\x2e\x33\x33\x35\x20\x30\x2e\
\x32\x34\x33\x2c\x2d\x30\x2e\x30\x34\x20\x30\x2e\x32\x32\x31\x2c\
\x30\x2e\x30\x33\x32\x20\x68\x20\x30\x2e\x30\x38\x31\x20\x4c\x20\
\x31\x31\x2e\x30\x36\x35\x2c\x32\x2e\x34\x20\x31\x30\x2e\x37\x39\
\x37\x2c\x32\x2e\x35\x30\x38\x20\x31\x30\x2e\x37\x30\x33\x2c\x32\
\x2e\x32\x37\x34\x20\x31\x30\x2e\x35\x34\x37\x2c\x32\x2e\x32\x35\
\x32\x20\x31\x30\x2e\x35\x31\x37\x2c\x32\x2e\x30\x39\x31\x20\x31\
\x30\x2e\x36\x34\x35\x2c\x31\x2e\x39\x35\x32\x20\x31\x30\x2e\x39\
\x34\x36\x2c\x31\x2e\x38\x33\x34\x20\x31\x31\x2e\x30\x32\x34\x2c\
\x31\x2e\x36\x39\x36\x20\x41\x20\x36\x2e\x35\x32\x35\x2c\x36\x2e\
\x35\x32\x35\x20\x30\x20\x30\x20\x30\x20\x37\x2e\x39\x34\x37\x2c\
\x30\x2e\x31\x38\x32\x20\x4c\x20\x37\x2e\x38\x36\x38\x2c\x30\x2e\
\x31\x36\x38\x20\x43\x20\x37\x2e\x37\x34\x38\x2c\x30\x2e\x31\x34\
\x36\x20\x37\x2e\x36\x32\x36\x2c\x30\x2e\x31\x33\x20\x37\x2e\x35\
\x30\x33\x2c\x30\x2e\x31\x31\x36\x20\x41\x20\x36\x2e\x35\x35\x37\
\x2c\x36\x2e\x35\x35\x37\x20\x30\x20\x30\x20\x30\x20\x36\x2e\x37\
\x30\x36\x2c\x30\x2e\x30\x36\x32\x20\x36\x2e\x35\x30\x34\x2c\x36\
\x2e\x35\x30\x34\x20\x30\x20\x30\x20\x30\x20\x32\x2e\x38\x36\x34\
\x2c\x31\x2e\x33\x31\x34\x20\x48\x20\x32\x2e\x39\x32\x20\x4c\x20\
\x33\x2e\x31\x39\x34\x2c\x31\x2e\x33\x31\x32\x20\x33\x2e\x33\x34\
\x31\x2c\x31\x2e\x33\x39\x33\x20\x33\x2e\x36\x31\x38\x2c\x31\x2e\
\x34\x35\x33\x20\x33\x2e\x36\x33\x39\x2c\x31\x2e\x35\x36\x32\x20\
\x34\x2e\x30\x37\x39\x2c\x31\x2e\x35\x37\x38\x20\x34\x2e\x30\x31\
\x39\x2c\x31\x2e\x34\x33\x37\x20\x33\x2e\x36\x32\x39\x2c\x31\x2e\
\x34\x32\x36\x20\x33\x2e\x37\x32\x31\x2c\x31\x2e\x33\x33\x39\x20\
\x33\x2e\x36\x38\x38\x2c\x31\x2e\x32\x33\x36\x20\x48\x20\x33\x2e\
\x33\x33\x35\x20\x4c\x20\x33\x2e\x37\x32\x31\x2c\x30\x2e\x39\x34\
\x37\x20\x68\x20\x30\x2e\x33\x37\x20\x4c\x20\x34\x2e\x32\x36\x34\
\x2c\x31\x2e\x31\x38\x37\x20\x34\x2e\x35\x35\x33\x2c\x31\x2e\x32\
\x30\x33\x20\x34\x2e\x37\x32\x36\x2c\x31\x2e\x30\x33\x34\x20\x34\
\x2e\x38\x35\x36\x2c\x31\x2e\x31\x20\x34\x2e\x36\x31\x38\x2c\x31\
\x2e\x33\x33\x33\x20\x34\x2e\x33\x30\x32\x2c\x31\x2e\x33\x33\x39\
\x20\x63\x20\x30\x2e\x30\x31\x37\x2c\x30\x20\x30\x2e\x30\x32\x38\
\x2c\x30\x2e\x32\x32\x38\x20\x30\x2e\x30\x32\x38\x2c\x30\x2e\x32\
\x32\x38\x20\x4c\x20\x34\x2e\x37\x33\x32\x2c\x31\x2e\x35\x35\x37\
\x20\x34\x2e\x37\x37\x35\x2c\x31\x2e\x34\x34\x37\x20\x35\x2e\x30\
\x35\x32\x2c\x31\x2e\x34\x33\x31\x20\x35\x2e\x30\x38\x35\x2c\x31\
\x2e\x32\x36\x39\x20\x34\x2e\x39\x32\x32\x2c\x31\x2e\x32\x34\x31\
\x20\x34\x2e\x39\x37\x36\x2c\x31\x2e\x30\x39\x34\x20\x35\x2e\x31\
\x30\x31\x2c\x31\x2e\x30\x35\x36\x20\x35\x2e\x35\x33\x36\x2c\x31\
\x2e\x30\x37\x37\x20\x35\x2e\x32\x39\x36\x2c\x31\x2e\x32\x39\x35\
\x20\x35\x2e\x33\x33\x35\x2c\x31\x2e\x34\x36\x34\x20\x35\x2e\x35\
\x38\x35\x2c\x31\x2e\x35\x30\x32\x20\x35\x2e\x35\x36\x38\x2c\x31\
\x2e\x31\x39\x38\x20\x35\x2e\x38\x30\x38\x2c\x31\x2e\x30\x37\x33\
\x20\x36\x2e\x32\x33\x32\x2c\x31\x2e\x30\x32\x33\x20\x36\x2e\x38\
\x34\x36\x2c\x31\x2e\x32\x39\x35\x20\x56\x20\x31\x2e\x35\x32\x39\
\x20\x4c\x20\x37\x2e\x30\x34\x31\x2c\x31\x2e\x35\x37\x38\x20\x36\
\x2e\x39\x34\x33\x2c\x31\x2e\x37\x36\x33\x20\x48\x20\x36\x2e\x36\
\x36\x37\x20\x4c\x20\x36\x2e\x35\x38\x34\x2c\x31\x2e\x39\x37\x34\
\x20\x35\x2e\x39\x35\x2c\x31\x2e\x38\x32\x35\x20\x36\x2e\x34\x34\
\x38\x2c\x31\x2e\x35\x36\x20\x36\x2e\x32\x35\x38\x2c\x31\x2e\x33\
\x39\x39\x20\x35\x2e\x38\x32\x39\x2c\x31\x2e\x34\x35\x33\x20\x35\
\x2e\x37\x39\x31\x2c\x31\x2e\x34\x39\x32\x20\x48\x20\x35\x2e\x37\
\x39\x20\x4c\x20\x35\x2e\x37\x38\x34\x2c\x31\x2e\x35\x20\x35\x2e\
\x36\x36\x2c\x31\x2e\x36\x32\x38\x20\x35\x2e\x34\x35\x36\x2c\x31\
\x2e\x36\x34\x35\x20\x35\x2e\x34\x37\x33\x2c\x31\x2e\x37\x34\x37\
\x20\x35\x2e\x35\x34\x34\x2c\x31\x2e\x37\x37\x37\x20\x35\x2e\x35\
\x34\x31\x2c\x31\x2e\x38\x31\x20\x35\x2e\x33\x37\x35\x2c\x31\x2e\
\x38\x33\x34\x20\x35\x2e\x33\x36\x33\x2c\x31\x2e\x39\x33\x31\x20\
\x35\x2e\x32\x30\x33\x2c\x31\x2e\x39\x33\x39\x20\x35\x2e\x31\x37\
\x35\x2c\x31\x2e\x37\x34\x37\x20\x34\x2e\x38\x38\x39\x2c\x31\x2e\
\x38\x33\x34\x20\x34\x2e\x33\x30\x37\x2c\x32\x2e\x31\x37\x36\x20\
\x34\x2e\x33\x37\x31\x2c\x32\x2e\x34\x31\x36\x20\x34\x2e\x35\x33\
\x34\x2c\x32\x2e\x35\x32\x32\x20\x34\x2e\x38\x36\x2c\x32\x2e\x35\
\x36\x37\x20\x76\x20\x30\x2e\x33\x37\x20\x4c\x20\x35\x2e\x30\x31\
\x2c\x32\x2e\x39\x31\x33\x20\x35\x2e\x31\x35\x2c\x32\x2e\x36\x32\
\x33\x20\x35\x2e\x34\x39\x37\x2c\x32\x2e\x35\x31\x34\x20\x56\x20\
\x32\x2e\x30\x36\x39\x20\x4c\x20\x35\x2e\x36\x38\x39\x2c\x31\x2e\
\x39\x32\x34\x20\x36\x2e\x31\x35\x36\x2c\x32\x2e\x30\x33\x34\x20\
\x36\x2e\x31\x32\x32\x2c\x32\x2e\x33\x32\x38\x20\x48\x20\x36\x2e\
\x32\x34\x38\x20\x4c\x20\x36\x2e\x35\x39\x2c\x32\x2e\x31\x35\x39\
\x20\x36\x2e\x36\x30\x37\x2c\x32\x2e\x35\x34\x35\x20\x36\x2e\x38\
\x35\x37\x2c\x32\x2e\x36\x39\x37\x20\x36\x2e\x38\x34\x36\x2c\x32\
\x2e\x39\x32\x36\x20\x36\x2e\x36\x30\x36\x2c\x33\x2e\x30\x30\x36\
\x20\x36\x2e\x36\x32\x33\x2c\x33\x2e\x30\x38\x33\x20\x36\x2e\x39\
\x31\x31\x2c\x33\x2e\x32\x31\x33\x20\x36\x2e\x39\x30\x35\x2c\x33\
\x2e\x33\x37\x31\x20\x36\x2e\x38\x32\x32\x2c\x33\x2e\x33\x37\x38\
\x20\x36\x2e\x38\x32\x31\x2c\x33\x2e\x33\x37\x34\x20\x36\x2e\x34\
\x35\x37\x2c\x33\x2e\x32\x36\x32\x20\x36\x2e\x34\x34\x32\x2c\x33\
\x2e\x31\x34\x35\x20\x36\x2e\x35\x34\x38\x2c\x33\x2e\x30\x37\x32\
\x20\x56\x20\x32\x2e\x39\x36\x36\x20\x4c\x20\x36\x2e\x34\x33\x34\
\x2c\x32\x2e\x39\x33\x37\x20\x36\x2e\x34\x30\x36\x2c\x33\x2e\x30\
\x33\x35\x20\x36\x2e\x32\x30\x35\x2c\x33\x2e\x30\x36\x36\x20\x36\
\x2e\x31\x38\x35\x2c\x33\x2e\x30\x35\x39\x20\x76\x20\x30\x2e\x30\
\x31\x20\x4c\x20\x36\x2e\x31\x31\x35\x2c\x33\x2e\x30\x38\x20\x36\
\x2e\x30\x35\x39\x2c\x32\x2e\x39\x36\x36\x20\x35\x2e\x39\x39\x34\
\x2c\x32\x2e\x39\x33\x37\x20\x48\x20\x35\x2e\x38\x35\x20\x4c\x20\
\x35\x2e\x37\x38\x35\x2c\x32\x2e\x39\x39\x31\x20\x56\x20\x33\x2e\
\x31\x30\x39\x20\x4c\x20\x35\x2e\x39\x30\x37\x2c\x33\x2e\x31\x34\
\x39\x20\x36\x2e\x30\x32\x38\x2c\x33\x2e\x31\x36\x36\x20\x36\x2e\
\x30\x30\x31\x2c\x33\x2e\x31\x37\x38\x20\x35\x2e\x38\x39\x31\x2c\
\x33\x2e\x33\x20\x35\x2e\x38\x34\x33\x2c\x33\x2e\x32\x34\x20\x35\
\x2e\x37\x33\x36\x2c\x33\x2e\x32\x31\x31\x20\x35\x2e\x34\x34\x36\
\x2c\x33\x2e\x34\x38\x34\x20\x35\x2e\x34\x38\x35\x2c\x33\x2e\x35\
\x31\x34\x20\x35\x2e\x30\x35\x37\x2c\x33\x2e\x37\x35\x31\x20\x34\
\x2e\x36\x35\x34\x2c\x34\x2e\x31\x37\x20\x34\x2e\x36\x32\x37\x2c\
\x34\x2e\x33\x35\x36\x20\x34\x2e\x32\x32\x34\x2c\x34\x2e\x36\x32\
\x31\x20\x34\x2e\x30\x32\x34\x2c\x34\x2e\x38\x32\x32\x20\x34\x2e\
\x30\x34\x37\x2c\x35\x2e\x32\x32\x34\x20\x33\x2e\x37\x36\x39\x2c\
\x35\x2e\x30\x39\x34\x20\x33\x2e\x37\x37\x31\x2c\x34\x2e\x38\x36\
\x20\x48\x20\x33\x2e\x30\x30\x31\x20\x4c\x20\x32\x2e\x36\x30\x31\
\x2c\x35\x2e\x30\x36\x32\x20\x32\x2e\x34\x32\x37\x2c\x35\x2e\x33\
\x38\x32\x20\x32\x2e\x33\x35\x38\x2c\x35\x2e\x36\x33\x36\x20\x32\
\x2e\x34\x37\x31\x2c\x35\x2e\x38\x38\x32\x20\x32\x2e\x37\x38\x35\
\x2c\x35\x2e\x39\x32\x20\x33\x2e\x32\x38\x35\x2c\x35\x2e\x35\x38\
\x35\x20\x33\x2e\x33\x32\x39\x2c\x35\x2e\x37\x35\x31\x20\x33\x2e\
\x31\x37\x37\x2c\x36\x2e\x30\x33\x39\x20\x33\x2e\x35\x35\x37\x2c\
\x36\x2e\x31\x30\x34\x20\x33\x2e\x35\x39\x36\x2c\x36\x2e\x36\x39\
\x32\x20\x33\x2e\x36\x34\x34\x2c\x36\x2e\x37\x20\x48\x20\x33\x2e\
\x36\x34\x38\x20\x4c\x20\x34\x2e\x31\x31\x38\x2c\x36\x2e\x37\x38\
\x20\x34\x2e\x34\x34\x38\x2c\x36\x2e\x33\x39\x38\x20\x34\x2e\x38\
\x35\x31\x2c\x36\x2e\x34\x37\x39\x20\x34\x2e\x39\x39\x32\x2c\x36\
\x2e\x36\x37\x36\x20\x35\x2e\x33\x37\x38\x2c\x36\x2e\x36\x35\x33\
\x20\x35\x2e\x33\x38\x38\x2c\x36\x2e\x35\x33\x39\x20\x35\x2e\x36\
\x30\x31\x2c\x36\x2e\x36\x34\x32\x20\x35\x2e\x38\x34\x31\x2c\x37\
\x2e\x30\x31\x36\x20\x36\x2e\x32\x35\x33\x2c\x37\x2e\x30\x32\x32\
\x20\x36\x2e\x34\x30\x36\x2c\x37\x2e\x32\x38\x39\x20\x36\x2e\x34\
\x32\x37\x2c\x37\x2e\x36\x31\x34\x20\x36\x2e\x38\x38\x34\x2c\x37\
\x2e\x37\x38\x38\x20\x37\x2e\x34\x36\x2c\x37\x2e\x37\x39\x34\x20\
\x37\x2e\x36\x32\x38\x2c\x38\x2e\x30\x37\x31\x20\x37\x2e\x38\x38\
\x34\x2c\x38\x2e\x31\x35\x33\x20\x37\x2e\x38\x33\x34\x2c\x38\x2e\
\x33\x38\x31\x20\x37\x2e\x35\x35\x34\x2c\x38\x2e\x37\x33\x37\x20\
\x37\x2e\x34\x37\x34\x2c\x39\x2e\x35\x32\x34\x20\x37\x2e\x32\x32\
\x2c\x39\x2e\x37\x32\x34\x20\x36\x2e\x38\x34\x36\x2c\x39\x2e\x37\
\x31\x32\x20\x36\x2e\x37\x32\x2c\x39\x2e\x39\x33\x20\x36\x2e\x38\
\x31\x33\x2c\x31\x30\x2e\x33\x33\x38\x20\x36\x2e\x34\x30\x36\x2c\
\x31\x30\x2e\x38\x36\x20\x36\x2e\x32\x37\x35\x2c\x31\x31\x2e\x31\
\x20\x6c\x20\x2d\x30\x2e\x33\x38\x39\x2c\x30\x2e\x31\x38\x36\x20\
\x2d\x30\x2e\x32\x35\x35\x2c\x30\x2e\x30\x33\x39\x20\x2d\x30\x2e\
\x30\x31\x2c\x30\x2e\x31\x30\x38\x20\x30\x2e\x31\x37\x39\x2c\x30\
\x2e\x30\x35\x32\x20\x2d\x30\x2e\x30\x32\x33\x2c\x30\x2e\x31\x31\
\x36\x20\x2d\x30\x2e\x31\x36\x2c\x30\x2e\x31\x35\x35\x20\x30\x2e\
\x30\x39\x38\x2c\x30\x2e\x31\x32\x33\x20\x30\x2e\x31\x39\x33\x2c\
\x30\x2e\x30\x30\x36\x20\x2d\x30\x2e\x30\x31\x31\x2c\x30\x2e\x31\
\x34\x39\x20\x2d\x30\x2e\x30\x35\x31\x2c\x30\x2e\x31\x34\x37\x20\
\x2d\x30\x2e\x30\x31\x37\x2c\x30\x2e\x31\x32\x20\x30\x2e\x32\x38\
\x36\x2c\x30\x2e\x32\x34\x20\x4c\x20\x36\x2e\x30\x37\x37\x2c\x31\
\x32\x2e\x36\x36\x36\x20\x35\x2e\x36\x38\x37\x2c\x31\x32\x2e\x36\
\x35\x39\x20\x35\x2e\x33\x2c\x31\x32\x2e\x33\x32\x31\x20\x35\x2c\
\x31\x31\x2e\x37\x39\x20\x35\x2e\x30\x34\x32\x2c\x31\x31\x2e\x32\
\x37\x38\x20\x34\x2e\x38\x31\x34\x2c\x31\x30\x2e\x39\x37\x34\x20\
\x34\x2e\x39\x30\x36\x2c\x31\x30\x2e\x34\x35\x38\x20\x34\x2e\x37\
\x37\x31\x2c\x31\x30\x2e\x34\x31\x39\x20\x56\x20\x39\x2e\x33\x20\
\x43\x20\x34\x2e\x37\x37\x31\x2c\x39\x2e\x33\x20\x34\x2e\x33\x39\
\x2c\x39\x2e\x30\x31\x32\x20\x34\x2e\x33\x36\x38\x2c\x39\x2e\x30\
\x31\x32\x20\x34\x2e\x33\x34\x36\x2c\x39\x2e\x30\x31\x32\x20\x34\
\x2e\x31\x36\x37\x2c\x38\x2e\x39\x36\x34\x20\x34\x2e\x31\x36\x37\
\x2c\x38\x2e\x39\x36\x34\x20\x4c\x20\x34\x2e\x31\x32\x39\x2c\x38\
\x2e\x37\x35\x32\x20\x33\x2e\x36\x33\x34\x2c\x38\x2e\x31\x33\x32\
\x20\x33\x2e\x36\x38\x34\x2c\x37\x2e\x39\x31\x20\x33\x2e\x37\x2c\
\x37\x2e\x35\x34\x36\x20\x34\x2e\x30\x34\x32\x2c\x37\x2e\x33\x30\
\x36\x20\x33\x2e\x39\x39\x33\x2c\x36\x2e\x38\x39\x38\x20\x33\x2e\
\x34\x39\x33\x2c\x36\x2e\x38\x36\x31\x20\x33\x2e\x31\x30\x32\x2c\
\x36\x2e\x34\x31\x35\x20\x32\x2e\x38\x32\x35\x2c\x36\x2e\x33\x33\
\x39\x20\x32\x2e\x36\x34\x35\x2c\x36\x2e\x33\x30\x36\x20\x32\x2e\
\x36\x36\x37\x2c\x36\x2e\x31\x34\x33\x20\x32\x2e\x34\x33\x38\x2c\
\x36\x2e\x31\x31\x31\x20\x56\x20\x36\x2e\x32\x30\x33\x20\x4c\x20\
\x31\x2e\x38\x36\x38\x2c\x36\x2e\x30\x36\x32\x20\x31\x2e\x36\x33\
\x38\x2c\x35\x2e\x37\x31\x20\x31\x2e\x37\x31\x38\x2c\x35\x2e\x35\
\x36\x36\x20\x31\x2e\x36\x32\x33\x2c\x35\x2e\x35\x36\x35\x20\x31\
\x2e\x35\x39\x35\x2c\x35\x2e\x34\x37\x33\x20\x31\x2e\x36\x36\x32\
\x2c\x35\x2e\x34\x33\x39\x20\x31\x2e\x33\x37\x2c\x35\x2e\x30\x31\
\x33\x20\x31\x2e\x33\x30\x38\x2c\x34\x2e\x36\x32\x37\x20\x48\x20\
\x31\x2e\x31\x36\x20\x4c\x20\x31\x2e\x32\x31\x2c\x35\x20\x31\x2e\
\x34\x36\x2c\x35\x2e\x33\x38\x36\x20\x31\x2e\x34\x33\x32\x2c\x35\
\x2e\x35\x33\x39\x20\x31\x2e\x32\x32\x2c\x35\x2e\x35\x30\x36\x20\
\x30\x2e\x39\x36\x2c\x35\x2e\x30\x36\x32\x20\x56\x20\x34\x2e\x35\
\x34\x34\x20\x4c\x20\x30\x2e\x36\x38\x38\x2c\x34\x2e\x34\x31\x34\
\x20\x56\x20\x34\x2e\x30\x34\x31\x20\x41\x20\x36\x2e\x34\x37\x32\
\x2c\x36\x2e\x34\x37\x32\x20\x30\x20\x30\x20\x30\x20\x30\x2e\x33\
\x32\x38\x2c\x35\x2e\x31\x36\x35\x20\x4c\x20\x30\x2e\x33\x34\x32\
\x2c\x35\x2e\x31\x36\x32\x20\x30\x2e\x34\x33\x32\x2c\x35\x2e\x31\
\x34\x34\x20\x30\x2e\x34\x38\x35\x2c\x35\x2e\x33\x39\x39\x20\x30\
\x2e\x35\x39\x37\x2c\x35\x2e\x35\x38\x20\x30\x2e\x36\x37\x32\x2c\
\x35\x2e\x36\x36\x35\x20\x30\x2e\x38\x30\x37\x2c\x35\x2e\x37\x31\
\x38\x20\x30\x2e\x36\x38\x2c\x35\x2e\x38\x37\x20\x30\x2e\x34\x33\
\x33\x2c\x35\x2e\x38\x39\x34\x20\x48\x20\x30\x2e\x32\x34\x37\x20\
\x4c\x20\x30\x2e\x32\x36\x37\x2c\x35\x2e\x36\x37\x34\x20\x30\x2e\
\x34\x32\x32\x2c\x35\x2e\x36\x34\x32\x20\x30\x2e\x34\x30\x39\x2c\
\x35\x2e\x35\x33\x38\x20\x30\x2e\x32\x38\x31\x2c\x35\x2e\x34\x35\
\x38\x20\x30\x2e\x32\x37\x31\x2c\x35\x2e\x34\x35\x20\x41\x20\x36\
\x2e\x35\x35\x2c\x36\x2e\x35\x35\x20\x30\x20\x30\x20\x30\x20\x30\
\x2e\x31\x36\x37\x2c\x36\x2e\x36\x20\x76\x20\x30\x2e\x30\x33\x35\
\x20\x61\x20\x36\x2e\x35\x34\x37\x2c\x36\x2e\x35\x34\x37\x20\x30\
\x20\x30\x20\x30\x20\x36\x2e\x35\x34\x2c\x36\x2e\x35\x30\x35\x20\
\x36\x2e\x35\x33\x2c\x36\x2e\x35\x33\x20\x30\x20\x30\x20\x30\x20\
\x35\x2e\x30\x37\x32\x2c\x2d\x32\x2e\x34\x31\x37\x20\x48\x20\x31\
\x31\x2e\x35\x36\x34\x20\x56\x20\x31\x30\x2e\x32\x38\x38\x20\x4c\
\x20\x31\x31\x2e\x33\x31\x34\x2c\x39\x2e\x39\x35\x32\x20\x56\x20\
\x39\x2e\x34\x33\x20\x4c\x20\x31\x31\x2e\x31\x32\x33\x2c\x39\x2e\
\x32\x34\x20\x31\x31\x2e\x31\x30\x37\x2c\x39\x2e\x30\x32\x33\x20\
\x31\x31\x2e\x33\x34\x37\x2c\x38\x2e\x35\x36\x20\x31\x30\x2e\x38\
\x38\x39\x2c\x37\x2e\x37\x35\x20\x31\x30\x2e\x39\x34\x33\x2c\x37\
\x2e\x32\x30\x32\x20\x31\x30\x2e\x35\x33\x31\x2c\x37\x2e\x31\x35\
\x39\x20\x31\x30\x2e\x33\x37\x38\x2c\x37\x2e\x30\x30\x37\x20\x48\
\x20\x31\x30\x2e\x31\x30\x31\x20\x4c\x20\x39\x2e\x39\x36\x2c\x37\
\x2e\x31\x33\x37\x20\x48\x20\x39\x2e\x34\x37\x20\x4c\x20\x39\x2e\
\x34\x35\x33\x2c\x37\x2e\x31\x38\x31\x20\x48\x20\x39\x2e\x31\x38\
\x31\x20\x4c\x20\x38\x2e\x35\x35\x37\x2c\x36\x2e\x34\x36\x39\x20\
\x38\x2e\x35\x36\x32\x2c\x35\x2e\x39\x31\x34\x20\x38\x2e\x36\x36\
\x35\x2c\x35\x2e\x38\x37\x36\x20\x38\x2e\x37\x30\x34\x2c\x35\x2e\
\x36\x36\x34\x20\x48\x20\x38\x2e\x35\x35\x37\x20\x4c\x20\x38\x2e\
\x34\x39\x37\x2c\x35\x2e\x34\x34\x31\x20\x39\x2e\x32\x32\x2c\x34\
\x2e\x39\x31\x39\x20\x56\x20\x34\x2e\x35\x34\x39\x20\x4c\x20\x39\
\x2e\x35\x37\x34\x2c\x34\x2e\x33\x35\x33\x20\x39\x2e\x37\x31\x37\
\x2c\x34\x2e\x33\x36\x38\x20\x68\x20\x30\x2e\x32\x39\x20\x6c\x20\
\x30\x2e\x32\x33\x2c\x2d\x30\x2e\x31\x32\x33\x20\x30\x2e\x37\x33\
\x33\x2c\x2d\x30\x2e\x30\x35\x37\x20\x76\x20\x30\x2e\x33\x37\x35\
\x20\x6c\x20\x30\x2e\x35\x38\x2c\x30\x2e\x31\x34\x37\x20\x30\x2e\
\x31\x31\x33\x2c\x30\x2e\x30\x38\x32\x20\x68\x20\x30\x2e\x31\x30\
\x36\x20\x56\x20\x34\x2e\x35\x38\x38\x20\x6c\x20\x30\x2e\x33\x33\
\x35\x2c\x2d\x30\x2e\x30\x33\x33\x20\x30\x2e\x33\x31\x37\x2c\x30\
\x2e\x32\x33\x37\x20\x68\x20\x30\x2e\x35\x32\x32\x20\x4c\x20\x31\
\x32\x2e\x39\x37\x39\x2c\x34\x2e\x37\x35\x38\x20\x41\x20\x36\x2e\
\x34\x34\x2c\x36\x2e\x34\x34\x20\x30\x20\x30\x20\x30\x20\x31\x32\
\x2e\x38\x30\x33\x2c\x34\x2e\x32\x34\x20\x5a\x22\x0a\x20\x20\x20\
\x20\x20\x20\x20\x20\x20\x20\x20\x66\x69\x6c\x6c\x3d\x22\x23\x61\
\x65\x63\x37\x65\x32\x22\x0a\x20\x20\x20\x20\x20\x20\x20\x20\x20\
\x20\x20\x66\x69\x6c\x6c\x2d\x72\x75\x6c\x65\x3d\x22\x6e\x6f\x6e\
\x7a\x65\x72\x6f\x22\x0a\x20\x20\x20\x20\x20\x20\x20\x20\x20\x20\
\x20\x69\x64\x3d\x22\x70\x61\x74\x68\x36\x34\x35\x22\x20\x2f\x3e\
\x0a\x20\x20\x20\x20\x20\x20\x3c\x2f\x67\x3e\x0a\x20\x20\x20\x20\
\x3c\x2f\x67\x3e\x0a\x20\x20\x20\x20\x3c\x70\x61\x74\x68\x0a\x20\
\x20\x20\x20\x20\x20\x20\x64\x3d\x22\x6d\x20\x31\x31\x2e\x39\x34\
\x32\x2c\x31\x33\x2e\x38\x20\x76\x20\x39\x2e\x30\x39\x33\x20\x4c\
\x20\x31\x2e\x32\x33\x34\x2c\x31\x35\x2e\x39\x39\x37\x20\x56\x20\
\x37\x2e\x31\x35\x32\x20\x5a\x22\x0a\x20\x20\x20\x20\x20\x20\x20\
\x66\x69\x6c\x6c\x3d\x22\x23\x64\x34\x61\x61\x30\x30\x22\x0a\x20\
\x20\x20\x20\x20\x20\x20\x69\x64\x3d\x22\x70\x61\x74\x68\x36\x35\
\x31\x22\x20\x2f\x3e\x0a\x20\x20\x20\x20\x3c\x70\x61\x74\x68\x0a\
\x20\x20\x20\x20\x20\x20\x20\x64\x3d\x22\x6d\x20\x31\x31\x2e\x39\
\x34\x32\x2c\x31\x33\x2e\x37\x39\x33\x20\x76\x20\x39\x2e\x31\x20\
\x4c\x20\x32\x32\x2e\x36\x35\x31\x2c\x31\x35\x2e\x39\x39\x37\x20\
\x56\x20\x37\x2e\x31\x35\x32\x20\x5a\x22\x0a\x20\x20\x20\x20\x20\
\x20\x20\x66\x69\x6c\x6c\x3d\x22\x23\x66\x66\x66\x66\x37\x61\x22\
\x0a\x20\x20\x20\x20\x20\x20\x20\x69\x64\x3d\x22\x70\x61\x74\x68\
\x36\x35\x33\x22\x20\x2f\x3e\x0a\x20\x20\x20\x20\x3c\x67\x0a\x20\
\x20\x20\x20\x20\x20\x20\x73\x74\x72\x6f\x6b\x65\x3d\x22\x23\x30\
\x30\x30\x30\x30\x30\x22\x0a\x20\x20\x20\x20\x20\x20\x20\x73\x74\
\x72\x6f\x6b\x65\x2d\x77\x69\x64\x74\x68\x3d\x22\x30\x2e\x34\x36\
\x37\x22\x0a\x20\x20\x20\x20\x20\x20\x20\x74\x72\x61\x6e\x73\x66\
\x6f\x72\x6d\x3d\x22\x6d\x61\x74\x72\x69\x78\x28\x31\x2e\x30\x37\
\x30\x38\x35\x2c\x30\x2c\x30\x2c\x31\x2e\x30\x37\x30\x32\x37\x2c\
\x31\x2e\x32\x33\x34\x2c\x37\x2e\x30\x30\x36\x29\x22\x0a\x20\x20\
\x20\x20\x20\x20\x20\x69\x64\x3d\x22\x67\x36\x35\x39\x22\x3e\x0a\
\x20\x20\x20\x20\x20\x20\x3c\x70\x61\x74\x68\x0a\x20\x20\x20\x20\
\x20\x20\x20\x20\x20\x64\x3d\x22\x6d\x20\x31\x30\x2c\x36\x2e\x37\
\x35\x20\x76\x20\x37\x2e\x37\x37\x22\x0a\x20\x20\x20\x20\x20\x20\
\x20\x20\x20\x73\x74\x72\x6f\x6b\x65\x2d\x6c\x69\x6e\x65\x63\x61\
\x70\x3d\x22\x73\x71\x75\x61\x72\x65\x22\x0a\x20\x20\x20\x20\x20\
\x20\x20\x20\x20\x69\x64\x3d\x22\x70\x61\x74\x68\x36\x35\x35\x22\
\x20\x2f\x3e\x0a\x20\x20\x20\x20\x20\x20\x3c\x70\x61\x74\x68\x0a\
\x20\x20\x20\x20\x20\x20\x20\x20\x20\x64\x3d\x22\x4d\x20\x32\x30\
\x2e\x30\x37\x38\x2c\x30\x2e\x32\x33\x32\x20\x31\x30\x2e\x30\x34\
\x37\x2c\x36\x2e\x33\x33\x39\x20\x30\x2e\x30\x31\x35\x2c\x30\x2e\
\x32\x33\x32\x20\x76\x20\x38\x2e\x31\x37\x31\x20\x6c\x20\x31\x30\
\x2e\x30\x32\x32\x2c\x36\x2e\x32\x36\x36\x20\x31\x30\x2e\x30\x34\
\x31\x2c\x2d\x36\x2e\x32\x36\x36\x20\x7a\x22\x0a\x20\x20\x20\x20\
\x20\x20\x20\x20\x20\x69\x64\x3d\x22\x70\x61\x74\x68\x36\x35\x37\
\x22\x20\x2f\x3e\x0a\x20\x20\x20\x20\x3c\x2f\x67\x3e\x0a\x20\x20\
\x3c\x2f\x67\x3e\x0a\x20\x20\x3c\x67\x0a\x20\x20\x20\x20\x20\x69\
\x64\x3d\x22\x67\x35\x37\x32\x22\x0a\x20\x20\x20\x20\x20\x74\x72\
\x61\x6e\x73\x66\x6f\x72\x6d\x3d\x22\x6d\x61\x74\x72\x69\x78\x28\
\x30\x2e\x38\x38\x36\x30\x36\x32\x34\x39\x2c\x30\x2c\x30\x2c\x30\
\x2e\x38\x38\x36\x30\x36\x32\x34\x39\x2c\x38\x2e\x39\x31\x38\x33\
\x37\x33\x34\x2c\x32\x2e\x39\x38\x38\x30\x35\x36\x38\x29\x22\x3e\
\x0a\x20\x20\x20\x20\x3c\x67\x0a\x20\x20\x20\x20\x20\x20\x20\x73\
\x74\x72\x6f\x6b\x65\x3d\x22\x23\x35\x30\x35\x30\x35\x30\x22\x0a\
\x20\x20\x20\x20\x20\x20\x20\x69\x64\x3d\x22\x67\x33\x35\x31\x22\
\x0a\x20\x20\x20\x20\x20\x20\x20\x74\x72\x61\x6e\x73\x66\x6f\x72\
\x6d\x3d\x22\x74\x72\x61\x6e\x73\x6c\x61\x74\x65\x28\x2d\x39\x2e\
\x32\x38\x31\x37\x31\x37\x36\x2c\x2d\x31\x30\x2e\x32\x33\x36\x33\
\x30\x38\x29\x22\x3e\x0a\x20\x20\x20\x20\x20\x20\x3c\x70\x61\x74\
\x68\x0a\x20\x20\x20\x20\x20\x20\x20\x20\x20\x64\x3d\x22\x4d\x20\
\x31\x37\x2e\x39\x36\x31\x32\x32\x2c\x37\x20\x41\x20\x35\x2e\x39\
\x36\x31\x32\x32\x30\x33\x2c\x36\x2e\x30\x37\x34\x32\x34\x33\x35\
\x20\x30\x20\x30\x20\x31\x20\x31\x32\x2c\x31\x33\x2e\x30\x37\x34\
\x32\x34\x34\x20\x35\x2e\x39\x36\x31\x32\x32\x30\x33\x2c\x36\x2e\
\x30\x37\x34\x32\x34\x33\x35\x20\x30\x20\x30\x20\x31\x20\x36\x2e\
\x30\x33\x38\x37\x37\x39\x37\x2c\x37\x20\x35\x2e\x39\x36\x31\x32\
\x32\x30\x33\x2c\x36\x2e\x30\x37\x34\x32\x34\x33\x35\x20\x30\x20\
\x30\x20\x31\x20\x31\x32\x2c\x30\x2e\x39\x32\x35\x37\x35\x36\x34\
\x35\x20\x35\x2e\x39\x36\x31\x32\x32\x30\x33\x2c\x36\x2e\x30\x37\
\x34\x32\x34\x33\x35\x20\x30\x20\x30\x20\x31\x20\x31\x37\x2e\x39\
\x36\x31\x32\x32\x2c\x37\x20\x5a\x22\x0a\x20\x20\x20\x20\x20\x20\
\x20\x20\x20\x73\x74\x79\x6c\x65\x3d\x22\x6f\x70\x61\x63\x69\x74\
\x79\x3a\x30\x2e\x38\x3b\x66\x69\x6c\x6c\x3a\x23\x65\x36\x65\x36\
\x65\x36\x3b\x73\x74\x72\x6f\x6b\x65\x2d\x77\x69\x64\x74\x68\x3a\
\x30\x2e\x37\x35\x32\x31\x38\x33\x3b\x73\x74\x72\x6f\x6b\x65\x2d\
\x6c\x69\x6e\x65\x63\x61\x70\x3a\x72\x6f\x75\x6e\x64\x3b\x73\x74\
\x72\x6f\x6b\x65\x2d\x6c\x69\x6e\x65\x6a\x6f\x69\x6e\x3a\x72\x6f\
\x75\x6e\x64\x3b\x73\x74\x72\x6f\x6b\x65\x2d\x64\x61\x73\x68\x6f\
\x66\x66\x73\x65\x74\x3a\x37\x22\x0a\x20\x20\x20\x20\x20\x20\x20\
\x20\x20\x74\x72\x61\x6e\x73\x66\x6f\x72\x6d\x3d\x22\x6d\x61\x74\
\x72\x69\x78\x28\x31\x2e\x34\x30\x30\x33\x35\x35\x33\x2c\x30\x2c\
\x30\x2c\x31\x2e\x33\x37\x34\x32\x30\x31\x34\x2c\x2d\x31\x2e\x36\
\x37\x33\x38\x32\x39\x2c\x37\x2e\x32\x34\x39\x35\x30\x38\x29\x22\
\x0a\x20\x20\x20\x20\x20\x20\x20\x20\x20\x69\x64\x3d\x22\x70\x61\
\x74\x68\x33\x34\x35\x22\x20\x2f\x3e\x0a\x20\x20\x20\x20\x20\x20\
\x3c\x70\x61\x74\x68\x0a\x20\x20\x20\x20\x20\x20\x20\x20\x20\x64\
\x3d\x22\x6d\x20\x37\x2e\x38\x32\x36\x30\x38\x36\x36\x2c\x32\x32\
\x2e\x30\x38\x37\x36\x34\x34\x20\x63\x20\x30\x2c\x32\x2e\x30\x38\
\x36\x38\x30\x37\x20\x32\x2e\x30\x38\x36\x39\x35\x36\x38\x2c\x32\
\x2e\x30\x38\x36\x38\x30\x37\x20\x32\x2e\x30\x38\x36\x39\x35\x36\
\x38\x2c\x32\x2e\x30\x38\x36\x38\x30\x37\x20\x30\x2c\x30\x20\x2d\
\x37\x2e\x33\x30\x34\x33\x34\x38\x32\x2c\x37\x2e\x33\x30\x33\x38\
\x32\x38\x20\x2d\x37\x2e\x33\x30\x34\x33\x34\x38\x32\x2c\x37\x2e\
\x33\x30\x33\x38\x32\x38\x20\x4c\x20\x30\x2e\x35\x32\x31\x37\x33\
\x38\x36\x31\x2c\x32\x39\x2e\x33\x39\x31\x34\x37\x20\x5a\x22\x0a\
\x20\x20\x20\x20\x20\x20\x20\x20\x20\x66\x69\x6c\x6c\x3d\x22\x23\
\x66\x66\x63\x63\x33\x30\x22\x0a\x20\x20\x20\x20\x20\x20\x20\x20\
\x20\x66\x69\x6c\x6c\x2d\x72\x75\x6c\x65\x3d\x22\x65\x76\x65\x6e\
\x6f\x64\x64\x22\x0a\x20\x20\x20\x20\x20\x20\x20\x20\x20\x73\x74\
\x72\x6f\x6b\x65\x2d\x6c\x69\x6e\x65\x6a\x6f\x69\x6e\x3d\x22\x72\
\x6f\x75\x6e\x64\x22\x0a\x20\x20\x20\x20\x20\x20\x20\x20\x20\x73\
\x74\x72\x6f\x6b\x65\x2d\x77\x69\x64\x74\x68\x3d\x22\x31\x2e\x30\
\x34\x33\x34\x34\x22\x0a\x20\x20\x20\x20\x20\x20\x20\x20\x20\x69\
\x64\x3d\x22\x70\x61\x74\x68\x33\x34\x37\x22\x20\x2f\x3e\x0a\x20\
\x20\x20\x20\x20\x20\x3c\x70\x61\x74\x68\x0a\x20\x20\x20\x20\x20\
\x20\x20\x20\x20\x64\x3d\x22\x6d\x20\x36\x2e\x32\x36\x30\x38\x36\
\x39\x32\x2c\x32\x33\x2e\x36\x35\x32\x37\x34\x39\x20\x32\x2e\x30\
\x38\x36\x39\x35\x36\x35\x2c\x2d\x32\x2e\x30\x38\x36\x38\x30\x37\
\x20\x32\x2e\x30\x38\x36\x39\x35\x35\x33\x2c\x32\x2e\x30\x38\x36\
\x38\x30\x37\x20\x2d\x32\x2e\x30\x38\x36\x39\x35\x35\x33\x2c\x32\
\x2e\x30\x38\x36\x38\x30\x39\x20\x7a\x22\x0a\x20\x20\x20\x20\x20\
\x20\x20\x20\x20\x66\x69\x6c\x6c\x2d\x72\x75\x6c\x65\x3d\x22\x65\
\x76\x65\x6e\x6f\x64\x64\x22\x0a\x20\x20\x20\x20\x20\x20\x20\x20\
\x20\x73\x74\x72\x6f\x6b\x65\x2d\x6c\x69\x6e\x65\x6a\x6f\x69\x6e\
\x3d\x22\x72\x6f\x75\x6e\x64\x22\x0a\x20\x20\x20\x20\x20\x20\x20\
\x20\x20\x73\x74\x72\x6f\x6b\x65\x2d\x77\x69\x64\x74\x68\x3d\x22\
\x31\x2e\x30\x34\x33\x34\x34\x22\x0a\x20\x20\x20\x20\x20\x20\x20\
\x20\x20\x69\x64\x3d\x22\x70\x61\x74\x68\x33\x34\x39\x22\x20\x2f\
\x3e\x0a\x20\x20\x20\x20\x3c\x2f\x67\x3e\x0a\x20\x20\x20\x20\x3c\
\x70\x61\x74\x68\x0a\x20\x20\x20\x20\x20\x20\x20\x64\x3d\x22\x6d\
\x20\x31\x2e\x31\x35\x33\x30\x36\x33\x34\x2c\x31\x2e\x39\x33\x38\
\x39\x39\x36\x39\x20\x63\x20\x32\x2e\x30\x38\x36\x39\x35\x37\x2c\
\x2d\x33\x2e\x31\x33\x30\x32\x31\x32\x37\x20\x34\x2e\x36\x33\x35\
\x33\x39\x31\x2c\x2d\x33\x2e\x35\x34\x35\x35\x34\x35\x20\x36\x2e\
\x32\x36\x30\x38\x37\x31\x2c\x2d\x32\x2e\x30\x38\x36\x38\x31\x20\
\x31\x2e\x36\x32\x35\x34\x38\x2c\x31\x2e\x34\x35\x38\x37\x33\x39\
\x20\x2d\x32\x2e\x30\x38\x36\x39\x35\x37\x2c\x31\x2e\x30\x34\x33\
\x34\x30\x35\x20\x2d\x34\x2e\x31\x37\x33\x39\x31\x34\x2c\x33\x2e\
\x31\x33\x30\x32\x31\x35\x20\x2d\x32\x2e\x30\x38\x36\x39\x35\x37\
\x2c\x32\x2e\x30\x38\x36\x38\x30\x36\x20\x30\x2c\x36\x2e\x32\x36\
\x30\x34\x32\x34\x20\x2d\x32\x2e\x30\x38\x36\x39\x35\x37\x2c\x36\
\x2e\x32\x36\x30\x34\x32\x34\x20\x2d\x32\x2e\x30\x38\x36\x39\x35\
\x35\x33\x2c\x30\x20\x2d\x32\x2e\x30\x38\x36\x39\x35\x35\x33\x2c\
\x2d\x34\x2e\x31\x37\x33\x36\x31\x38\x20\x30\x2c\x2d\x37\x2e\x33\
\x30\x33\x38\x32\x39\x20\x7a\x22\x0a\x20\x20\x20\x20\x20\x20\x20\
\x66\x69\x6c\x6c\x3d\x22\x23\x66\x63\x66\x66\x66\x66\x22\x0a\x20\
\x20\x20\x20\x20\x20\x20\x66\x69\x6c\x6c\x2d\x72\x75\x6c\x65\x3d\
\x22\x65\x76\x65\x6e\x6f\x64\x64\x22\x0a\x20\x20\x20\x20\x20\x20\
\x20\x6f\x70\x61\x63\x69\x74\x79\x3d\x22\x30\x2e\x37\x22\x0a\x20\
\x20\x20\x20\x20\x20\x20\x69\x64\x3d\x22\x70\x61\x74\x68\x33\x35\
\x33\x22\x20\x2f\x3e\x0a\x20\x20\x20\x20\x3c\x70\x61\x74\x68\x0a\
\x20\x20\x20\x20\x20\x20\x20\x64\x3d\x22\x6d\x20\x2d\x37\x2e\x31\
\x39\x34\x37\x36\x31\x35\x2c\x31\x38\x2e\x36\x33\x33\x34\x36\x32\
\x20\x34\x2e\x31\x37\x33\x39\x31\x33\x31\x2c\x2d\x34\x2e\x31\x37\
\x33\x36\x31\x38\x22\x0a\x20\x20\x20\x20\x20\x20\x20\x6f\x70\x61\
\x63\x69\x74\x79\x3d\x22\x30\x2e\x35\x22\x0a\x20\x20\x20\x20\x20\
\x20\x20\x73\x74\x72\x6f\x6b\x65\x3d\x22\x23\x66\x63\x66\x66\x66\
\x66\x22\x0a\x20\x20\x20\x20\x20\x20\x20\x73\x74\x72\x6f\x6b\x65\
\x2d\x6c\x69\x6e\x65\x63\x61\x70\x3d\x22\x72\x6f\x75\x6e\x64\x22\
\x0a\x20\x20\x20\x20\x20\x20\x20\x73\x74\x72\x6f\x6b\x65\x2d\x6c\
\x69\x6e\x65\x6a\x6f\x69\x6e\x3d\x22\x72\x6f\x75\x6e\x64\x22\x0a\
\x20\x20\x20\x20\x20\x20\x20\x73\x74\x72\x6f\x6b\x65\x2d\x77\x69\
\x64\x74\x68\x3d\x22\x31\x2e\x30\x34\x33\x34\x34\x22\x0a\x20\x20\
\x20\x20\x20\x20\x20\x69\x64\x3d\x22\x70\x61\x74\x68\x33\x35\x35\
\x22\x20\x2f\x3e\x0a\x20\x20\x3c\x2f\x67\x3e\x0a\x3c\x2f\x73\x76\
\x67\x3e\x0a\
\x00\x00\x07\x7b\
\x3c\
\x3f\x78\x6d\x6c\x20\x76\x65\x72\x73\x69\x6f\x6e\x3d\x22\x31\x2e\
\x30\x22\x20\x65\x6e\x63\x6f\x64\x69\x6e\x67\x3d\x22\x55\x54\x46\
\x2d\x38\x22\x20\x73\x74\x61\x6e\x64\x61\x6c\x6f\x6e\x65\x3d\x22\
\x6e\x6f\x22\x3f\x3e\x0a\x3c\x73\x76\x67\x0a\x20\x20\x20\x65\x6e\
\x61\x62\x6c\x65\x2d\x62\x61\x63\x6b\x67\x72\x6f\x75\x6e\x64\x3d\
\x22\x6e\x65\x77\x20\x30\x20\x30\x20\x32\x34\x20\x32\x34\x22\x0a\
\x20\x20\x20\x68\x65\x69\x67\x68\x74\x3d\x22\x32\x34\x22\x0a\x20\
\x20\x20\x76\x69\x65\x77\x42\x6f\x78\x3d\x22\x30\x20\x30\x20\x32\
\x34\x20\x32\x34\x22\x0a\x20\x20\x20\x77\x69\x64\x74\x68\x3d\x22\
\x32\x34\x22\x0a\x20\x20\x20\x76\x65\x72\x73\x69\x6f\x6e\x3d\x22\
\x31\x2e\x31\x22\x0a\x20\x20\x20\x69\x64\x3d\x22\x73\x76\x67\x31\
\x35\x39\x32\x22\x0a\x20\x20\x20\x73\x6f\x64\x69\x70\x6f\x64\x69\
\x3a\x64\x6f\x63\x6e\x61\x6d\x65\x3d\x22\x73\x65\x6c\x65\x63\x74\
\x5f\x69\x6e\x5f\x6c\x61\x79\x65\x72\x2e\x73\x76\x67\x22\x0a\x20\
\x20\x20\x69\x6e\x6b\x73\x63\x61\x70\x65\x3a\x76\x65\x72\x73\x69\
\x6f\x6e\x3d\x22\x31\x2e\x32\x2e\x32\x20\x28\x62\x30\x61\x38\x34\
\x38\x36\x35\x34\x31\x2c\x20\x32\x30\x32\x32\x2d\x31\x32\x2d\x30\
\x31\x29\x22\x0a\x20\x20\x20\x78\x6d\x6c\x6e\x73\x3a\x69\x6e\x6b\
\x73\x63\x61\x70\x65\x3d\x22\x68\x74\x74\x70\x3a\x2f\x2f\x77\x77\
\x77\x2e\x69\x6e\x6b\x73\x63\x61\x70\x65\x2e\x6f\x72\x67\x2f\x6e\
\x61\x6d\x65\x73\x70\x61\x63\x65\x73\x2f\x69\x6e\x6b\x73\x63\x61\
\x70\x65\x22\x0a\x20\x20\x20\x78\x6d\x6c\x6e\x73\x3a\x73\x6f\x64\
\x69\x70\x6f\x64\x69\x3d\x22\x68\x74\x74\x70\x3a\x2f\x2f\x73\x6f\
\x64\x69\x70\x6f\x64\x69\x2e\x73\x6f\x75\x72\x63\x65\x66\x6f\x72\
\x67\x65\x2e\x6e\x65\x74\x2f\x44\x54\x44\x2f\x73\x6f\x64\x69\x70\
\x6f\x64\x69\x2d\x30\x2e\x64\x74\x64\x22\x0a\x20\x20\x20\x78\x6d\
\x6c\x6e\x73\x3d\x22\x68\x74\x74\x70\x3a\x2f\x2f\x77\x77\x77\x2e\
\x77\x33\x2e\x6f\x72\x67\x2f\x32\x30\x30\x30\x2f\x73\x76\x67\x22\
\x0a\x20\x20\x20\x78\x6d\x6c\x6e\x73\x3a\x73\x76\x67\x3d\x22\x68\
\x74\x74\x70\x3a\x2f\x2f\x77\x77\x77\x2e\x77\x33\x2e\x6f\x72\x67\
\x2f\x32\x30\x30\x30\x2f\x73\x76\x67\x22\x3e\x0a\x20\x20\x3c\x64\
\x65\x66\x73\x0a\x20\x20\x20\x20\x20\x69\x64\x3d\x22\x64\x65\x66\
\x73\x31\x35\x39\x36\x22\x20\x2f\x3e\x0a\x20\x20\x3c\x73\x6f\x64\
\x69\x70\x6f\x64\x69\x3a\x6e\x61\x6d\x65\x64\x76\x69\x65\x77\x0a\
\x20\x20\x20\x20\x20\x69\x64\x3d\x22\x6e\x61\x6d\x65\x64\x76\x69\
\x65\x77\x31\x35\x39\x34\x22\x0a\x20\x20\x20\x20\x20\x70\x61\x67\
\x65\x63\x6f\x6c\x6f\x72\x3d\x22\x23\x66\x66\x66\x66\x66\x66\x22\
\x0a\x20\x20\x20\x20\x20\x62\x6f\x72\x64\x65\x72\x63\x6f\x6c\x6f\
\x72\x3d\x22\x23\x30\x30\x30\x30\x30\x30\x22\x0a\x20\x20\x20\x20\
\x20\x62\x6f\x72\x64\x65\x72\x6f\x70\x61\x63\x69\x74\x79\x3d\x22\
\x30\x2e\x32\x35\x22\x0a\x20\x20\x20\x20\x20\x69\x6e\x6b\x73\x63\
\x61\x70\x65\x3a\x73\x68\x6f\x77\x70\x61\x67\x65\x73\x68\x61\x64\
\x6f\x77\x3d\x22\x32\x22\x0a\x20\x20\x20\x20\x20\x69\x6e\x6b\x73\
\x63\x61\x70\x65\x3a\x70\x61\x67\x65\x6f\x70\x61\x63\x69\x74\x79\
\x3d\x22\x30\x2e\x30\x22\x0a\x20\x20\x20\x20\x20\x69\x6e\x6b\x73\
\x63\x61\x70\x65\x3a\x70\x61\x67\x65\x63\x68\x65\x63\x6b\x65\x72\
\x62\x6f\x61\x72\x64\x3d\x22\x30\x22\x0a\x20\x20\x20\x20\x20\x69\
\x6e\x6b\x73\x63\x61\x70\x65\x3a\x64\x65\x73\x6b\x63\x6f\x6c\x6f\
\x72\x3d\x22\x23\x64\x31\x64\x31\x64\x31\x22\x0a\x20\x20\x20\x20\
\x20\x73\x68\x6f\x77\x67\x72\x69\x64\x3d\x22\x66\x61\x6c\x73\x65\
\x22\x0a\x20\x20\x20\x20\x20\x69\x6e\x6b\x73\x63\x61\x70\x65\x3a\
\x7a\x6f\x6f\x6d\x3d\x22\x33\x34\x2e\x38\x37\x35\x22\x0a\x20\x20\
\x20\x20\x20\x69\x6e\x6b\x73\x63\x61\x70\x65\x3a\x63\x78\x3d\x22\
\x31\x32\x2e\x30\x31\x34\x33\x33\x37\x22\x0a\x20\x20\x20\x20\x20\
\x69\x6e\x6b\x73\x63\x61\x70\x65\x3a\x63\x79\x3d\x22\x31\x32\x22\
\x0a\x20\x20\x20\x20\x20\x69\x6e\x6b\x73\x63\x61\x70\x65\x3a\x77\
\x69\x6e\x64\x6f\x77\x2d\x77\x69\x64\x74\x68\x3d\x22\x31\x34\x36\
\x37\x22\x0a\x20\x20\x20\x20\x20\x69\x6e\x6b\x73\x63\x61\x70\x65\
\x3a\x77\x69\x6e\x64\x6f\x77\x2d\x68\x65\x69\x67\x68\x74\x3d\x22\
\x31\x30\x33\x39\x22\x0a\x20\x20\x20\x20\x20\x69\x6e\x6b\x73\x63\
\x61\x70\x65\x3a\x77\x69\x6e\x64\x6f\x77\x2d\x78\x3d\x22\x32\x30\
\x38\x36\x22\x0a\x20\x20\x20\x20\x20\x69\x6e\x6b\x73\x63\x61\x70\
\x65\x3a\x77\x69\x6e\x64\x6f\x77\x2d\x79\x3d\x22\x37\x31\x22\x0a\
\x20\x20\x20\x20\x20\x69\x6e\x6b\x73\x63\x61\x70\x65\x3a\x77\x69\
\x6e\x64\x6f\x77\x2d\x6d\x61\x78\x69\x6d\x69\x7a\x65\x64\x3d\x22\
\x30\x22\x0a\x20\x20\x20\x20\x20\x69\x6e\x6b\x73\x63\x61\x70\x65\
\x3a\x63\x75\x72\x72\x65\x6e\x74\x2d\x6c\x61\x79\x65\x72\x3d\x22\
\x73\x76\x67\x31\x35\x39\x32\x22\x20\x2f\x3e\x0a\x20\x20\x3c\x70\
\x61\x74\x68\x0a\x20\x20\x20\x20\x20\x64\x3d\x22\x4d\x20\x32\x2e\
\x35\x33\x38\x34\x36\x31\x34\x2c\x32\x2e\x35\x33\x38\x34\x36\x32\
\x20\x48\x20\x31\x35\x2e\x34\x36\x31\x35\x33\x39\x20\x56\x20\x31\
\x35\x2e\x34\x36\x31\x35\x33\x39\x20\x48\x20\x32\x2e\x35\x33\x38\
\x34\x36\x31\x34\x20\x5a\x22\x0a\x20\x20\x20\x20\x20\x66\x69\x6c\
\x6c\x3d\x22\x23\x66\x63\x65\x39\x34\x66\x22\x0a\x20\x20\x20\x20\
\x20\x73\x74\x72\x6f\x6b\x65\x3d\x22\x23\x63\x34\x61\x30\x30\x30\
\x22\x0a\x20\x20\x20\x20\x20\x73\x74\x72\x6f\x6b\x65\x2d\x6c\x69\
\x6e\x65\x63\x61\x70\x3d\x22\x72\x6f\x75\x6e\x64\x22\x0a\x20\x20\
\x20\x20\x20\x73\x74\x72\x6f\x6b\x65\x2d\x77\x69\x64\x74\x68\x3d\
\x22\x31\x2e\x30\x37\x36\x39\x32\x22\x0a\x20\x20\x20\x20\x20\x69\
\x64\x3d\x22\x70\x61\x74\x68\x31\x35\x37\x36\x22\x20\x2f\x3e\x0a\
\x20\x20\x3c\x67\x0a\x20\x20\x20\x20\x20\x69\x64\x3d\x22\x67\x31\
\x39\x37\x33\x22\x0a\x20\x20\x20\x20\x20\x74\x72\x61\x6e\x73\x66\
\x6f\x72\x6d\x3d\x22\x72\x6f\x74\x61\x74\x65\x28\x39\x30\x2c\x31\
\x38\x2e\x30\x31\x35\x33\x39\x37\x2c\x31\x36\x2e\x36\x37\x30\x31\
\x38\x34\x29\x22\x3e\x0a\x20\x20\x20\x20\x3c\x72\x65\x63\x74\x0a\
\x20\x20\x20\x20\x20\x20\x20\x66\x69\x6c\x6c\x3d\x22\x23\x34\x65\
\x39\x61\x30\x36\x22\x0a\x20\x20\x20\x20\x20\x20\x20\x68\x65\x69\
\x67\x68\x74\x3d\x22\x31\x31\x22\x0a\x20\x20\x20\x20\x20\x20\x20\
\x6f\x70\x61\x63\x69\x74\x79\x3d\x22\x30\x2e\x39\x22\x0a\x20\x20\
\x20\x20\x20\x20\x20\x72\x78\x3d\x22\x32\x2e\x30\x31\x31\x34\x39\
\x30\x31\x22\x0a\x20\x20\x20\x20\x20\x20\x20\x77\x69\x64\x74\x68\
\x3d\x22\x31\x31\x22\x0a\x20\x20\x20\x20\x20\x20\x20\x78\x3d\x22\
\x31\x33\x22\x0a\x20\x20\x20\x20\x20\x20\x20\x79\x3d\x22\x31\x33\
\x22\x0a\x20\x20\x20\x20\x20\x20\x20\x69\x64\x3d\x22\x72\x65\x63\
\x74\x31\x38\x33\x39\x22\x20\x2f\x3e\x0a\x20\x20\x20\x20\x3c\x70\
\x61\x74\x68\x0a\x20\x20\x20\x20\x20\x20\x20\x64\x3d\x22\x6d\x20\
\x31\x35\x2e\x35\x2c\x32\x31\x2e\x35\x20\x33\x2c\x2d\x36\x20\x33\
\x2c\x36\x20\x7a\x22\x0a\x20\x20\x20\x20\x20\x20\x20\x66\x69\x6c\
\x6c\x3d\x22\x23\x66\x66\x66\x66\x66\x66\x22\x0a\x20\x20\x20\x20\
\x20\x20\x20\x6f\x70\x61\x63\x69\x74\x79\x3d\x22\x30\x2e\x39\x22\
\x0a\x20\x20\x20\x20\x20\x20\x20\x73\x74\x72\x6f\x6b\x65\x3d\x22\
\x23\x66\x66\x66\x66\x66\x66\x22\x0a\x20\x20\x20\x20\x20\x20\x20\
\x73\x74\x72\x6f\x6b\x65\x2d\x6c\x69\x6e\x65\x63\x61\x70\x3d\x22\
\x72\x6f\x75\x6e\x64\x22\x0a\x20\x20\x20\x20\x20\x20\x20\x73\x74\
\x72\x6f\x6b\x65\x2d\x6c\x69\x6e\x65\x6a\x6f\x69\x6e\x3d\x22\x72\
\x6f\x75\x6e\x64\x22\x0a\x20\x20\x20\x20\x20\x20\x20\x69\x64\x3d\
\x22\x70\x61\x74\x68\x31\x38\x34\x31\x22\x20\x2f\x3e\x0a\x20\x20\
\x20\x20\x3c\x70\x61\x74\x68\x0a\x20\x20\x20\x20\x20\x20\x20\x64\
\x3d\x22\x6d\x20\x31\x34\x2c\x31\x39\x20\x39\x2c\x2d\x30\x2e\x30\
\x30\x39\x36\x20\x63\x20\x30\x2c\x30\x20\x30\x2c\x30\x20\x30\x2c\
\x2d\x32\x20\x43\x20\x32\x33\x2c\x31\x34\x20\x32\x32\x2c\x31\x34\
\x20\x31\x38\x2e\x35\x2c\x31\x34\x20\x31\x35\x2c\x31\x34\x20\x31\
\x34\x2c\x31\x34\x20\x31\x34\x2c\x31\x37\x20\x5a\x22\x0a\x20\x20\
\x20\x20\x20\x20\x20\x66\x69\x6c\x6c\x3d\x22\x23\x66\x63\x66\x66\
\x66\x66\x22\x0a\x20\x20\x20\x20\x20\x20\x20\x66\x69\x6c\x6c\x2d\
\x72\x75\x6c\x65\x3d\x22\x65\x76\x65\x6e\x6f\x64\x64\x22\x0a\x20\
\x20\x20\x20\x20\x20\x20\x6f\x70\x61\x63\x69\x74\x79\x3d\x22\x30\
\x2e\x33\x22\x0a\x20\x20\x20\x20\x20\x20\x20\x69\x64\x3d\x22\x70\
\x61\x74\x68\x31\x38\x34\x33\x22\x20\x2f\x3e\x0a\x20\x20\x3c\x2f\
\x67\x3e\x0a\x3c\x2f\x73\x76\x67\x3e\x0a\
\x00\x00\x05\x42\
\x00\
\x00\x14\xa7\x78\x9c\xed\x58\x5b\x6f\xdb\x36\x14\x7e\xcf\xaf\x20\
\xb4\x97\x06\x90\x68\x5e\x44\x5d\x9c\xb8\xc5\xb0\x62\xe8\x43\xfa\
\xd6\x15\xdb\x53\xa1\x48\xb4\xad\x45\x16\x0d\x8a\xb6\x93\xfc\xfa\
\x1d\x4a\xa2\x2c\xc7\x17\xac\x5d\x02\xec\xa1\x6a\x8a\x88\xe7\xc6\
\x73\xf9\xce\xa1\x98\xdb\x0f\x8f\xab\x0a\x6d\xa5\x6e\x4a\x55\xcf\
\x3c\x8a\x89\x87\x64\x9d\xab\xa2\xac\x17\x33\xef\x8f\x2f\xbf\x07\
\x89\x87\x1a\x93\xd5\x45\x56\xa9\x5a\xce\xbc\x5a\x79\x1f\xde\x5f\
\xdd\x36\xdb\xc5\x15\x42\x68\x29\xcb\xc5\xd2\xcc\x3c\x16\x7a\x76\
\xb9\x2b\x0b\xb3\x1c\x56\x23\xab\xb4\x25\x94\xc5\xcc\x03\x45\xda\
\xb1\x1b\xd8\x64\x0d\xff\xa7\x85\xca\xeb\x6c\x05\xb6\xf3\x65\x56\
\x2f\xe4\x37\x35\x9f\x37\xd2\x7c\x53\x55\x81\x41\xba\xd3\xac\x1f\
\x9a\x3c\x5b\xcb\xe9\xd8\x26\x66\xe8\x1d\xc9\x08\xc9\xe7\x82\xf3\
\xd4\x47\x8c\x30\x16\x10\xf8\x09\xaf\x5b\x25\x88\xac\x6e\xa6\x4e\
\x75\xe6\x2d\x8d\x59\x4f\x27\x93\xdd\x6e\x87\x1d\x11\x2b\xbd\x98\
\xd8\xcd\x9b\x75\x96\xcb\x66\xe2\xe8\x23\x7d\xe7\xe6\xa0\xef\x08\
\xb8\x51\x1b\x9d\xcb\x39\x98\x90\xb8\x96\x66\xf2\xf1\xcb\xc7\x81\
\x19\x10\x5c\x98\x62\x6f\xe6\x60\xf7\x1d\x6f\xf7\x65\x84\x90\x89\
\x8b\xb0\xdf\x6c\xbb\xb8\x28\xf9\x1e\x44\x6f\x0b\x39\x6f\xac\x4a\
\x97\x50\xbb\xa2\x49\xcb\x01\xde\x2a\xd3\x0f\x52\x77\x5c\x48\xb1\
\x79\xaa\x20\x70\x05\x59\x9b\x57\x6a\x37\xdd\x96\x4d\x79\x5f\xc9\
\x1b\xcf\x09\x58\x03\xbf\x6a\xad\x76\xec\xb3\xac\x8b\x81\xac\xe5\
\xfc\xcf\x99\x47\x00\x0c\x23\xca\x5f\x87\x14\xa5\x4b\x59\x43\xe9\
\xb3\x8d\x51\x7b\x7b\xae\x4e\x8d\x51\xf9\xc3\x19\xeb\x83\x50\xd9\
\xb4\x62\x33\xcf\xe8\x8d\xec\x23\x80\x18\xd6\x99\x59\x3a\x59\x84\
\x8c\xce\xea\x06\x92\xbc\x02\xec\xe4\x59\x25\xdf\x11\x1c\x5d\x23\
\xad\x4c\x66\xe4\x3b\x9a\x90\xeb\x4e\xa2\xb2\x4b\xe2\x93\x6b\x6f\
\xaf\x0a\xdb\x7f\x46\x09\x8e\x69\x22\x92\x38\xf1\x43\x4c\x38\x8f\
\xb9\x60\xe8\x0e\x05\x0c\x33\x12\xb3\x24\x15\x3e\x04\x45\x23\x42\
\x39\x13\x11\x30\x7a\xf1\x24\xf4\x03\x90\x27\x34\x26\x71\x82\x7e\
\x43\x11\x4e\x63\x4e\x52\x42\xfc\x80\xe2\x88\xa5\x51\x18\xa5\x96\
\x98\x70\x1a\xc6\x91\x0f\x34\x2a\xe2\x30\xa4\x27\xb7\x7b\x46\x23\
\xa7\xfa\x9a\x34\x46\xab\x07\x39\xcd\x55\x6d\xe4\xa3\x09\xba\xe5\
\xcd\xbc\xac\xaa\x40\x6f\x2a\x39\x95\x5b\x59\xab\xa2\x68\x29\x2f\
\xa5\xba\x5f\x41\xdb\x6d\x53\x48\x07\x13\xc4\x3e\x8e\x5e\x95\xb5\
\xfc\x5b\x95\xf5\x54\xab\x4d\x5d\xdc\x8c\xf6\xb6\x05\xb1\xd9\xe5\
\x3c\x11\x1e\x9a\xf4\x98\x99\x74\xa0\xf9\x71\x04\x75\x2a\x3c\x0a\
\xc3\xb7\x43\xd0\xdd\x2b\x22\x08\x66\xc7\x39\x04\xd1\x9f\x08\xfa\
\x77\x08\x8a\x42\xf6\x9f\x10\x74\x62\x04\xdd\xc1\x39\xa3\xcd\x1b\
\x42\xe8\xd0\xfe\x6b\x80\xe8\x27\x70\x2e\x01\xe7\xe4\xe4\x89\xa3\
\x57\x9c\x3c\x6d\x61\xe9\xdd\x5b\x9e\x5d\xf4\x35\x27\x0f\xc1\xc9\
\xd9\xc9\xc3\xb0\x38\xc4\x50\x9f\x81\xef\x29\xcc\xc5\x72\xc1\xc7\
\xdd\xda\xdc\xbc\x04\x29\xe4\xc5\xe2\x10\xf0\x27\xe0\x2d\x10\xed\
\x6b\xd0\x79\x33\x90\x3b\xaa\x13\x3d\x00\xd5\xbe\xb2\x11\x7d\xed\
\xca\xb2\x37\xad\xec\xcf\x33\xe5\x7f\x76\xa6\xf0\x38\x3d\x89\xa0\
\xdb\x89\xfd\xc8\x6d\xdf\x86\x4b\x83\xfd\x68\x2f\xb6\xa5\xdc\xed\
\xbf\x84\x07\x12\x8d\x7a\xeb\xeb\x6c\x21\x73\x55\x29\x3d\xf3\x7e\
\x99\xb7\x4f\xcf\xb8\x57\xba\x90\xda\xb1\xa2\xf6\x39\x60\x29\xb8\
\x0f\x94\xe6\xa9\xbb\x11\x5d\x1d\x02\xc4\x5a\x6d\x96\x59\xa1\x76\
\x70\xd5\x39\xc5\x1c\x94\xc9\x69\xe5\x7c\x29\x73\x08\xed\x5e\x65\
\x1a\xdc\x76\x22\xcd\x52\xed\x16\xda\x06\x32\xcf\xaa\x46\xbe\x54\
\x7c\x56\x0a\xc0\x06\x7d\x09\xa5\x67\x22\x79\xc9\xce\x1f\x81\x19\
\x63\x4e\x78\x72\xe4\x53\x6e\xe3\x00\x08\xa4\x21\x25\xf4\x25\x73\
\x57\xd6\x10\x49\xd0\x5f\xdd\xa8\x08\xd3\x33\x12\xee\xae\x17\xc7\
\x47\x9b\xf7\x12\xe0\x02\xe3\x54\x9c\xe1\xb6\x4e\x9c\xdb\x7e\x95\
\x3d\x96\xab\xf2\x59\x8e\xf2\xb1\x77\x7f\xa3\x35\x34\x75\x50\x65\
\x4f\x52\x8f\x6f\x90\xe3\xce\xae\xb3\x75\xb0\xa8\xd4\x7d\x56\xf5\
\x8d\x7b\x4a\x00\xb0\x2b\x9b\x33\xf9\x6d\x05\x6c\x75\x2e\xe8\x2b\
\xb3\x84\xfb\xe7\x25\x03\xb6\x80\x17\x05\x8c\x0a\x16\x9b\xf2\x82\
\x1b\x80\x82\x8b\x00\x03\xd5\x07\x07\xdc\x82\xda\x7f\x7d\xcf\x8c\
\x26\xd4\xe8\xe4\x98\xd6\x70\x6d\x77\xa7\x03\x34\x41\x96\xed\x5b\
\xb2\x6b\x55\xe1\x96\x45\x06\x9b\x6a\x9d\x3d\xb5\x3a\xfd\xbe\xed\
\xb4\x62\x38\xe6\x8c\x26\x8c\xfa\x8c\x62\x1e\x91\x28\x8d\xd1\xf0\
\xe6\x33\x1c\x12\x4a\x48\x32\x14\xbe\xef\x67\x57\xeb\x7d\xcf\x42\
\xfa\xcd\xd3\xda\xc6\x9e\xe7\xce\xeb\xc5\x5e\x69\xe1\x34\x46\xd3\
\x75\x95\x19\x5d\x3e\xda\x9b\x1d\x4e\x23\x21\x08\x8b\x85\x1f\x8c\
\xde\x89\xcf\x38\x16\x49\x04\x53\x0d\x44\x42\xca\xd3\x28\x26\xe2\
\xda\xdd\x87\xc7\x53\xdb\xde\x54\x10\xe5\x38\x14\x1c\x1e\x3f\xc1\
\x6d\xdb\xc7\x28\xf2\x83\x08\x7d\x42\x34\xec\x08\x11\xfa\x8a\x08\
\xac\x59\x08\x2f\x29\xe6\xed\x63\xd7\xd4\xbd\x7f\x45\x21\x16\x61\
\xab\x5b\xa1\x20\x82\xd3\x31\xb5\x4f\x82\x9e\x0f\x8e\x30\xbb\x37\
\x13\x80\xd5\x61\xa6\x1d\x79\xd3\xfb\x90\xf8\x83\x5b\x88\xe2\x24\
\x06\x63\x31\x4c\xef\x24\x41\x81\xb3\xed\x5b\x17\xd3\xbd\x07\xe0\
\xdd\x27\x70\x73\x8b\x82\x9e\x18\xa2\x25\xd4\xa9\x0f\x69\x0b\x1e\
\xc6\x49\xef\x61\x84\xdb\x41\x4c\x21\xcc\x63\xff\x5c\x19\x26\x8b\
\xf6\x97\x96\xb9\x39\xc6\x50\x3f\x3c\xbb\x83\xa0\x9f\x6e\x53\x3a\
\xa0\x8a\xce\x33\x46\x92\x43\x54\xc1\xf7\x83\x23\xac\x4a\x23\x75\
\x05\xed\x6d\xa6\xe1\x69\xac\x39\xea\x60\x7a\x84\x24\xeb\x11\x63\
\xc4\x81\xab\x9f\x53\x02\x3b\x82\x1b\x4b\x7b\x8a\x1d\x43\x98\x08\
\x9a\x8a\xd8\x05\x6c\x67\x4f\x04\x78\x4d\xf8\xd1\xe4\x18\xb0\x16\
\xe4\x30\x64\xa4\xb6\x53\x0c\xe6\x76\x44\x69\x14\x0b\x71\xd4\x7e\
\x47\xe2\x60\x1a\xf0\xc8\x63\xc2\x85\x88\xb8\x4b\xe7\x0f\xe5\x71\
\x3e\x1f\x1f\x98\x6f\x94\xc7\x80\x7f\x57\x26\x21\x6d\x61\x9c\x42\
\x5b\x8d\x32\x09\x90\xe4\x94\x31\xfe\x3d\xa9\x0c\xd3\xa3\xd1\x7f\
\x31\x95\x71\xd7\x36\xb7\xf6\xcf\x5e\xef\xaf\xfe\x01\x48\xef\xbd\
\xad\
\x00\x00\x04\xb5\
\x00\
\x00\x12\x52\x78\x9c\xed\x58\x4b\x6f\xdb\x38\x10\xbe\xe7\x57\x10\
\xea\x25\x01\x2c\x9a\xa4\x24\x8a\x72\xec\x14\x8b\x2d\x16\x3d\xa4\
\xb7\xee\xa2\x3d\x15\x8c\x44\xdb\xda\xc8\xa2\x41\xd1\x76\x9c\x5f\
\xdf\xa1\x5e\x7e\xc4\xf6\xbe\x12\x60\x0f\x51\x6c\x44\x9c\x17\x67\
\x38\xdf\x0c\x49\x8f\x3f\x3e\x2d\x0a\xb4\x56\xa6\xca\x75\x39\xf1\
\x28\x26\x1e\x52\x65\xaa\xb3\xbc\x9c\x4d\xbc\xdf\xbf\xfe\xe6\x0b\
\x0f\x55\x56\x96\x99\x2c\x74\xa9\x26\x5e\xa9\xbd\x8f\x77\x57\xe3\
\x6a\x3d\xbb\x42\x08\xcd\x55\x3e\x9b\xdb\x89\xc7\x42\xcf\x0d\x37\
\x79\x66\xe7\xfd\x68\xcf\x2a\xad\x09\x79\x36\xf1\x40\x91\x36\xec\
\x0a\x26\x59\xc2\x77\x94\xe9\xb4\x94\x0b\xb0\xbd\xd0\x6b\xf5\x63\
\xa9\x8b\x1f\x53\x25\xed\xca\x28\x0c\xc2\x8d\x62\xf9\x58\xa5\x72\
\xa9\x46\xfb\x26\x31\x43\xd7\x44\x12\x92\x4e\xa3\x20\x48\x06\x88\
\x11\xc6\x7c\x02\x9f\xf0\xa6\x56\x82\xc0\xca\x6a\xd4\xa9\x4e\xbc\
\xb9\xb5\xcb\xd1\x70\xb8\xd9\x6c\x70\x47\xc4\xda\xcc\x86\x6e\xee\
\x6a\x29\x53\x55\x0d\x3b\xfa\x9e\x7e\xe7\x65\xaf\xdf\x11\x70\xa5\
\x57\x26\x55\x53\x30\xa1\x70\xa9\xec\xf0\xd3\xd7\x4f\x3d\xd3\x27\
\x38\xb3\xd9\xce\xcc\xc1\xec\x9b\xa0\x9e\x97\x11\x42\x86\x5d\x84\
\xed\x64\xeb\xd9\x45\xc9\x3b\x10\x1d\x67\x6a\x5a\x39\x95\x66\x3d\
\xdd\x88\x8a\x9a\x03\xbc\x85\x34\x8f\xca\x34\x5c\x58\x61\xbb\x2d\
\x20\x70\x58\x55\x33\x2d\xf4\x66\xb4\xce\xab\xfc\xa1\x50\xb7\x5e\
\x27\xe0\x0c\xfc\x62\x8c\xde\xb0\x2f\xaa\xcc\x7a\xb2\x51\xd3\x6f\
\x13\x8f\x00\x16\xf6\x28\xdf\x0f\x29\xda\xe4\xaa\x84\xcc\xcb\x95\
\xd5\x3b\x7b\x5d\x9e\x2a\xab\xd3\xc7\x33\xd6\x7b\xa1\xbc\xaa\xc5\
\x26\x9e\x35\x2b\xd5\x46\x00\x31\x2c\xa5\x9d\x77\xb2\x08\x59\x23\
\xcb\x0a\x16\x79\x01\xd0\x49\x65\xa1\xae\x09\xe6\x37\xc8\x68\x2b\
\xad\xba\xa6\x82\xdc\x34\x12\x85\x1b\x92\x01\xb9\xf1\x76\xaa\x30\
\xfd\x17\x24\x70\x4c\x45\x24\x62\x31\x08\x31\x09\x82\x38\x88\x18\
\xba\x47\x3e\xc3\x8c\xc4\x4c\x24\xd1\x00\x82\xa2\x9c\xd0\x80\x45\
\x1c\x18\xad\xb8\x08\x07\x3e\xc8\x13\x1a\x93\x58\xa0\x5f\x11\xc7\
\x49\x1c\x90\x84\x90\x81\x4f\x31\x67\x09\x0f\x79\xe2\x88\x22\xa0\
\x61\xcc\x07\x40\xa3\x51\x1c\x86\xf4\xe4\x74\xcf\x68\xcf\xa9\x36\
\x27\x95\x35\xfa\x51\x8d\x52\x5d\x5a\xf5\x64\xfd\x66\x78\x3b\xcd\
\x8b\xc2\x37\xab\x42\x8d\xd4\x5a\x95\x3a\xcb\x6a\xca\xb1\x54\xf3\
\xcf\xaf\x8b\x6d\x04\xcb\xc1\x22\xe2\x9e\x8e\x5e\xe4\xa5\xfa\x53\
\xe7\xe5\xc8\xe8\x55\x99\xdd\xee\xcd\xed\x12\xe2\x56\x37\x08\x44\
\xe4\xa1\x61\x8b\x99\x61\x03\x9a\x7f\x8f\xa0\x46\x25\xe0\x61\xf8\
\x76\x08\xba\x7f\x45\x04\x41\xef\x38\x87\x20\xfa\x8e\xa0\xbf\x87\
\x20\x1e\xb2\xff\x84\xa0\x13\x2d\xe8\x1e\xb6\x19\x63\xdf\x10\x42\
\x87\xf6\x5f\x03\x44\xef\xc0\xb9\x04\x9c\x93\x9d\x27\xe6\xaf\xd8\
\x79\xea\xc4\xd2\xfb\xb7\xdc\xbb\xe8\x6b\x76\x1e\x82\xc5\xd9\xce\
\xc3\x70\x74\x88\xa1\x76\x05\xfe\x49\x62\x2e\xa6\x0b\xce\x76\x4b\
\x7b\x7b\x0c\x52\x58\x17\x87\x43\xc0\x5f\x04\x6f\x7e\x54\xbf\xfa\
\x8d\x37\x3d\xb9\xa1\x76\xa2\x07\xa0\xda\x65\x96\xd3\xd7\xce\x2c\
\x7b\xd3\xcc\xbe\xef\x29\xff\xb3\x3d\x25\x88\x93\x93\x08\x1a\x0f\
\xdd\x21\xb7\x7e\xeb\xef\x0c\xee\xd0\x9e\xad\x73\xb5\xd9\x9d\x84\
\x7b\x12\xe5\xad\xf5\xa5\x9c\xa9\x54\x17\xda\x4c\xbc\x0f\xd3\xfa\
\x69\x19\x0f\xda\x64\xca\x74\x2c\x5e\x3f\x07\x2c\x0d\xf7\x81\xdc\
\x6e\x9b\x0b\xd1\xd5\x21\x40\x9c\xd5\x6a\x2e\x33\xbd\x81\x9b\xce\
\x29\x66\xaf\x4c\x4e\x2b\xa7\x73\x95\x42\x68\x0f\x5a\x1a\x70\xbb\
\x13\xa9\xe6\x7a\x33\x33\x2e\x90\xa9\x2c\x2a\x75\xac\xf8\xac\x35\
\x80\x2d\xc2\x09\x75\xce\xc6\xc7\xec\xf4\x69\xe2\xf9\x81\xc0\x49\
\x14\xc7\x21\x7f\xc1\x05\x67\x18\x5c\x98\x1c\x37\x3a\x66\x6e\xf2\
\x12\x62\xf1\xdb\xbb\x1b\x4d\xd8\x0b\xa7\x5b\x89\xee\xb2\x47\x09\
\x11\x67\x44\x9e\x2e\x1a\xd8\xee\xa2\x3d\x66\x2d\xe4\x53\xbe\xc8\
\x9f\x15\x84\x4f\x5f\x78\xbf\x32\x06\xaa\xda\x2f\xe4\x56\x99\xfd\
\x1b\xe4\x7e\x69\x97\x72\xe9\xcf\x0a\xfd\x20\x8b\xb6\x72\x4f\x09\
\x00\x78\x55\x75\x66\x81\x6b\x01\x97\x9e\x0b\xfa\xda\xce\xe1\x02\
\x7a\xc9\x80\xcb\xe0\x45\x01\xab\xfd\xd9\x2a\xbf\xe0\x06\xc0\xe0\
\x22\xc2\x40\xf5\xb1\x43\x6e\x46\xdd\x5f\x5b\x34\x7b\x2d\xca\x1d\
\xca\x11\x0d\x70\x08\x37\xe3\x20\x18\x08\x5c\x23\x3c\x66\x88\x0f\
\x7c\x8e\xeb\xba\x24\x11\xfa\x8c\x68\xd8\x70\x38\xfa\x03\x11\x18\
\xb3\x10\x5e\x12\xec\x94\x02\x16\x3b\x02\x6d\x06\x01\xd0\x43\x1c\
\x85\xce\x4a\x88\x0a\xe4\x73\xd8\x13\x12\xf7\xc4\x1c\x3d\x7b\xbb\
\x22\x74\x3e\x08\x2e\xce\xb8\xd4\x39\x12\x0f\x7a\xe7\x10\xc5\x22\
\x76\x76\x02\xe8\x57\x42\x20\xbf\xb7\x3b\xe0\xe0\x40\xe7\x8c\xf3\
\x10\xbc\xfb\x0c\x6e\xae\x91\xdf\x52\x43\x34\x47\xac\x8d\x20\x06\
\x7a\x88\x63\x51\xbf\x16\xa8\x8d\x92\x42\xbc\x47\xde\x75\xe7\xd6\
\xb1\x51\xa9\xbd\xda\xef\x7e\x75\x57\x6b\x1b\x45\xd3\xf4\xda\x4a\
\x1e\xd1\x6e\x7f\xfd\x40\xe3\xe4\x61\xd7\xd4\x9a\x66\x17\x76\xc3\
\x45\x6e\x95\x29\x00\xc7\x76\x47\xcb\x24\x64\xd2\x18\xb9\x1d\x95\
\xba\xec\xbb\x64\x6f\x78\xcf\x39\xe7\x0f\x63\xa4\xab\xcf\xb6\x1e\
\x05\x16\x2c\xa4\x5c\x74\x38\xe8\x8a\xf0\x98\x0e\x95\x17\x63\x68\
\xf1\x09\x8d\x92\x96\xb4\x7d\x49\xea\x51\xd4\x6f\x60\x7e\x0a\xa5\
\xa5\x8c\xab\x5c\x68\x57\x89\xa0\x01\x4f\x48\xf0\x97\xe2\x60\xdb\
\x27\x38\x4a\x42\x0a\xbb\x4e\x83\xc0\xb1\xfb\x89\xe2\xee\xea\x27\
\x4e\xf2\x16\x3d\
\x00\x00\x03\x7b\
\x3c\
\x73\x76\x67\x20\x65\x6e\x61\x62\x6c\x65\x2d\x62\x61\x63\x6b\x67\
\x72\x6f\x75\x6e\x64\x3d\x22\x6e\x65\x77\x20\x30\x20\x30\x20\x32\
\x34\x20\x32\x34\x22\x20\x68\x65\x69\x67\x68\x74\x3d\x22\x32\x34\
\x22\x20\x76\x69\x65\x77\x42\x6f\x78\x3d\x22\x30\x20\x30\x20\x32\
\x34\x20\x32\x34\x22\x20\x77\x69\x64\x74\x68\x3d\x22\x32\x34\x22\
\x20\x78\x6d\x6c\x6e\x73\x3d\x22\x68\x74\x74\x70\x3a\x2f\x2f\x77\
\x77\x77\x2e\x77\x33\x2e\x6f\x72\x67\x2f\x32\x30\x30\x30\x2f\x73\
\x76\x67\x22\x3e\x3c\x67\x20\x74\x72\x61\x6e\x73\x66\x6f\x72\x6d\
\x3d\x22\x74\x72\x61\x6e\x73\x6c\x61\x74\x65\x28\x30\x20\x2d\x38\
\x29\x22\x3e\x3c\x70\x61\x74\x68\x20\x64\x3d\x22\x6d\x32\x2e\x35\
\x33\x38\x34\x36\x31\x34\x20\x31\x30\x2e\x35\x33\x38\x34\x36\x32\
\x68\x31\x32\x2e\x39\x32\x33\x30\x37\x38\x76\x31\x32\x2e\x39\x32\
\x33\x30\x37\x37\x68\x2d\x31\x32\x2e\x39\x32\x33\x30\x37\x38\x7a\
\x22\x20\x66\x69\x6c\x6c\x3d\x22\x23\x66\x63\x65\x39\x34\x66\x22\
\x20\x73\x74\x72\x6f\x6b\x65\x3d\x22\x23\x63\x34\x61\x30\x30\x30\
\x22\x20\x73\x74\x72\x6f\x6b\x65\x2d\x6c\x69\x6e\x65\x63\x61\x70\
\x3d\x22\x72\x6f\x75\x6e\x64\x22\x20\x73\x74\x72\x6f\x6b\x65\x2d\
\x77\x69\x64\x74\x68\x3d\x22\x31\x2e\x30\x37\x36\x39\x32\x33\x22\
\x2f\x3e\x3c\x67\x20\x74\x72\x61\x6e\x73\x66\x6f\x72\x6d\x3d\x22\
\x74\x72\x61\x6e\x73\x6c\x61\x74\x65\x28\x30\x20\x38\x29\x22\x3e\
\x3c\x70\x61\x74\x68\x20\x64\x3d\x22\x6d\x31\x34\x2e\x33\x35\x37\
\x20\x31\x33\x2e\x35\x68\x38\x2e\x32\x38\x35\x63\x2e\x34\x37\x34\
\x20\x30\x20\x2e\x38\x35\x37\x2e\x33\x38\x34\x2e\x38\x35\x37\x2e\
\x38\x35\x37\x76\x38\x2e\x32\x38\x35\x63\x30\x20\x2e\x34\x37\x34\
\x2d\x2e\x33\x38\x34\x2e\x38\x35\x37\x2d\x2e\x38\x35\x37\x2e\x38\
\x35\x37\x68\x2d\x38\x2e\x32\x38\x35\x63\x2d\x2e\x34\x37\x34\x20\
\x30\x2d\x2e\x38\x35\x37\x2d\x2e\x33\x38\x34\x2d\x2e\x38\x35\x37\
\x2d\x2e\x38\x35\x37\x76\x2d\x38\x2e\x32\x38\x35\x63\x30\x2d\x2e\
\x34\x37\x33\x2e\x33\x38\x34\x2d\x2e\x38\x35\x37\x2e\x38\x35\x37\
\x2d\x2e\x38\x35\x37\x7a\x22\x20\x66\x69\x6c\x6c\x3d\x22\x23\x63\
\x30\x30\x22\x20\x6f\x70\x61\x63\x69\x74\x79\x3d\x22\x2e\x39\x22\
\x20\x73\x74\x72\x6f\x6b\x65\x3d\x22\x23\x63\x30\x30\x22\x20\x73\
\x74\x72\x6f\x6b\x65\x2d\x6c\x69\x6e\x65\x63\x61\x70\x3d\x22\x73\
\x71\x75\x61\x72\x65\x22\x20\x73\x74\x72\x6f\x6b\x65\x2d\x6c\x69\
\x6e\x65\x6a\x6f\x69\x6e\x3d\x22\x72\x6f\x75\x6e\x64\x22\x2f\x3e\
\x3c\x70\x61\x74\x68\x20\x64\x3d\x22\x6d\x31\x33\x2e\x35\x20\x31\
\x38\x2e\x35\x68\x31\x30\x76\x2d\x33\x2e\x33\x33\x34\x63\x30\x2d\
\x31\x2e\x36\x36\x36\x20\x30\x2d\x31\x2e\x36\x36\x36\x2d\x32\x2e\
\x35\x2d\x31\x2e\x36\x36\x36\x2d\x2e\x35\x38\x32\x20\x30\x2d\x35\
\x2e\x30\x36\x31\x20\x30\x2d\x35\x2e\x38\x33\x34\x20\x30\x2d\x31\
\x2e\x36\x36\x36\x20\x30\x2d\x31\x2e\x36\x36\x36\x20\x30\x2d\x31\
\x2e\x36\x36\x36\x20\x31\x2e\x36\x36\x36\x7a\x22\x20\x66\x69\x6c\
\x6c\x3d\x22\x23\x66\x63\x66\x66\x66\x66\x22\x20\x6f\x70\x61\x63\
\x69\x74\x79\x3d\x22\x2e\x35\x22\x2f\x3e\x3c\x67\x20\x66\x69\x6c\
\x6c\x3d\x22\x6e\x6f\x6e\x65\x22\x20\x73\x74\x72\x6f\x6b\x65\x3d\
\x22\x23\x65\x65\x65\x65\x65\x63\x22\x20\x73\x74\x72\x6f\x6b\x65\
\x2d\x6c\x69\x6e\x65\x63\x61\x70\x3d\x22\x72\x6f\x75\x6e\x64\x22\
\x3e\x3c\x70\x61\x74\x68\x20\x64\x3d\x22\x6d\x31\x36\x2e\x33\x37\
\x33\x20\x32\x30\x2e\x36\x35\x20\x34\x2e\x32\x35\x34\x2d\x34\x2e\
\x33\x30\x31\x22\x20\x73\x74\x72\x6f\x6b\x65\x2d\x77\x69\x64\x74\
\x68\x3d\x22\x31\x2e\x35\x22\x2f\x3e\x3c\x63\x69\x72\x63\x6c\x65\
\x20\x63\x78\x3d\x22\x31\x38\x2e\x35\x22\x20\x63\x79\x3d\x22\x31\
\x38\x2e\x35\x22\x20\x72\x3d\x22\x34\x2e\x31\x35\x36\x32\x35\x22\
\x20\x73\x74\x72\x6f\x6b\x65\x2d\x77\x69\x64\x74\x68\x3d\x22\x31\
\x2e\x36\x38\x37\x35\x22\x2f\x3e\x3c\x2f\x67\x3e\x3c\x2f\x67\x3e\
\x3c\x2f\x67\x3e\x3c\x2f\x73\x76\x67\x3e\
\x00\x00\x01\x21\
\x3c\
\x73\x76\x67\x20\x68\x65\x69\x67\x68\x74\x3d\x22\x31\x36\x22\x20\
\x77\x69\x64\x74\x68\x3d\x22\x31\x36\x22\x20\x78\x6d\x6c\x6e\x73\
\x3d\x22\x68\x74\x74\x70\x3a\x2f\x2f\x77\x77\x77\x2e\x77\x33\x2e\
\x6f\x72\x67\x2f\x32\x30\x30\x30\x2f\x73\x76\x67\x22\x3e\x3c\x70\
\x61\x74\x68\x20\x64\x3d\x22\x6d\x34\x2e\x36\x33\x30\x33\x31\x33\
\x39\x20\x33\x2d\x33\x2e\x36\x33\x30\x33\x31\x33\x39\x20\x35\x20\
\x33\x2e\x36\x33\x30\x33\x31\x33\x39\x20\x35\x68\x39\x2e\x33\x36\
\x39\x36\x38\x36\x31\x76\x2d\x31\x30\x68\x2d\x2e\x31\x37\x35\x37\
\x35\x35\x7a\x22\x20\x66\x69\x6c\x6c\x3d\x22\x23\x36\x36\x36\x22\
\x2f\x3e\x3c\x67\x20\x66\x69\x6c\x6c\x3d\x22\x6e\x6f\x6e\x65\x22\
\x20\x73\x74\x72\x6f\x6b\x65\x3d\x22\x23\x66\x66\x66\x22\x3e\x3c\
\x70\x61\x74\x68\x20\x64\x3d\x22\x6d\x35\x2e\x39\x32\x32\x36\x38\
\x36\x32\x20\x31\x30\x2e\x36\x39\x36\x32\x39\x20\x35\x2e\x37\x37\
\x38\x33\x39\x35\x38\x2d\x35\x2e\x34\x32\x33\x30\x30\x33\x39\x22\
\x2f\x3e\x3c\x70\x61\x74\x68\x20\x64\x3d\x22\x6d\x35\x2e\x39\x32\
\x32\x36\x38\x36\x32\x20\x35\x2e\x32\x37\x33\x32\x38\x36\x31\x20\
\x35\x2e\x37\x37\x38\x33\x39\x35\x38\x20\x35\x2e\x34\x32\x33\x30\
\x30\x33\x39\x22\x2f\x3e\x3c\x2f\x67\x3e\x3c\x2f\x73\x76\x67\x3e\
\
\x00\x00\x06\x5f\
\x3c\
\x3f\x78\x6d\x6c\x20\x76\x65\x72\x73\x69\x6f\x6e\x3d\x22\x31\x2e\
\x30\x22\x20\x65\x6e\x63\x6f\x64\x69\x6e\x67\x3d\x22\x55\x54\x46\
\x2d\x38\x22\x20\x73\x74\x61\x6e\x64\x61\x6c\x6f\x6e\x65\x3d\x22\
\x6e\x6f\x22\x3f\x3e\x0a\x3c\x73\x76\x67\x0a\x20\x20\x20\x68\x65\
\x69\x67\x68\x74\x3d\x22\x32\x34\x22\x0a\x20\x20\x20\x77\x69\x64\
\x74\x68\x3d\x22\x32\x34\x22\x0a\x20\x20\x20\x76\x65\x72\x73\x69\
\x6f\x6e\x3d\x22\x31\x2e\x31\x22\x0a\x20\x20\x20\x69\x64\x3d\x22\
\x73\x76\x67\x31\x32\x22\x0a\x20\x20\x20\x73\x6f\x64\x69\x70\x6f\
\x64\x69\x3a\x64\x6f\x63\x6e\x61\x6d\x65\x3d\x22\x6d\x41\x63\x74\
\x69\x6f\x6e\x44\x65\x6c\x65\x74\x65\x53\x65\x6c\x65\x63\x74\x65\
\x64\x46\x65\x61\x74\x75\x72\x65\x73\x2e\x73\x76\x67\x22\x0a\x20\
\x20\x20\x69\x6e\x6b\x73\x63\x61\x70\x65\x3a\x76\x65\x72\x73\x69\
\x6f\x6e\x3d\x22\x31\x2e\x31\x2e\x32\x20\x28\x30\x61\x30\x30\x63\
\x66\x35\x33\x33\x39\x2c\x20\x32\x30\x32\x32\x2d\x30\x32\x2d\x30\
\x34\x29\x22\x0a\x20\x20\x20\x78\x6d\x6c\x6e\x73\x3a\x69\x6e\x6b\
\x73\x63\x61\x70\x65\x3d\x22\x68\x74\x74\x70\x3a\x2f\x2f\x77\x77\
\x77\x2e\x69\x6e\x6b\x73\x63\x61\x70\x65\x2e\x6f\x72\x67\x2f\x6e\
\x61\x6d\x65\x73\x70\x61\x63\x65\x73\x2f\x69\x6e\x6b\x73\x63\x61\
\x70\x65\x22\x0a\x20\x20\x20\x78\x6d\x6c\x6e\x73\x3a\x73\x6f\x64\
\x69\x70\x6f\x64\x69\x3d\x22\x68\x74\x74\x70\x3a\x2f\x2f\x73\x6f\
\x64\x69\x70\x6f\x64\x69\x2e\x73\x6f\x75\x72\x63\x65\x66\x6f\x72\
\x67\x65\x2e\x6e\x65\x74\x2f\x44\x54\x44\x2f\x73\x6f\x64\x69\x70\
\x6f\x64\x69\x2d\x30\x2e\x64\x74\x64\x22\x0a\x20\x20\x20\x78\x6d\
\x6c\x6e\x73\x3d\x22\x68\x74\x74\x70\x3a\x2f\x2f\x77\x77\x77\x2e\
\x77\x33\x2e\x6f\x72\x67\x2f\x32\x30\x30\x30\x2f\x73\x76\x67\x22\
\x0a\x20\x20\x20\x78\x6d\x6c\x6e\x73\x3a\x73\x76\x67\x3d\x22\x68\
\x74\x74\x70\x3a\x2f\x2f\x77\x77\x77\x2e\x77\x33\x2e\x6f\x72\x67\
\x2f\x32\x30\x30\x30\x2f\x73\x76\x67\x22\x3e\x0a\x20\x20\x3c\x64\
\x65\x66\x73\x0a\x20\x20\x20\x20\x20\x69\x64\x3d\x22\x64\x65\x66\
\x73\x31\x36\x22\x20\x2f\x3e\x0a\x20\x20\x3c\x73\x6f\x64\x69\x70\
\x6f\x64\x69\x3a\x6e\x61\x6d\x65\x64\x76\x69\x65\x77\x0a\x20\x20\
\x20\x20\x20\x69\x64\x3d\x22\x6e\x61\x6d\x65\x64\x76\x69\x65\x77\
\x31\x34\x22\x0a\x20\x20\x20\x20\x20\x70\x61\x67\x65\x63\x6f\x6c\
\x6f\x72\x3d\x22\x23\x66\x66\x66\x66\x66\x66\x22\x0a\x20\x20\x20\
\x20\x20\x62\x6f\x72\x64\x65\x72\x63\x6f\x6c\x6f\x72\x3d\x22\x23\
\x36\x36\x36\x36\x36\x36\x22\x0a\x20\x20\x20\x20\x20\x62\x6f\x72\
\x64\x65\x72\x6f\x70\x61\x63\x69\x74\x79\x3d\x22\x31\x2e\x30\x22\
\x0a\x20\x20\x20\x20\x20\x69\x6e\x6b\x73\x63\x61\x70\x65\x3a\x70\
\x61\x67\x65\x73\x68\x61\x64\x6f\x77\x3d\x22\x32\x22\x0a\x20\x20\
\x20\x20\x20\x69\x6e\x6b\x73\x63\x61\x70\x65\x3a\x70\x61\x67\x65\
\x6f\x70\x61\x63\x69\x74\x79\x3d\x22\x30\x2e\x30\x22\x0a\x20\x20\
\x20\x20\x20\x69\x6e\x6b\x73\x63\x61\x70\x65\x3a\x70\x61\x67\x65\
\x63\x68\x65\x63\x6b\x65\x72\x62\x6f\x61\x72\x64\x3d\x22\x30\x22\
\x0a\x20\x20\x20\x20\x20\x73\x68\x6f\x77\x67\x72\x69\x64\x3d\x22\
\x66\x61\x6c\x73\x65\x22\x0a\x20\x20\x20\x20\x20\x69\x6e\x6b\x73\
\x63\x61\x70\x65\x3a\x7a\x6f\x6f\x6d\x3d\x22\x33\x34\x2e\x35\x38\
\x33\x33\x33\x33\x22\x0a\x20\x20\x20\x20\x20\x69\x6e\x6b\x73\x63\
\x61\x70\x65\x3a\x63\x78\x3d\x22\x31\x31\x2e\x39\x38\x35\x35\x34\
\x32\x22\x0a\x20\x20\x20\x20\x20\x69\x6e\x6b\x73\x63\x61\x70\x65\
\x3a\x63\x79\x3d\x22\x31\x32\x22\x0a\x20\x20\x20\x20\x20\x69\x6e\
\x6b\x73\x63\x61\x70\x65\x3a\x77\x69\x6e\x64\x6f\x77\x2d\x77\x69\
\x64\x74\x68\x3d\x22\x31\x39\x32\x30\x22\x0a\x20\x20\x20\x20\x20\
\x69\x6e\x6b\x73\x63\x61\x70\x65\x3a\x77\x69\x6e\x64\x6f\x77\x2d\
\x68\x65\x69\x67\x68\x74\x3d\x22\x31\x30\x34\x38\x22\x0a\x20\x20\
\x20\x20\x20\x69\x6e\x6b\x73\x63\x61\x70\x65\x3a\x77\x69\x6e\x64\
\x6f\x77\x2d\x78\x3d\x22\x30\x22\x0a\x20\x20\x20\x20\x20\x69\x6e\
\x6b\x73\x63\x61\x70\x65\x3a\x77\x69\x6e\x64\x6f\x77\x2d\x79\x3d\
\x22\x30\x22\x0a\x20\x20\x20\x20\x20\x69\x6e\x6b\x73\x63\x61\x70\
\x65\x3a\x77\x69\x6e\x64\x6f\x77\x2d\x6d\x61\x78\x69\x6d\x69\x7a\
\x65\x64\x3d\x22\x31\x22\x0a\x20\x20\x20\x20\x20\x69\x6e\x6b\x73\
\x63\x61\x70\x65\x3a\x63\x75\x72\x72\x65\x6e\x74\x2d\x6c\x61\x79\
\x65\x72\x3d\x22\x73\x76\x67\x31\x32\x22\x20\x2f\x3e\x0a\x20\x20\
\x3c\x70\x61\x74\x68\x0a\x20\x20\x20\x20\x20\x64\x3d\x22\x6d\x32\
\x2e\x35\x33\x38\x20\x32\x2e\x35\x33\x38\x68\x31\x32\x2e\x39\x32\
\x34\x76\x31\x32\x2e\x39\x32\x34\x68\x2d\x31\x32\x2e\x39\x32\x34\
\x7a\x22\x0a\x20\x20\x20\x20\x20\x66\x69\x6c\x6c\x3d\x22\x23\x66\
\x63\x65\x39\x34\x66\x22\x0a\x20\x20\x20\x20\x20\x73\x74\x72\x6f\
\x6b\x65\x3d\x22\x23\x63\x34\x61\x30\x30\x30\x22\x0a\x20\x20\x20\
\x20\x20\x73\x74\x72\x6f\x6b\x65\x2d\x6c\x69\x6e\x65\x63\x61\x70\
\x3d\x22\x72\x6f\x75\x6e\x64\x22\x0a\x20\x20\x20\x20\x20\x73\x74\
\x72\x6f\x6b\x65\x2d\x77\x69\x64\x74\x68\x3d\x22\x31\x2e\x30\x37\
\x37\x22\x0a\x20\x20\x20\x20\x20\x69\x64\x3d\x22\x70\x61\x74\x68\
\x32\x22\x20\x2f\x3e\x0a\x20\x20\x3c\x67\x0a\x20\x20\x20\x20\x20\
\x73\x74\x72\x6f\x6b\x65\x3d\x22\x23\x64\x30\x30\x30\x30\x30\x22\
\x0a\x20\x20\x20\x20\x20\x69\x64\x3d\x22\x67\x31\x30\x22\x3e\x0a\
\x20\x20\x20\x20\x3c\x70\x61\x74\x68\x0a\x20\x20\x20\x20\x20\x20\
\x20\x64\x3d\x22\x6d\x36\x20\x32\x32\x2d\x31\x2d\x31\x33\x68\x31\
\x34\x6c\x2d\x31\x20\x31\x33\x7a\x22\x0a\x20\x20\x20\x20\x20\x20\
\x20\x66\x69\x6c\x6c\x3d\x22\x23\x65\x62\x39\x33\x39\x33\x22\x0a\
\x20\x20\x20\x20\x20\x20\x20\x66\x69\x6c\x6c\x2d\x6f\x70\x61\x63\
\x69\x74\x79\x3d\x22\x2e\x37\x33\x31\x22\x0a\x20\x20\x20\x20\x20\
\x20\x20\x73\x74\x72\x6f\x6b\x65\x2d\x6c\x69\x6e\x65\x6a\x6f\x69\
\x6e\x3d\x22\x72\x6f\x75\x6e\x64\x22\x0a\x20\x20\x20\x20\x20\x20\
\x20\x73\x74\x72\x6f\x6b\x65\x2d\x77\x69\x64\x74\x68\x3d\x22\x32\
\x22\x0a\x20\x20\x20\x20\x20\x20\x20\x69\x64\x3d\x22\x70\x61\x74\
\x68\x34\x22\x20\x2f\x3e\x0a\x20\x20\x20\x20\x3c\x70\x61\x74\x68\
\x0a\x20\x20\x20\x20\x20\x20\x20\x64\x3d\x22\x6d\x31\x30\x20\x31\
\x30\x76\x31\x31\x6d\x34\x20\x30\x76\x2d\x31\x31\x6d\x2d\x34\x2e\
\x35\x2d\x36\x63\x30\x2d\x31\x20\x31\x2e\x35\x2d\x31\x2e\x35\x20\
\x32\x2e\x35\x2d\x31\x2e\x35\x68\x31\x63\x31\x20\x30\x20\x32\x2e\
\x35\x2e\x35\x20\x32\x2e\x35\x20\x31\x2e\x35\x22\x0a\x20\x20\x20\
\x20\x20\x20\x20\x66\x69\x6c\x6c\x3d\x22\x6e\x6f\x6e\x65\x22\x0a\
\x20\x20\x20\x20\x20\x20\x20\x69\x64\x3d\x22\x70\x61\x74\x68\x36\
\x22\x20\x2f\x3e\x0a\x20\x20\x20\x20\x3c\x70\x61\x74\x68\x0a\x20\
\x20\x20\x20\x20\x20\x20\x64\x3d\x22\x6d\x35\x20\x35\x68\x31\x34\
\x22\x0a\x20\x20\x20\x20\x20\x20\x20\x66\x69\x6c\x6c\x3d\x22\x6e\
\x6f\x6e\x65\x22\x0a\x20\x20\x20\x20\x20\x20\x20\x73\x74\x72\x6f\
\x6b\x65\x2d\x6c\x69\x6e\x65\x63\x61\x70\x3d\x22\x72\x6f\x75\x6e\
\x64\x22\x0a\x20\x20\x20\x20\x20\x20\x20\x73\x74\x72\x6f\x6b\x65\
\x2d\x77\x69\x64\x74\x68\x3d\x22\x32\x22\x0a\x20\x20\x20\x20\x20\
\x20\x20\x69\x64\x3d\x22\x70\x61\x74\x68\x38\x22\x20\x2f\x3e\x0a\
\x20\x20\x3c\x2f\x67\x3e\x0a\x3c\x2f\x73\x76\x67\x3e\x0a\
\x00\x00\x01\x58\
\x3c\
\x73\x76\x67\x20\x78\x6d\x6c\x6e\x73\x3d\x22\x68\x74\x74\x70\x3a\
\x2f\x2f\x77\x77\x77\x2e\x77\x33\x2e\x6f\x72\x67\x2f\x32\x30\x30\
\x30\x2f\x73\x76\x67\x22\x20\x68\x65\x69\x67\x68\x74\x3d\x22\x31\
\x36\x22\x20\x76\x69\x65\x77\x42\x6f\x78\x3d\x22\x30\x20\x30\x20\
\x34\x2e\x32\x33\x33\x20\x34\x2e\x32\x33\x33\x22\x20\x77\x69\x64\
\x74\x68\x3d\x22\x31\x36\x22\x3e\x3c\x67\x20\x66\x69\x6c\x6c\x2d\
\x72\x75\x6c\x65\x3d\x22\x65\x76\x65\x6e\x6f\x64\x64\x22\x3e\x3c\
\x70\x61\x74\x68\x20\x64\x3d\x22\x4d\x33\x2e\x33\x30\x37\x20\x32\
\x2e\x31\x31\x37\x4c\x2e\x39\x32\x36\x2e\x33\x39\x37\x76\x33\x2e\
\x34\x34\x7a\x22\x20\x66\x69\x6c\x6c\x3d\x22\x23\x36\x64\x39\x37\
\x63\x34\x22\x20\x73\x74\x72\x6f\x6b\x65\x3d\x22\x23\x34\x31\x35\
\x61\x37\x35\x22\x20\x73\x74\x72\x6f\x6b\x65\x2d\x77\x69\x64\x74\
\x68\x3d\x22\x2e\x32\x36\x35\x22\x20\x73\x74\x72\x6f\x6b\x65\x2d\
\x6c\x69\x6e\x65\x63\x61\x70\x3d\x22\x72\x6f\x75\x6e\x64\x22\x20\
\x73\x74\x72\x6f\x6b\x65\x2d\x6c\x69\x6e\x65\x6a\x6f\x69\x6e\x3d\
\x22\x72\x6f\x75\x6e\x64\x22\x2f\x3e\x3c\x70\x61\x74\x68\x20\x64\
\x3d\x22\x4d\x33\x2e\x30\x38\x33\x20\x32\x2e\x31\x31\x39\x4c\x31\
\x2e\x30\x35\x38\x2e\x36\x35\x39\x76\x2e\x32\x33\x39\x4c\x32\x2e\
\x39\x31\x20\x32\x2e\x32\x34\x33\x7a\x22\x20\x66\x69\x6c\x6c\x3d\
\x22\x23\x66\x66\x66\x22\x20\x66\x69\x6c\x6c\x2d\x6f\x70\x61\x63\
\x69\x74\x79\x3d\x22\x2e\x35\x32\x39\x22\x2f\x3e\x3c\x2f\x67\x3e\
\x3c\x2f\x73\x76\x67\x3e\x0a\
\x00\x00\x01\x58\
\x3c\
\x73\x76\x67\x20\x78\x6d\x6c\x6e\x73\x3d\x22\x68\x74\x74\x70\x3a\
\x2f\x2f\x77\x77\x77\x2e\x77\x33\x2e\x6f\x72\x67\x2f\x32\x30\x30\
\x30\x2f\x73\x76\x67\x22\x20\x68\x65\x69\x67\x68\x74\x3d\x22\x31\
\x36\x22\x20\x76\x69\x65\x77\x42\x6f\x78\x3d\x22\x30\x20\x30\x20\
\x34\x2e\x32\x33\x33\x20\x34\x2e\x32\x33\x33\x22\x20\x77\x69\x64\
\x74\x68\x3d\x22\x31\x36\x22\x3e\x3c\x67\x20\x66\x69\x6c\x6c\x2d\
\x72\x75\x6c\x65\x3d\x22\x65\x76\x65\x6e\x6f\x64\x64\x22\x3e\x3c\
\x70\x61\x74\x68\x20\x64\x3d\x22\x4d\x2e\x39\x32\x36\x20\x32\x2e\
\x31\x31\x37\x4c\x33\x2e\x33\x30\x37\x2e\x33\x39\x37\x76\x33\x2e\
\x34\x34\x7a\x22\x20\x66\x69\x6c\x6c\x3d\x22\x23\x36\x64\x39\x37\
\x63\x34\x22\x20\x73\x74\x72\x6f\x6b\x65\x3d\x22\x23\x34\x31\x35\
\x61\x37\x35\x22\x20\x73\x74\x72\x6f\x6b\x65\x2d\x77\x69\x64\x74\
\x68\x3d\x22\x2e\x32\x36\x35\x22\x20\x73\x74\x72\x6f\x6b\x65\x2d\
\x6c\x69\x6e\x65\x63\x61\x70\x3d\x22\x72\x6f\x75\x6e\x64\x22\x20\
\x73\x74\x72\x6f\x6b\x65\x2d\x6c\x69\x6e\x65\x6a\x6f\x69\x6e\x3d\
\x22\x72\x6f\x75\x6e\x64\x22\x2f\x3e\x3c\x70\x61\x74\x68\x20\x64\
\x3d\x22\x4d\x31\x2e\x31\x35\x20\x32\x2e\x31\x31\x39\x4c\x33\x2e\
\x31\x37\x36\x2e\x36\x35\x39\x76\x2e\x32\x33\x39\x4c\x31\x2e\x33\
\x32\x33\x20\x32\x2e\x32\x34\x33\x7a\x22\x20\x66\x69\x6c\x6c\x3d\
\x22\x23\x66\x66\x66\x22\x20\x66\x69\x6c\x6c\x2d\x6f\x70\x61\x63\
\x69\x74\x79\x3d\x22\x2e\x35\x32\x39\x22\x2f\x3e\x3c\x2f\x67\x3e\
\x3c\x2f\x73\x76\x67\x3e\x0a\
\x00\x00\x01\xfc\
\x3c\
\x73\x76\x67\x20\x68\x65\x69\x67\x68\x74\x3d\x22\x32\x34\x22\x20\
\x76\x69\x65\x77\x42\x6f\x78\x3d\x22\x30\x20\x30\x20\x32\x34\x20\
\x32\x34\x22\x20\x77\x69\x64\x74\x68\x3d\x22\x32\x34\x22\x20\x78\
\x6d\x6c\x6e\x73\x3d\x22\x68\x74\x74\x70\x3a\x2f\x2f\x77\x77\x77\
\x2e\x77\x33\x2e\x6f\x72\x67\x2f\x32\x30\x30\x30\x2f\x73\x76\x67\
\x22\x3e\x3c\x70\x61\x74\x68\x20\x64\x3d\x22\x6d\x32\x2e\x35\x20\
\x31\x2e\x34\x39\x39\x39\x39\x39\x36\x68\x31\x38\x2e\x39\x39\x39\
\x39\x39\x39\x76\x33\x2e\x37\x30\x36\x38\x37\x34\x38\x6c\x2d\x37\
\x2e\x33\x38\x38\x38\x38\x38\x20\x37\x2e\x34\x36\x36\x38\x34\x32\
\x36\x76\x31\x30\x2e\x35\x31\x38\x35\x6c\x2d\x34\x2e\x32\x32\x32\
\x32\x32\x32\x2d\x32\x2e\x31\x30\x33\x37\x76\x2d\x38\x2e\x34\x31\
\x34\x38\x6c\x2d\x37\x2e\x33\x38\x38\x38\x38\x39\x2d\x37\x2e\x34\
\x36\x36\x38\x34\x32\x36\x7a\x22\x20\x66\x69\x6c\x6c\x3d\x22\x23\
\x36\x64\x39\x37\x63\x34\x22\x20\x73\x74\x72\x6f\x6b\x65\x3d\x22\
\x23\x34\x31\x35\x61\x37\x35\x22\x20\x73\x74\x72\x6f\x6b\x65\x2d\
\x6c\x69\x6e\x65\x63\x61\x70\x3d\x22\x73\x71\x75\x61\x72\x65\x22\
\x2f\x3e\x3c\x70\x61\x74\x68\x20\x64\x3d\x22\x6d\x33\x2e\x30\x30\
\x30\x34\x32\x38\x34\x20\x32\x76\x33\x6c\x37\x2e\x33\x38\x38\x36\
\x37\x31\x36\x20\x37\x2e\x34\x36\x36\x37\x39\x37\x76\x38\x2e\x34\
\x31\x36\x30\x31\x36\x6c\x2e\x38\x39\x35\x31\x38\x34\x2e\x34\x30\
\x39\x35\x38\x33\x76\x2d\x39\x2e\x33\x33\x33\x32\x35\x39\x6c\x2d\
\x37\x2e\x37\x36\x34\x33\x32\x32\x2d\x37\x2e\x37\x35\x34\x30\x35\
\x39\x76\x2d\x32\x2e\x32\x30\x35\x30\x37\x38\x7a\x22\x20\x66\x69\
\x6c\x6c\x3d\x22\x23\x66\x66\x66\x22\x20\x66\x69\x6c\x6c\x2d\x6f\
\x70\x61\x63\x69\x74\x79\x3d\x22\x2e\x34\x39\x37\x34\x36\x32\x22\
\x2f\x3e\x3c\x70\x61\x74\x68\x20\x64\x3d\x22\x6d\x33\x2e\x30\x30\
\x30\x34\x32\x38\x34\x20\x32\x68\x31\x38\x76\x33\x68\x2d\x31\x38\
\x7a\x22\x20\x66\x69\x6c\x6c\x3d\x22\x23\x66\x63\x65\x39\x34\x66\
\x22\x2f\x3e\x3c\x70\x61\x74\x68\x20\x64\x3d\x22\x6d\x33\x20\x35\
\x2e\x35\x68\x31\x38\x22\x20\x66\x69\x6c\x6c\x3d\x22\x6e\x6f\x6e\
\x65\x22\x20\x73\x74\x72\x6f\x6b\x65\x3d\x22\x23\x34\x31\x35\x61\
\x37\x35\x22\x2f\x3e\x3c\x2f\x73\x76\x67\x3e\
\x00\x00\x04\xb6\
\x00\
\x00\x12\x4e\x78\x9c\xed\x58\x4b\x6f\xe3\x36\x10\xbe\xe7\x57\x10\
\xea\x65\x03\x58\x34\x49\x51\x14\xe5\xc4\xbb\x28\xba\x28\x7a\xc8\
\xde\xb6\x45\x7b\x5a\x28\x12\x6d\xab\x91\x45\x83\xa2\xed\x24\xbf\
\xbe\x43\x49\x94\xdf\x46\x1f\x09\xd0\xc3\x2a\x08\x42\xce\x8b\x33\
\x9c\x6f\x86\x64\xee\x3f\x3d\x2f\x2b\xb4\x51\xa6\x29\x75\x3d\x0d\
\x28\x26\x01\x52\x75\xae\x8b\xb2\x9e\x4f\x83\x5f\xbf\xfe\x1c\xca\
\x00\x35\x36\xab\x8b\xac\xd2\xb5\x9a\x06\xb5\x0e\x3e\x7d\xbc\xb9\
\x6f\x36\xf3\x1b\x84\xd0\x42\x95\xf3\x85\x9d\x06\x8c\x07\x6e\xba\
\x2d\x0b\xbb\x18\x66\x7b\x56\x69\x4b\x28\x8b\x69\x00\x8a\xb4\x63\
\x37\xb0\xc8\x0a\x7e\x27\x85\xce\xeb\x6c\x09\xb6\x97\x7a\xa3\xbe\
\x55\xba\xfa\x56\x7f\xb3\x1a\x83\x64\xa7\x55\x3f\x35\x79\xb6\x52\
\x93\x3d\x7b\x11\xfa\x40\x14\x8d\x89\x2a\x44\xce\x47\x88\x11\x16\
\x85\x24\x09\x19\xbd\x6d\x55\x20\xa6\xba\x99\x78\xc5\x69\xb0\xb0\
\x76\x35\x19\x8f\xb7\xdb\x2d\xf6\x44\xac\xcd\x7c\xec\x96\x6d\x56\
\x59\xae\x9a\xb1\xa7\xef\xe9\x7b\x07\x07\x7d\x4f\xc0\x8d\x5e\x9b\
\x5c\xcd\xc0\x84\xc2\xb5\xb2\xe3\xcf\x5f\x3f\x0f\xcc\x90\xe0\xc2\
\x16\x3b\x33\x07\xab\x6f\xa3\x76\x5d\x46\x08\x19\xfb\xf8\xfa\xc5\
\x36\xf3\xab\x92\x1f\x41\xf4\xbe\x50\xb3\xc6\xa9\x74\x5b\xe9\x66\
\x54\xb6\x1c\xe0\x2d\x33\xf3\xa4\x4c\xc7\x85\xcd\xb5\x2f\x15\x04\
\x0e\x1b\x6a\x66\x95\xde\x4e\x36\x65\x53\x3e\x56\xea\x2e\xf0\x02\
\xce\xc0\x8f\xc6\xe8\x2d\xfb\xa2\xea\x62\x20\x1b\x35\xfb\x7d\x1a\
\x10\x80\xc1\x1e\xe5\x8f\x43\x8a\x36\xa5\xaa\x21\xe9\xd9\xda\xea\
\x9d\x3d\x9f\xa5\xc6\xea\xfc\xe9\x82\xf5\x41\xa8\x6c\x5a\xb1\x69\
\x60\xcd\x5a\xf5\x11\x40\x0c\xab\xcc\x2e\xbc\x2c\x42\xd6\x64\x75\
\x03\x9b\xbc\x04\xd4\xe4\x59\xa5\x3e\x10\x2c\x6e\x91\xd1\x36\xb3\
\xea\x03\x95\xe4\xb6\x93\xa8\xdc\x94\x8c\xc8\x6d\xb0\x53\x85\xe5\
\xbf\x20\x89\x13\x2a\x63\x99\xc8\x11\xc7\x24\x8a\x92\x28\x66\xe8\
\x01\x85\x0c\x33\x92\x30\x99\xc6\x23\x08\x8a\x0a\x42\x23\x16\x0b\
\x60\xf4\xe2\x92\x8f\x42\x90\x27\x34\x21\x89\x44\x3f\x21\x81\xd3\
\x24\x22\x29\x21\xa3\x90\x62\xc1\x52\xc1\x45\xea\x88\x32\xa2\x3c\
\x11\x23\xa0\xd1\x38\xe1\x9c\x9e\x5d\xee\x15\xed\x39\xd5\xe7\xa4\
\xb1\x46\x3f\xa9\x49\xae\x6b\xab\x9e\x6d\xd8\x4d\xef\x66\x65\x55\
\x85\x66\x5d\xa9\x89\xda\xa8\x5a\x17\x45\x4b\x39\x96\xea\xfe\x84\
\x6d\x9d\x4d\x60\x3b\x58\x4c\xdc\xe7\xe9\x55\x59\xab\x3f\x75\x59\
\x4f\x8c\x5e\xd7\xc5\xdd\xde\xda\x2e\x21\x6e\x77\xa3\x48\xc6\x01\
\x1a\xf7\x98\x19\x77\xa0\xf9\xf7\x08\xea\x54\x22\xc1\xf9\xfb\x21\
\xe8\xe1\x0d\x11\x04\x9d\xe8\x12\x82\xe8\x77\x04\xfd\x3d\x04\x09\
\xce\xfe\x13\x82\xce\xb4\xa0\x07\x38\x61\x8c\x7d\x47\x08\x1d\xda\
\x7f\x0b\x10\x7d\x07\xce\x35\xe0\x9c\xed\x3c\x89\x78\xc3\xce\xd3\
\x26\x96\x3e\xbc\xe7\xd9\x45\xdf\xb2\xf3\x10\x2c\x2f\x76\x1e\x86\
\xe3\x43\x0c\xf5\x3b\xf0\x4f\x12\x73\x35\x5d\x70\xad\x5b\xd9\xbb\
\x63\x90\xc2\xbe\x38\x1c\x02\xfe\x62\x18\x85\x71\x3b\x0c\x3b\x6f\
\x06\x72\x47\xf5\xa2\x07\xa0\xda\x65\x56\xd0\xb7\xce\x2c\x7b\xd7\
\xcc\x7e\x3f\x53\xfe\x67\x67\x4a\x94\xa4\x67\x11\x74\x3f\x76\x97\
\xdc\x76\x34\x3c\x17\xdc\xa5\xbd\xd8\x94\x6a\xbb\xbb\x09\x0f\x24\
\x2a\x7a\xeb\xab\x6c\xae\x72\x5d\x69\x33\x0d\x7e\x98\xb5\x5f\xcf\
\x78\xd4\xa6\x50\xc6\xb3\x44\xfb\x1d\xb0\x34\xbc\x07\x4a\xfb\xd2\
\xbd\x85\x6e\x0e\x01\xe2\xac\x36\x8b\xac\xd0\x5b\x78\xe4\x9c\x63\
\x0e\xca\xe4\xbc\x72\xbe\x50\x39\x84\xf6\xa8\x33\x03\x6e\x7b\x91\
\x66\xa1\xb7\x73\xe3\x02\x99\x65\x55\xa3\x8e\x15\x5f\xb5\x06\xb0\
\xc5\x38\xa5\xce\xd9\xe4\x98\x9d\x3f\x4f\x83\x30\x4a\x31\xe1\x8c\
\xc5\xd1\x09\x17\x9c\x61\x14\xb3\x34\x4e\x92\xf8\x98\xb9\x2d\x6b\
\x88\x25\xf4\xcf\xb6\x98\x9d\x38\xdd\x4b\xf8\x77\x1e\x8d\x39\xbd\
\x20\xf2\xec\x0c\x90\xf4\x02\x17\xbc\xe0\x27\x3b\xd6\xf3\x96\xd9\
\x73\xb9\x2c\x5f\x15\xc4\x7f\x62\x3c\x5f\x1b\x03\x65\x1d\x56\xd9\
\x8b\x32\xfb\xaf\xc7\xfd\xda\xae\xb3\x55\x38\xaf\xf4\x63\x56\xf5\
\xa5\x7b\x4e\x00\xd0\xab\x9a\x0b\x3b\xdc\x0a\xb8\xfc\x5c\xd1\xd7\
\x76\x01\xef\xcf\x6b\x06\x5c\x0a\xaf\x0a\x58\x1d\xce\xd7\xe5\x15\
\x37\x00\x07\x57\x21\x06\xaa\x4f\x1e\xba\x05\x75\x3f\x7d\xd5\xec\
\xf5\x28\x77\x2b\x47\x34\xc2\x3c\x8e\xe0\x1b\x49\xdc\x42\x3c\x61\
\x48\x8c\x42\x81\xdb\xc2\x24\x31\xfa\x05\x51\xde\x71\x04\xfa\x0d\
\x11\x98\x33\x0e\x83\x14\x3b\xa5\x88\x25\x8e\x40\xbb\x49\x04\x74\
\x8e\x63\xee\xac\x70\x54\xa1\x50\xc0\xa1\x90\xba\x2f\x11\xe8\x35\
\xd8\x55\xa1\xf3\x41\x0a\x79\xc1\x25\xef\x48\x32\x1a\x9c\x43\x14\
\xcb\xc4\xd9\x89\xa0\x61\x49\x89\xc2\xc1\xee\x48\x80\x03\xde\x19\
\xe7\x21\x78\xf7\x0b\xb8\xb9\x41\x61\x4f\xe5\x68\x81\x58\x1f\x41\
\x02\x74\x8e\x13\xd9\x0e\x2b\xd4\x47\x49\x21\xde\x23\xef\xfc\xc5\
\xf5\xde\xa8\xdc\xde\xec\xb7\xbf\xb6\xad\xf5\x9d\xa2\xeb\x7a\x7d\
\x29\x4f\xa8\x3f\x60\x81\x1b\x15\xbb\xae\xd6\x75\x3b\xee\xa7\xcb\
\xd2\x2a\x53\x01\x8e\xed\x8e\x56\x64\x90\x49\x63\xb2\x97\x49\xad\
\xeb\xa1\x4d\x0e\x86\xf7\x9c\x73\xfe\x30\x46\x7c\x81\xf6\x05\x29\
\xb1\x64\x9c\x0a\xe9\x71\xe0\xab\xf0\x98\x0e\xa5\x97\x60\xe8\xf1\
\x29\x8d\x7d\xfd\xbd\x9c\x92\x06\x14\x0d\x27\x58\x98\x43\x69\x29\
\xe3\x4a\x17\xfa\x55\x2a\x69\x24\x52\x72\xd2\x41\x4e\xc4\xc1\x76\
\x48\x70\x9c\x72\x0a\xc7\x4e\x87\xc0\x7b\xf7\x3f\x8a\x8f\x37\x7f\
\x01\x7a\x70\x15\x5b\
\x00\x00\x04\xe8\
\x00\
\x00\x13\x15\x78\x9c\xed\x58\x4b\x6f\xe3\x36\x10\xbe\xe7\x57\x10\
\xda\x4b\x02\x58\x34\x1f\x92\x48\x39\x76\x16\x45\x17\x45\x0f\xd9\
\xdb\xb6\x68\x4f\x81\x22\xd1\xb6\x1a\x59\x34\x28\xda\x4e\xf2\xeb\
\x3b\xd4\xd3\x76\x6c\x63\xdb\x26\x40\x0f\xeb\x20\x30\x35\x2f\xce\
\x70\xbe\xe1\x68\x3c\xfd\xfc\xbc\x2a\xd0\x56\x99\x2a\xd7\xe5\xcc\
\xa3\x98\x78\x48\x95\xa9\xce\xf2\x72\x31\xf3\x7e\xfb\xf6\x8b\x2f\
\x3d\x54\xd9\xa4\xcc\x92\x42\x97\x6a\xe6\x95\xda\xfb\x7c\x77\x35\
\xad\xb6\x8b\x2b\x84\xd0\x52\xe5\x8b\xa5\x9d\x79\x2c\xf0\xdc\xe3\
\x2e\xcf\xec\xb2\x7f\xda\xb3\x4a\x6b\x42\x9e\xcd\x3c\x50\xa4\x0d\
\xbb\x82\x4d\xd6\xf0\x3f\xc9\x74\x5a\x26\x2b\xb0\xbd\xd2\x5b\xf5\
\xb0\xd6\x0f\x6b\xa3\x1f\xe6\x46\xaf\x60\x9d\x97\x16\x83\x4a\xa3\
\x5e\x3e\x55\x69\xb2\x56\x93\x3d\xc3\x0c\x33\x74\xfd\x48\x12\x19\
\xc8\x28\x0c\xe8\x08\x31\xc2\x98\x4f\x99\x4f\xe8\x4d\xad\x04\xe1\
\x95\xd5\xa4\x53\x9d\x79\x4b\x6b\xd7\x93\xf1\x78\xb7\xdb\xe1\x8e\
\x88\xb5\x59\x8c\x9d\x07\xd5\x3a\x49\x55\x35\xee\xe8\x7b\xfa\x9d\
\xaf\xbd\x7e\x47\xc0\x95\xde\x98\x54\xcd\xc1\x84\xc2\xa5\xb2\xe3\
\x2f\xdf\xbe\xf4\x4c\x9f\xe0\xcc\x66\x83\x99\x83\xdd\x77\xbc\xde\
\x97\x11\x42\xc6\x5d\x84\xed\x66\xdb\xc5\x45\xc9\x3b\x10\x9d\x66\
\x6a\x5e\x39\x95\xe6\x54\xdd\x13\x95\x35\x07\x78\xab\xc4\x3c\x29\
\xd3\x70\xe1\x9c\xed\x4b\x01\x81\xc3\xd9\x9a\x79\xa1\x77\x93\x6d\
\x5e\xe5\x8f\x85\xba\xf5\x3a\x01\x67\xe0\x27\x63\xf4\x8e\x7d\x55\
\x65\xd6\x93\x8d\x9a\xff\x31\xf3\x08\x20\x62\x8f\xf2\xe7\x21\x45\
\x9b\x5c\x95\x90\xff\x64\x63\xf5\x60\xaf\xcb\x53\x65\x75\xfa\x74\
\xc6\x7a\x2f\x94\x57\xb5\xd8\xcc\xb3\x66\xa3\xda\x08\x20\x86\x75\
\x62\x97\x9d\x2c\x42\xd6\x24\x65\x05\x87\xbc\x02\x00\xa5\x49\xa1\
\xae\x09\x8e\x6e\x90\xd1\x36\xb1\xea\x9a\x4a\x72\xd3\x48\x14\xee\
\x91\x8c\xc8\x8d\x37\xa8\xc2\xf6\x5f\x91\xc4\x82\xca\x50\x0a\x39\
\x0a\x30\xe1\x5c\xf0\x90\xa1\x7b\xe4\x03\x7a\x88\x60\x32\x0e\x47\
\x10\x14\x8d\x08\xe5\x2c\x8c\x80\xd1\x8a\xcb\x60\xe4\x83\x3c\xa1\
\x82\x08\x89\x7e\x46\x11\x8e\x05\x27\x31\x21\x23\x9f\xe2\x88\xc5\
\x51\x10\xc5\x8e\x28\x39\x0d\x44\x34\x02\x1a\x0d\x45\x10\xd0\x93\
\xdb\xbd\xa2\x3d\xa7\xda\x9c\x54\xd6\xe8\x27\x35\x49\x75\x69\xd5\
\xb3\xf5\x9b\xc7\xdb\x79\x5e\x14\xbe\xd9\x14\x6a\xa2\xb6\xaa\xd4\
\x59\x56\x53\x8e\xa5\x9a\x2f\xbf\x2e\xb9\x09\x1c\x07\x0b\x89\xfb\
\x74\xf4\x22\x2f\xd5\x5f\x50\x3e\x13\xa3\x37\x65\x76\xbb\xb7\xb7\
\x4b\x88\x3b\x5d\xce\x65\xe8\xa1\x71\x8b\x99\x71\x03\x9a\x7f\x8f\
\xa0\x46\x85\x47\x41\xf0\x71\x08\xba\x7f\x47\x04\xc1\xa5\x74\x0e\
\x41\xf4\x07\x82\xbe\x0f\x41\x51\xc0\xfe\x13\x82\x4e\x5c\x41\xf7\
\xd0\x6c\x8c\xfd\x40\x08\x1d\xda\x7f\x0f\x10\xfd\x00\xce\x25\xe0\
\x9c\xbc\x79\x44\xf4\x8e\x37\x4f\x9d\x58\x7a\xff\x91\xbd\x8b\xbe\
\xe7\xcd\x43\xb0\x3c\x7b\xf3\x30\x1c\x1e\x62\xa8\x3d\x81\x7f\x92\
\x98\x8b\xe9\x82\x37\xbc\xb5\xbd\x3d\x06\x29\x9c\x8b\xc3\x21\xe0\
\x2f\x84\x95\x1f\xd6\x4b\xbf\xf1\xa6\x27\x37\xd4\x4e\xf4\x00\x54\
\x43\x66\x23\xfa\xde\x99\x65\x1f\x9a\xd9\x1f\x3d\xe5\x7f\xd6\x53\
\xb8\x88\x4f\x22\x68\x3a\x76\x2f\xb9\xf5\xaa\x9f\x1c\xdc\x4b\x7b\
\xb6\xcd\xd5\x6e\x78\x13\xee\x49\x34\x6a\xad\xaf\x93\x85\x4a\x75\
\xa1\xcd\xcc\xfb\x34\xaf\x3f\x2d\xe3\x51\x9b\x4c\x99\x8e\x15\xd5\
\x9f\x03\x96\x86\x79\x20\xb7\x2f\xcd\x58\x74\x75\x08\x10\x67\xb5\
\x5a\x26\x99\xde\xc1\xbc\x73\x8a\xd9\x2b\x93\xd3\xca\xe9\x52\xa5\
\x10\xda\xa3\x4e\x0c\xb8\xdd\x89\x54\x4b\xbd\x5b\x18\x17\xc8\x3c\
\x29\x2a\x75\xac\xf8\xaa\x35\x80\x2d\xc4\x31\x75\xce\x8a\x63\x76\
\xfa\x3c\xf3\xfc\xc0\xe5\x3e\x8c\x69\xf8\x86\x0b\xce\x30\x18\x99\
\xe2\x50\x88\x37\xcc\x5d\x5e\x42\x2c\x7e\x3b\xc1\xd1\x98\xbd\x71\
\xba\x95\xe8\x46\x3e\x4a\x02\x79\x46\x04\xbc\xe0\x32\x38\x67\xe0\
\x65\x88\xf6\x98\xb5\x4a\x9e\xf3\x55\xfe\xaa\x20\x7c\xfa\xc6\xfb\
\x8d\x31\x50\xd5\x7e\x91\xbc\x28\xb3\x3f\x47\xee\x97\x76\x99\xac\
\xfd\x45\xa1\x1f\x93\xa2\xad\xdc\x53\x02\x00\x5e\x55\x9d\x39\xe0\
\x5a\xc0\xa5\xe7\x82\xbe\xb6\x4b\x18\x40\x2f\x19\x70\x19\xbc\x28\
\x60\xb5\xbf\xd8\xe4\x17\xdc\x00\x18\x5c\x44\x18\xa8\x3e\x75\xc8\
\xcd\xa8\xfb\x6b\x8b\x66\xba\x18\x6a\x61\x11\x07\x51\x37\x13\xa6\
\xb9\x49\x0b\x75\x74\xfb\xd6\x15\x5c\xc2\x5c\xdf\x54\x77\x0b\xd9\
\x09\xed\x1a\xc9\x27\xc6\x05\x21\xec\xb0\xaa\x79\xf7\x98\x25\xe0\
\x9e\x31\xc9\x4b\x63\x62\x8f\xaa\xe7\xf3\x4a\xd9\x49\x5f\xf6\xbd\
\xe1\x83\xdb\xdd\x95\x3b\x0d\x64\xd8\x13\x1d\x7c\xa9\xc4\xe0\x35\
\x89\xf9\x40\x7d\x71\x88\x27\x21\x8f\x09\x5c\x0d\xfd\xad\x0f\x18\
\xc3\x61\x4b\xec\xef\x0b\xa3\x52\x7b\x2a\xc6\xb6\xf0\xcf\x86\x29\
\xd4\x23\x09\xcf\x84\xb9\xca\xad\x32\x05\xe0\xd2\x4e\x82\xcb\xa1\
\x9f\x0e\xd3\xf9\xc4\x18\x19\xc2\x6c\x6b\x2c\xc2\x91\xfb\xc9\x62\
\x8f\xd1\x95\xd6\x5b\x8e\x3b\x18\x1c\x52\x22\xe8\x40\x73\xf7\x52\
\x88\x25\xe3\x52\x0c\x23\x57\x0f\x90\xbe\x37\xf9\x29\x54\x8d\x32\
\xae\x28\xe1\x26\x12\x01\x65\x32\x24\xf2\x3b\x14\xc0\xbe\x4f\x70\
\x10\x48\x68\x24\x3c\x18\xce\x78\xbf\x07\xba\xb9\x0f\x09\x0c\x3d\
\x87\x08\xce\x46\x34\xc0\x61\x0c\x6d\x49\x20\xb7\x80\x2e\x26\xa5\
\xeb\x55\x6e\x29\xd1\xaf\xd0\x80\x64\xcc\xa2\x98\x73\xf4\xfb\xa0\
\x04\x74\x1a\x41\x3f\x02\x21\x01\x74\x08\x09\xc2\xe4\xb5\x3c\xe5\
\x38\x8e\xa1\x81\x38\x79\x4a\xc1\x15\x98\x58\x51\x81\x5a\x8b\x22\
\xe6\xa3\x76\x25\xd0\xeb\x1b\x64\xc9\x68\x08\xf2\xa0\xb1\xf5\xcd\
\x49\x44\x21\x0f\xba\x17\xd1\xe9\x78\x71\x77\x35\x75\xbf\xaf\xdc\
\x5d\xfd\x0d\xbc\xc2\x52\x14\
\x00\x00\x04\xb5\
\x00\
\x00\x12\x52\x78\x9c\xed\x58\x4b\x6f\xdb\x38\x10\xbe\xe7\x57\x10\
\xea\x25\x01\x2c\x9a\xa4\x24\x8a\x72\xec\x14\x8b\x2d\x16\x3d\xa4\
\xb7\xee\xa2\x3d\x15\x8c\x44\xdb\xda\xc8\xa2\x41\xd1\x76\x9c\x5f\
\xdf\xa1\x5e\x7e\xc4\xf6\xbe\x12\x60\x0f\x51\x6c\x44\x9c\x17\x67\
\x38\xdf\x0c\x49\x8f\x3f\x3e\x2d\x0a\xb4\x56\xa6\xca\x75\x39\xf1\
\x28\x26\x1e\x52\x65\xaa\xb3\xbc\x9c\x4d\xbc\xdf\xbf\xfe\xe6\x0b\
\x0f\x55\x56\x96\x99\x2c\x74\xa9\x26\x5e\xa9\xbd\x8f\x77\x57\xe3\
\x6a\x3d\xbb\x42\x08\xcd\x55\x3e\x9b\xdb\x89\xc7\x42\xcf\x0d\x37\
\x79\x66\xe7\xfd\x68\xcf\x2a\xad\x09\x79\x36\xf1\x40\x91\x36\xec\
\x0a\x26\x59\xc2\x77\x94\xe9\xb4\x94\x0b\xb0\xbd\xd0\x6b\xf5\x63\
\xa9\x8b\x1f\x53\x25\xed\xca\x28\x0c\xc2\x8d\x62\xf9\x58\xa5\x72\
\xa9\x46\xfb\x26\x31\x43\xd7\x44\x12\x92\x4e\xa3\x20\x48\x06\x88\
\x11\xc6\x7c\x02\x9f\xf0\xa6\x56\x82\xc0\xca\x6a\xd4\xa9\x4e\xbc\
\xb9\xb5\xcb\xd1\x70\xb8\xd9\x6c\x70\x47\xc4\xda\xcc\x86\x6e\xee\
\x6a\x29\x53\x55\x0d\x3b\xfa\x9e\x7e\xe7\x65\xaf\xdf\x11\x70\xa5\
\x57\x26\x55\x53\x30\xa1\x70\xa9\xec\xf0\xd3\xd7\x4f\x3d\xd3\x27\
\x38\xb3\xd9\xce\xcc\xc1\xec\x9b\xa0\x9e\x97\x11\x42\x86\x5d\x84\
\xed\x64\xeb\xd9\x45\xc9\x3b\x10\x1d\x67\x6a\x5a\x39\x95\x66\x3d\
\xdd\x88\x8a\x9a\x03\xbc\x85\x34\x8f\xca\x34\x5c\x58\x61\xbb\x2d\
\x20\x70\x58\x55\x33\x2d\xf4\x66\xb4\xce\xab\xfc\xa1\x50\xb7\x5e\
\x27\xe0\x0c\xfc\x62\x8c\xde\xb0\x2f\xaa\xcc\x7a\xb2\x51\xd3\x6f\
\x13\x8f\x00\x16\xf6\x28\xdf\x0f\x29\xda\xe4\xaa\x84\xcc\xcb\x95\
\xd5\x3b\x7b\x5d\x9e\x2a\xab\xd3\xc7\x33\xd6\x7b\xa1\xbc\xaa\xc5\
\x26\x9e\x35\x2b\xd5\x46\x00\x31\x2c\xa5\x9d\x77\xb2\x08\x59\x23\
\xcb\x0a\x16\x79\x01\xd0\x49\x65\xa1\xae\x09\xe6\x37\xc8\x68\x2b\
\xad\xba\xa6\x82\xdc\x34\x12\x85\x1b\x92\x01\xb9\xf1\x76\xaa\x30\
\xfd\x17\x24\x70\x4c\x45\x24\x62\x31\x08\x31\x09\x82\x38\x88\x18\
\xba\x47\x3e\xc3\x8c\xc4\x4c\x24\xd1\x00\x82\xa2\x9c\xd0\x80\x45\
\x1c\x18\xad\xb8\x08\x07\x3e\xc8\x13\x1a\x93\x58\xa0\x5f\x11\xc7\
\x49\x1c\x90\x84\x90\x81\x4f\x31\x67\x09\x0f\x79\xe2\x88\x22\xa0\
\x61\xcc\x07\x40\xa3\x51\x1c\x86\xf4\xe4\x74\xcf\x68\xcf\xa9\x36\
\x27\x95\x35\xfa\x51\x8d\x52\x5d\x5a\xf5\x64\xfd\x66\x78\x3b\xcd\
\x8b\xc2\x37\xab\x42\x8d\xd4\x5a\x95\x3a\xcb\x6a\xca\xb1\x54\xf3\
\xcf\xaf\x8b\x6d\x04\xcb\xc1\x22\xe2\x9e\x8e\x5e\xe4\xa5\xfa\x53\
\xe7\xe5\xc8\xe8\x55\x99\xdd\xee\xcd\xed\x12\xe2\x56\x37\x08\x44\
\xe4\xa1\x61\x8b\x99\x61\x03\x9a\x7f\x8f\xa0\x46\x25\xe0\x61\xf8\
\x76\x08\xba\x7f\x45\x04\x41\xef\x38\x87\x20\xfa\x8e\xa0\xbf\x87\
\x20\x1e\xb2\xff\x84\xa0\x13\x2d\xe8\x1e\xb6\x19\x63\xdf\x10\x42\
\x87\xf6\x5f\x03\x44\xef\xc0\xb9\x04\x9c\x93\x9d\x27\xe6\xaf\xd8\
\x79\xea\xc4\xd2\xfb\xb7\xdc\xbb\xe8\x6b\x76\x1e\x82\xc5\xd9\xce\
\xc3\x70\x74\x88\xa1\x76\x05\xfe\x49\x62\x2e\xa6\x0b\xce\x76\x4b\
\x7b\x7b\x0c\x52\x58\x17\x87\x43\xc0\x5f\x04\x6f\x7e\x54\xbf\xfa\
\x8d\x37\x3d\xb9\xa1\x76\xa2\x07\xa0\xda\x65\x96\xd3\xd7\xce\x2c\
\x7b\xd3\xcc\xbe\xef\x29\xff\xb3\x3d\x25\x88\x93\x93\x08\x1a\x0f\
\xdd\x21\xb7\x7e\xeb\xef\x0c\xee\xd0\x9e\xad\x73\xb5\xd9\x9d\x84\
\x7b\x12\xe5\xad\xf5\xa5\x9c\xa9\x54\x17\xda\x4c\xbc\x0f\xd3\xfa\
\x69\x19\x0f\xda\x64\xca\x74\x2c\x5e\x3f\x07\x2c\x0d\xf7\x81\xdc\
\x6e\x9b\x0b\xd1\xd5\x21\x40\x9c\xd5\x6a\x2e\x33\xbd\x81\x9b\xce\
\x29\x66\xaf\x4c\x4e\x2b\xa7\x73\x95\x42\x68\x0f\x5a\x1a\x70\xbb\
\x13\xa9\xe6\x7a\x33\x33\x2e\x90\xa9\x2c\x2a\x75\xac\xf8\xac\x35\
\x80\x2d\xc2\x09\x75\xce\xc6\xc7\xec\xf4\x69\xe2\xf9\x81\xc0\x49\
\x14\xc7\x21\x7f\xc1\x05\x67\x18\x5c\x98\x1c\x37\x3a\x66\x6e\xf2\
\x12\x62\xf1\xdb\xbb\x1b\x4d\xd8\x0b\xa7\x5b\x89\xee\xb2\x47\x09\
\x11\x67\x44\x9e\x2e\x1a\xd8\xee\xa2\x3d\x66\x2d\xe4\x53\xbe\xc8\
\x9f\x15\x84\x4f\x5f\x78\xbf\x32\x06\xaa\xda\x2f\xe4\x56\x99\xfd\
\x1b\xe4\x7e\x69\x97\x72\xe9\xcf\x0a\xfd\x20\x8b\xb6\x72\x4f\x09\
\x00\x78\x55\x75\x66\x81\x6b\x01\x97\x9e\x0b\xfa\xda\xce\xe1\x02\
\x7a\xc9\x80\xcb\xe0\x45\x01\xab\xfd\xd9\x2a\xbf\xe0\x06\xc0\xe0\
\x22\xc2\x40\xf5\xb1\x43\x6e\x46\xdd\x5f\x5b\x34\x7b\x2d\xca\x1d\
\xca\x11\x0d\x70\x08\x37\xe3\x20\x18\x08\x5c\x23\x3c\x66\x88\x0f\
\x7c\x8e\xeb\xba\x24\x11\xfa\x8c\x68\xd8\x70\x38\xfa\x03\x11\x18\
\xb3\x10\x5e\x12\xec\x94\x02\x16\x3b\x02\x6d\x06\x01\xd0\x43\x1c\
\x85\xce\x4a\x88\x0a\xe4\x73\xd8\x13\x12\xf7\xc4\x1c\x3d\x7b\xbb\
\x22\x74\x3e\x08\x2e\xce\xb8\xd4\x39\x12\x0f\x7a\xe7\x10\xc5\x22\
\x76\x76\x02\xe8\x57\x42\x20\xbf\xb7\x3b\xe0\xe0\x40\xe7\x8c\xf3\
\x10\xbc\xfb\x0c\x6e\xae\x91\xdf\x52\x43\x34\x47\xac\x8d\x20\x06\
\x7a\x88\x63\x51\xbf\x16\xa8\x8d\x92\x42\xbc\x47\xde\x75\xe7\xd6\
\xb1\x51\xa9\xbd\xda\xef\x7e\x75\x57\x6b\x1b\x45\xd3\xf4\xda\x4a\
\x1e\xd1\x6e\x7f\xfd\x40\xe3\xe4\x61\xd7\xd4\x9a\x66\x17\x76\xc3\
\x45\x6e\x95\x29\x00\xc7\x76\x47\xcb\x24\x64\xd2\x18\xb9\x1d\x95\
\xba\xec\xbb\x64\x6f\x78\xcf\x39\xe7\x0f\x63\xa4\xab\xcf\xb6\x1e\
\x05\x16\x2c\xa4\x5c\x74\x38\xe8\x8a\xf0\x98\x0e\x95\x17\x63\x68\
\xf1\x09\x8d\x92\x96\xb4\x7d\x49\xea\x51\xd4\x6f\x60\x7e\x0a\xa5\
\xa5\x8c\xab\x5c\x68\x57\x89\xa0\x01\x4f\x48\xf0\x97\xe2\x60\xdb\
\x27\x38\x4a\x42\x0a\xbb\x4e\x83\xc0\xb1\xfb\x89\xe2\xee\xea\x27\
\x4e\xf2\x16\x3d\
\x00\x00\x0c\x3a\
\x3c\
\x3f\x78\x6d\x6c\x20\x76\x65\x72\x73\x69\x6f\x6e\x3d\x22\x31\x2e\
\x30\x22\x20\x65\x6e\x63\x6f\x64\x69\x6e\x67\x3d\x22\x55\x54\x46\
\x2d\x38\x22\x20\x73\x74\x61\x6e\x64\x61\x6c\x6f\x6e\x65\x3d\x22\
\x6e\x6f\x22\x3f\x3e\x0a\x3c\x73\x76\x67\x0a\x20\x20\x20\x68\x65\
\x69\x67\x68\x74\x3d\x22\x32\x34\x22\x0a\x20\x20\x20\x77\x69\x64\
\x74\x68\x3d\x22\x32\x34\x22\x0a\x20\x20\x20\x76\x65\x72\x73\x69\
\x6f\x6e\x3d\x22\x31\x2e\x31\x22\x0a\x20\x20\x20\x69\x64\x3d\x22\
\x73\x76\x67\x37\x22\x0a\x20\x20\x20\x73\x6f\x64\x69\x70\x6f\x64\
\x69\x3a\x64\x6f\x63\x6e\x61\x6d\x65\x3d\x22\x69\x6e\x73\x65\x72\
\x74\x5f\x72\x65\x63\x6f\x72\x64\x2e\x73\x76\x67\x22\x0a\x20\x20\
\x20\x69\x6e\x6b\x73\x63\x61\x70\x65\x3a\x76\x65\x72\x73\x69\x6f\
\x6e\x3d\x22\x31\x2e\x33\x20\x28\x30\x65\x31\x35\x30\x65\x64\x36\
\x63\x34\x2c\x20\x32\x30\x32\x33\x2d\x30\x37\x2d\x32\x31\x29\x22\
\x0a\x20\x20\x20\x78\x6d\x6c\x6e\x73\x3a\x69\x6e\x6b\x73\x63\x61\
\x70\x65\x3d\x22\x68\x74\x74\x70\x3a\x2f\x2f\x77\x77\x77\x2e\x69\
\x6e\x6b\x73\x63\x61\x70\x65\x2e\x6f\x72\x67\x2f\x6e\x61\x6d\x65\
\x73\x70\x61\x63\x65\x73\x2f\x69\x6e\x6b\x73\x63\x61\x70\x65\x22\
\x0a\x20\x20\x20\x78\x6d\x6c\x6e\x73\x3a\x73\x6f\x64\x69\x70\x6f\
\x64\x69\x3d\x22\x68\x74\x74\x70\x3a\x2f\x2f\x73\x6f\x64\x69\x70\
\x6f\x64\x69\x2e\x73\x6f\x75\x72\x63\x65\x66\x6f\x72\x67\x65\x2e\
\x6e\x65\x74\x2f\x44\x54\x44\x2f\x73\x6f\x64\x69\x70\x6f\x64\x69\
\x2d\x30\x2e\x64\x74\x64\x22\x0a\x20\x20\x20\x78\x6d\x6c\x6e\x73\
\x3d\x22\x68\x74\x74\x70\x3a\x2f\x2f\x77\x77\x77\x2e\x77\x33\x2e\
\x6f\x72\x67\x2f\x32\x30\x30\x30\x2f\x73\x76\x67\x22\x0a\x20\x20\
\x20\x78\x6d\x6c\x6e\x73\x3a\x73\x76\x67\x3d\x22\x68\x74\x74\x70\
\x3a\x2f\x2f\x77\x77\x77\x2e\x77\x33\x2e\x6f\x72\x67\x2f\x32\x30\
\x30\x30\x2f\x73\x76\x67\x22\x3e\x0a\x20\x20\x3c\x64\x65\x66\x73\
\x0a\x20\x20\x20\x20\x20\x69\x64\x3d\x22\x64\x65\x66\x73\x37\x22\
\x20\x2f\x3e\x0a\x20\x20\x3c\x73\x6f\x64\x69\x70\x6f\x64\x69\x3a\
\x6e\x61\x6d\x65\x64\x76\x69\x65\x77\x0a\x20\x20\x20\x20\x20\x69\
\x64\x3d\x22\x6e\x61\x6d\x65\x64\x76\x69\x65\x77\x37\x22\x0a\x20\
\x20\x20\x20\x20\x70\x61\x67\x65\x63\x6f\x6c\x6f\x72\x3d\x22\x23\
\x66\x66\x66\x66\x66\x66\x22\x0a\x20\x20\x20\x20\x20\x62\x6f\x72\
\x64\x65\x72\x63\x6f\x6c\x6f\x72\x3d\x22\x23\x30\x30\x30\x30\x30\
\x30\x22\x0a\x20\x20\x20\x20\x20\x62\x6f\x72\x64\x65\x72\x6f\x70\
\x61\x63\x69\x74\x79\x3d\x22\x30\x2e\x32\x35\x22\x0a\x20\x20\x20\
\x20\x20\x69\x6e\x6b\x73\x63\x61\x70\x65\x3a\x73\x68\x6f\x77\x70\
\x61\x67\x65\x73\x68\x61\x64\x6f\x77\x3d\x22\x32\x22\x0a\x20\x20\
\x20\x20\x20\x69\x6e\x6b\x73\x63\x61\x70\x65\x3a\x70\x61\x67\x65\
\x6f\x70\x61\x63\x69\x74\x79\x3d\x22\x30\x2e\x30\x22\x0a\x20\x20\
\x20\x20\x20\x69\x6e\x6b\x73\x63\x61\x70\x65\x3a\x70\x61\x67\x65\
\x63\x68\x65\x63\x6b\x65\x72\x62\x6f\x61\x72\x64\x3d\x22\x30\x22\
\x0a\x20\x20\x20\x20\x20\x69\x6e\x6b\x73\x63\x61\x70\x65\x3a\x64\
\x65\x73\x6b\x63\x6f\x6c\x6f\x72\x3d\x22\x23\x64\x31\x64\x31\x64\
\x31\x22\x0a\x20\x20\x20\x20\x20\x69\x6e\x6b\x73\x63\x61\x70\x65\
\x3a\x7a\x6f\x6f\x6d\x3d\x22\x33\x31\x2e\x38\x37\x35\x22\x0a\x20\
\x20\x20\x20\x20\x69\x6e\x6b\x73\x63\x61\x70\x65\x3a\x63\x78\x3d\
\x22\x31\x32\x2e\x30\x31\x35\x36\x38\x36\x22\x0a\x20\x20\x20\x20\
\x20\x69\x6e\x6b\x73\x63\x61\x70\x65\x3a\x63\x79\x3d\x22\x31\x32\
\x2e\x30\x31\x35\x36\x38\x36\x22\x0a\x20\x20\x20\x20\x20\x69\x6e\
\x6b\x73\x63\x61\x70\x65\x3a\x77\x69\x6e\x64\x6f\x77\x2d\x77\x69\
\x64\x74\x68\x3d\x22\x32\x35\x32\x30\x22\x0a\x20\x20\x20\x20\x20\
\x69\x6e\x6b\x73\x63\x61\x70\x65\x3a\x77\x69\x6e\x64\x6f\x77\x2d\
\x68\x65\x69\x67\x68\x74\x3d\x22\x31\x35\x34\x31\x22\x0a\x20\x20\
\x20\x20\x20\x69\x6e\x6b\x73\x63\x61\x70\x65\x3a\x77\x69\x6e\x64\
\x6f\x77\x2d\x78\x3d\x22\x2d\x31\x31\x22\x0a\x20\x20\x20\x20\x20\
\x69\x6e\x6b\x73\x63\x61\x70\x65\x3a\x77\x69\x6e\x64\x6f\x77\x2d\
\x79\x3d\x22\x34\x32\x22\x0a\x20\x20\x20\x20\x20\x69\x6e\x6b\x73\
\x63\x61\x70\x65\x3a\x77\x69\x6e\x64\x6f\x77\x2d\x6d\x61\x78\x69\
\x6d\x69\x7a\x65\x64\x3d\x22\x31\x22\x0a\x20\x20\x20\x20\x20\x69\
\x6e\x6b\x73\x63\x61\x70\x65\x3a\x63\x75\x72\x72\x65\x6e\x74\x2d\
\x6c\x61\x79\x65\x72\x3d\x22\x73\x76\x67\x37\x22\x20\x2f\x3e\x0a\
\x20\x20\x3c\x67\x0a\x20\x20\x20\x20\x20\x73\x74\x72\x6f\x6b\x65\
\x2d\x6c\x69\x6e\x65\x63\x61\x70\x3d\x22\x72\x6f\x75\x6e\x64\x22\
\x0a\x20\x20\x20\x20\x20\x69\x64\x3d\x22\x67\x34\x22\x3e\x0a\x20\
\x20\x20\x20\x3c\x72\x65\x63\x74\x0a\x20\x20\x20\x20\x20\x20\x20\
\x66\x69\x6c\x6c\x3d\x22\x23\x36\x64\x39\x37\x63\x34\x22\x0a\x20\
\x20\x20\x20\x20\x20\x20\x66\x69\x6c\x6c\x2d\x72\x75\x6c\x65\x3d\
\x22\x65\x76\x65\x6e\x6f\x64\x64\x22\x0a\x20\x20\x20\x20\x20\x20\
\x20\x68\x65\x69\x67\x68\x74\x3d\x22\x32\x30\x2e\x35\x22\x0a\x20\
\x20\x20\x20\x20\x20\x20\x72\x78\x3d\x22\x31\x2e\x38\x38\x39\x22\
\x0a\x20\x20\x20\x20\x20\x20\x20\x72\x79\x3d\x22\x31\x2e\x35\x22\
\x0a\x20\x20\x20\x20\x20\x20\x20\x73\x74\x72\x6f\x6b\x65\x3d\x22\
\x23\x34\x31\x35\x61\x37\x35\x22\x0a\x20\x20\x20\x20\x20\x20\x20\
\x73\x74\x72\x6f\x6b\x65\x2d\x6c\x69\x6e\x65\x6a\x6f\x69\x6e\x3d\
\x22\x72\x6f\x75\x6e\x64\x22\x0a\x20\x20\x20\x20\x20\x20\x20\x73\
\x74\x72\x6f\x6b\x65\x2d\x77\x69\x64\x74\x68\x3d\x22\x2e\x38\x22\
\x0a\x20\x20\x20\x20\x20\x20\x20\x77\x69\x64\x74\x68\x3d\x22\x31\
\x39\x2e\x32\x22\x0a\x20\x20\x20\x20\x20\x20\x20\x78\x3d\x22\x32\
\x2e\x34\x22\x0a\x20\x20\x20\x20\x20\x20\x20\x79\x3d\x22\x31\x2e\
\x34\x22\x0a\x20\x20\x20\x20\x20\x20\x20\x69\x64\x3d\x22\x72\x65\
\x63\x74\x31\x22\x20\x2f\x3e\x0a\x20\x20\x20\x20\x3c\x72\x65\x63\
\x74\x0a\x20\x20\x20\x20\x20\x20\x20\x66\x69\x6c\x6c\x3d\x22\x23\
\x65\x64\x65\x64\x65\x64\x22\x0a\x20\x20\x20\x20\x20\x20\x20\x66\
\x69\x6c\x6c\x2d\x72\x75\x6c\x65\x3d\x22\x65\x76\x65\x6e\x6f\x64\
\x64\x22\x0a\x20\x20\x20\x20\x20\x20\x20\x68\x65\x69\x67\x68\x74\
\x3d\x22\x39\x22\x0a\x20\x20\x20\x20\x20\x20\x20\x72\x78\x3d\x22\
\x2e\x35\x22\x0a\x20\x20\x20\x20\x20\x20\x20\x73\x74\x72\x6f\x6b\
\x65\x3d\x22\x23\x36\x36\x36\x22\x0a\x20\x20\x20\x20\x20\x20\x20\
\x73\x74\x72\x6f\x6b\x65\x2d\x6c\x69\x6e\x65\x6a\x6f\x69\x6e\x3d\
\x22\x72\x6f\x75\x6e\x64\x22\x0a\x20\x20\x20\x20\x20\x20\x20\x73\
\x74\x72\x6f\x6b\x65\x2d\x77\x69\x64\x74\x68\x3d\x22\x2e\x35\x22\
\x0a\x20\x20\x20\x20\x20\x20\x20\x77\x69\x64\x74\x68\x3d\x22\x31\
\x34\x22\x0a\x20\x20\x20\x20\x20\x20\x20\x78\x3d\x22\x35\x22\x0a\
\x20\x20\x20\x20\x20\x20\x20\x79\x3d\x22\x32\x22\x0a\x20\x20\x20\
\x20\x20\x20\x20\x69\x64\x3d\x22\x72\x65\x63\x74\x32\x22\x20\x2f\
\x3e\x0a\x20\x20\x20\x20\x3c\x70\x61\x74\x68\x0a\x20\x20\x20\x20\
\x20\x20\x20\x64\x3d\x22\x6d\x37\x20\x34\x2e\x35\x68\x31\x30\x22\
\x0a\x20\x20\x20\x20\x20\x20\x20\x66\x69\x6c\x6c\x3d\x22\x6e\x6f\
\x6e\x65\x22\x0a\x20\x20\x20\x20\x20\x20\x20\x73\x74\x72\x6f\x6b\
\x65\x3d\x22\x23\x36\x36\x36\x22\x0a\x20\x20\x20\x20\x20\x20\x20\
\x69\x64\x3d\x22\x70\x61\x74\x68\x32\x22\x20\x2f\x3e\x0a\x20\x20\
\x20\x20\x3c\x70\x61\x74\x68\x0a\x20\x20\x20\x20\x20\x20\x20\x64\
\x3d\x22\x6d\x36\x2e\x30\x31\x20\x31\x34\x2e\x35\x31\x37\x68\x31\
\x31\x2e\x39\x39\x76\x36\x2e\x39\x38\x33\x68\x2d\x31\x31\x2e\x39\
\x39\x7a\x22\x0a\x20\x20\x20\x20\x20\x20\x20\x66\x69\x6c\x6c\x3d\
\x22\x23\x65\x64\x65\x64\x65\x64\x22\x0a\x20\x20\x20\x20\x20\x20\
\x20\x66\x69\x6c\x6c\x2d\x72\x75\x6c\x65\x3d\x22\x65\x76\x65\x6e\
\x6f\x64\x64\x22\x0a\x20\x20\x20\x20\x20\x20\x20\x73\x74\x72\x6f\
\x6b\x65\x3d\x22\x23\x36\x36\x36\x22\x0a\x20\x20\x20\x20\x20\x20\
\x20\x73\x74\x72\x6f\x6b\x65\x2d\x6c\x69\x6e\x65\x6a\x6f\x69\x6e\
\x3d\x22\x72\x6f\x75\x6e\x64\x22\x0a\x20\x20\x20\x20\x20\x20\x20\
\x73\x74\x72\x6f\x6b\x65\x2d\x77\x69\x64\x74\x68\x3d\x22\x2e\x36\
\x22\x0a\x20\x20\x20\x20\x20\x20\x20\x69\x64\x3d\x22\x70\x61\x74\
\x68\x33\x22\x20\x2f\x3e\x0a\x20\x20\x20\x20\x3c\x70\x61\x74\x68\
\x0a\x20\x20\x20\x20\x20\x20\x20\x64\x3d\x22\x6d\x37\x2e\x30\x30\
\x39\x20\x31\x35\x2e\x34\x31\x68\x33\x2e\x39\x39\x33\x76\x34\x2e\
\x39\x36\x39\x68\x2d\x33\x2e\x39\x39\x33\x7a\x22\x0a\x20\x20\x20\
\x20\x20\x20\x20\x66\x69\x6c\x6c\x3d\x22\x23\x34\x31\x35\x61\x37\
\x35\x22\x0a\x20\x20\x20\x20\x20\x20\x20\x66\x69\x6c\x6c\x2d\x72\
\x75\x6c\x65\x3d\x22\x65\x76\x65\x6e\x6f\x64\x64\x22\x0a\x20\x20\
\x20\x20\x20\x20\x20\x73\x74\x72\x6f\x6b\x65\x3d\x22\x23\x65\x36\
\x65\x36\x65\x36\x22\x0a\x20\x20\x20\x20\x20\x20\x20\x73\x74\x72\
\x6f\x6b\x65\x2d\x6c\x69\x6e\x65\x6a\x6f\x69\x6e\x3d\x22\x72\x6f\
\x75\x6e\x64\x22\x0a\x20\x20\x20\x20\x20\x20\x20\x73\x74\x72\x6f\
\x6b\x65\x2d\x77\x69\x64\x74\x68\x3d\x22\x2e\x39\x39\x36\x22\x0a\
\x20\x20\x20\x20\x20\x20\x20\x69\x64\x3d\x22\x70\x61\x74\x68\x34\
\x22\x20\x2f\x3e\x0a\x20\x20\x3c\x2f\x67\x3e\x0a\x20\x20\x3c\x70\
\x61\x74\x68\x0a\x20\x20\x20\x20\x20\x64\x3d\x22\x6d\x37\x20\x36\
\x2e\x35\x68\x31\x30\x6d\x2d\x31\x30\x20\x32\x68\x31\x30\x22\x0a\
\x20\x20\x20\x20\x20\x66\x69\x6c\x6c\x3d\x22\x6e\x6f\x6e\x65\x22\
\x0a\x20\x20\x20\x20\x20\x73\x74\x72\x6f\x6b\x65\x3d\x22\x23\x36\
\x36\x36\x22\x0a\x20\x20\x20\x20\x20\x73\x74\x72\x6f\x6b\x65\x2d\
\x6c\x69\x6e\x65\x63\x61\x70\x3d\x22\x72\x6f\x75\x6e\x64\x22\x0a\
\x20\x20\x20\x20\x20\x69\x64\x3d\x22\x70\x61\x74\x68\x37\x22\x20\
\x2f\x3e\x0a\x20\x20\x3c\x67\x0a\x20\x20\x20\x20\x20\x69\x64\x3d\
\x22\x67\x35\x22\x0a\x20\x20\x20\x20\x20\x74\x72\x61\x6e\x73\x66\
\x6f\x72\x6d\x3d\x22\x6d\x61\x74\x72\x69\x78\x28\x31\x2e\x34\x39\
\x31\x35\x30\x34\x31\x2c\x30\x2c\x30\x2c\x31\x2e\x34\x39\x31\x35\
\x30\x34\x31\x2c\x39\x2e\x31\x35\x31\x36\x33\x31\x2c\x33\x2e\x31\
\x35\x34\x32\x34\x32\x39\x29\x22\x3e\x0a\x20\x20\x20\x20\x3c\x72\
\x65\x63\x74\x0a\x20\x20\x20\x20\x20\x20\x20\x66\x69\x6c\x6c\x3d\
\x22\x23\x35\x61\x38\x63\x35\x61\x22\x0a\x20\x20\x20\x20\x20\x20\
\x20\x68\x65\x69\x67\x68\x74\x3d\x22\x35\x2e\x39\x39\x39\x39\x39\
\x22\x0a\x20\x20\x20\x20\x20\x20\x20\x72\x78\x3d\x22\x31\x2e\x32\
\x30\x36\x38\x39\x32\x22\x0a\x20\x20\x20\x20\x20\x20\x20\x77\x69\
\x64\x74\x68\x3d\x22\x35\x2e\x39\x39\x39\x39\x39\x22\x0a\x20\x20\
\x20\x20\x20\x20\x20\x78\x3d\x22\x34\x22\x0a\x20\x20\x20\x20\x20\
\x20\x20\x79\x3d\x22\x37\x2e\x39\x39\x39\x39\x39\x39\x35\x22\x0a\
\x20\x20\x20\x20\x20\x20\x20\x69\x64\x3d\x22\x72\x65\x63\x74\x31\
\x2d\x37\x22\x20\x2f\x3e\x0a\x20\x20\x20\x20\x3c\x67\x0a\x20\x20\
\x20\x20\x20\x20\x20\x66\x69\x6c\x6c\x2d\x72\x75\x6c\x65\x3d\x22\
\x65\x76\x65\x6e\x6f\x64\x64\x22\x0a\x20\x20\x20\x20\x20\x20\x20\
\x69\x64\x3d\x22\x67\x34\x2d\x32\x22\x0a\x20\x20\x20\x20\x20\x20\
\x20\x74\x72\x61\x6e\x73\x66\x6f\x72\x6d\x3d\x22\x74\x72\x61\x6e\
\x73\x6c\x61\x74\x65\x28\x2d\x35\x2e\x30\x30\x30\x30\x30\x34\x38\
\x2c\x2d\x31\x38\x2e\x30\x30\x30\x30\x30\x36\x29\x22\x3e\x0a\x20\
\x20\x20\x20\x20\x20\x3c\x67\x0a\x20\x20\x20\x20\x20\x20\x20\x20\
\x20\x66\x69\x6c\x6c\x3d\x22\x23\x66\x66\x66\x66\x66\x66\x22\x0a\
\x20\x20\x20\x20\x20\x20\x20\x20\x20\x73\x74\x72\x6f\x6b\x65\x3d\
\x22\x23\x66\x66\x66\x66\x66\x66\x22\x0a\x20\x20\x20\x20\x20\x20\
\x20\x20\x20\x73\x74\x72\x6f\x6b\x65\x2d\x6c\x69\x6e\x65\x63\x61\
\x70\x3d\x22\x72\x6f\x75\x6e\x64\x22\x0a\x20\x20\x20\x20\x20\x20\
\x20\x20\x20\x73\x74\x72\x6f\x6b\x65\x2d\x6c\x69\x6e\x65\x6a\x6f\
\x69\x6e\x3d\x22\x72\x6f\x75\x6e\x64\x22\x0a\x20\x20\x20\x20\x20\
\x20\x20\x20\x20\x73\x74\x72\x6f\x6b\x65\x2d\x77\x69\x64\x74\x68\
\x3d\x22\x30\x2e\x39\x39\x30\x39\x37\x32\x22\x0a\x20\x20\x20\x20\
\x20\x20\x20\x20\x20\x74\x72\x61\x6e\x73\x66\x6f\x72\x6d\x3d\x22\
\x74\x72\x61\x6e\x73\x6c\x61\x74\x65\x28\x2d\x37\x2e\x30\x30\x30\
\x30\x30\x31\x2c\x31\x2e\x30\x31\x30\x39\x39\x39\x29\x22\x0a\x20\
\x20\x20\x20\x20\x20\x20\x20\x20\x69\x64\x3d\x22\x67\x33\x22\x3e\
\x0a\x20\x20\x20\x20\x20\x20\x20\x20\x3c\x70\x61\x74\x68\x0a\x20\
\x20\x20\x20\x20\x20\x20\x20\x20\x20\x20\x64\x3d\x22\x6d\x20\x31\
\x37\x2e\x35\x31\x33\x35\x34\x33\x2c\x32\x38\x20\x68\x20\x32\x2e\
\x39\x37\x32\x39\x31\x35\x22\x0a\x20\x20\x20\x20\x20\x20\x20\x20\
\x20\x20\x20\x69\x64\x3d\x22\x70\x61\x74\x68\x32\x2d\x36\x22\x20\
\x2f\x3e\x0a\x20\x20\x20\x20\x20\x20\x20\x20\x3c\x70\x61\x74\x68\
\x0a\x20\x20\x20\x20\x20\x20\x20\x20\x20\x20\x20\x64\x3d\x22\x4d\
\x20\x31\x39\x2e\x30\x30\x30\x30\x30\x31\x2c\x32\x39\x2e\x34\x38\
\x36\x34\x35\x38\x20\x56\x20\x32\x36\x2e\x35\x31\x33\x35\x34\x33\
\x22\x0a\x20\x20\x20\x20\x20\x20\x20\x20\x20\x20\x20\x69\x64\x3d\
\x22\x70\x61\x74\x68\x33\x2d\x35\x22\x20\x2f\x3e\x0a\x20\x20\x20\
\x20\x20\x20\x3c\x2f\x67\x3e\x0a\x20\x20\x20\x20\x20\x20\x3c\x70\
\x61\x74\x68\x0a\x20\x20\x20\x20\x20\x20\x20\x20\x20\x64\x3d\x22\
\x6d\x20\x31\x30\x2c\x32\x38\x2e\x34\x39\x39\x39\x39\x38\x20\x68\
\x20\x34\x20\x63\x20\x30\x2c\x30\x20\x30\x2c\x30\x20\x30\x2c\x2d\
\x30\x2e\x37\x35\x20\x30\x2c\x2d\x30\x2e\x37\x35\x20\x2d\x30\x2e\
\x32\x35\x2c\x2d\x30\x2e\x37\x35\x20\x2d\x32\x2c\x2d\x30\x2e\x37\
\x35\x20\x2d\x31\x2e\x37\x35\x2c\x30\x20\x2d\x32\x2c\x30\x20\x2d\
\x32\x2c\x30\x2e\x37\x35\x20\x7a\x22\x0a\x20\x20\x20\x20\x20\x20\
\x20\x20\x20\x66\x69\x6c\x6c\x3d\x22\x23\x66\x63\x66\x66\x66\x66\
\x22\x0a\x20\x20\x20\x20\x20\x20\x20\x20\x20\x6f\x70\x61\x63\x69\
\x74\x79\x3d\x22\x30\x2e\x33\x22\x0a\x20\x20\x20\x20\x20\x20\x20\
\x20\x20\x69\x64\x3d\x22\x70\x61\x74\x68\x34\x2d\x30\x22\x20\x2f\
\x3e\x0a\x20\x20\x20\x20\x3c\x2f\x67\x3e\x0a\x20\x20\x3c\x2f\x67\
\x3e\x0a\x3c\x2f\x73\x76\x67\x3e\x0a\
\x00\x00\x03\x02\
\x3c\
\x3f\x78\x6d\x6c\x20\x76\x65\x72\x73\x69\x6f\x6e\x3d\x22\x31\x2e\
\x30\x22\x20\x65\x6e\x63\x6f\x64\x69\x6e\x67\x3d\x22\x55\x54\x46\
\x2d\x38\x22\x3f\x3e\x3c\x21\x2d\x2d\x20\x53\x56\x47\x20\x73\x6f\
\x75\x72\x63\x65\x64\x20\x66\x72\x6f\x6d\x20\x68\x74\x74\x70\x73\
\x3a\x2f\x2f\x67\x69\x74\x68\x75\x62\x2e\x63\x6f\x6d\x2f\x54\x65\
\x6d\x70\x6c\x61\x72\x69\x61\x6e\x2f\x4d\x61\x74\x65\x72\x69\x61\
\x6c\x44\x65\x73\x69\x67\x6e\x20\x61\x6e\x64\x20\x70\x61\x72\x61\
\x6d\x65\x74\x65\x72\x69\x7a\x65\x64\x20\x62\x79\x20\x4b\x6c\x61\
\x73\x20\x4b\x61\x72\x6c\x73\x73\x6f\x6e\x20\x66\x6f\x72\x20\x51\
\x47\x49\x53\x20\x2d\x2d\x3e\x3c\x21\x44\x4f\x43\x54\x59\x50\x45\
\x20\x73\x76\x67\x20\x50\x55\x42\x4c\x49\x43\x20\x22\x2d\x2f\x2f\
\x57\x33\x43\x2f\x2f\x44\x54\x44\x20\x53\x56\x47\x20\x31\x2e\x31\
\x2f\x2f\x45\x4e\x22\x20\x22\x68\x74\x74\x70\x3a\x2f\x2f\x77\x77\
\x77\x2e\x77\x33\x2e\x6f\x72\x67\x2f\x47\x72\x61\x70\x68\x69\x63\
\x73\x2f\x53\x56\x47\x2f\x31\x2e\x31\x2f\x44\x54\x44\x2f\x73\x76\
\x67\x31\x31\x2e\x64\x74\x64\x22\x3e\x3c\x73\x76\x67\x20\x78\x6d\
\x6c\x6e\x73\x3d\x22\x68\x74\x74\x70\x3a\x2f\x2f\x77\x77\x77\x2e\
\x77\x33\x2e\x6f\x72\x67\x2f\x32\x30\x30\x30\x2f\x73\x76\x67\x22\
\x20\x78\x6d\x6c\x6e\x73\x3a\x78\x6c\x69\x6e\x6b\x3d\x22\x68\x74\
\x74\x70\x3a\x2f\x2f\x77\x77\x77\x2e\x77\x33\x2e\x6f\x72\x67\x2f\
\x31\x39\x39\x39\x2f\x78\x6c\x69\x6e\x6b\x22\x20\x76\x65\x72\x73\
\x69\x6f\x6e\x3d\x22\x31\x2e\x31\x22\x20\x69\x64\x3d\x22\x6d\x64\
\x69\x2d\x70\x61\x75\x73\x65\x2d\x63\x69\x72\x63\x6c\x65\x2d\x6f\
\x75\x74\x6c\x69\x6e\x65\x22\x20\x77\x69\x64\x74\x68\x3d\x22\x32\
\x34\x22\x20\x68\x65\x69\x67\x68\x74\x3d\x22\x32\x34\x22\x20\x76\
\x69\x65\x77\x42\x6f\x78\x3d\x22\x30\x20\x30\x20\x32\x34\x20\x32\
\x34\x22\x3e\x3c\x70\x61\x74\x68\x20\x66\x69\x6c\x6c\x3d\x22\x70\
\x61\x72\x61\x6d\x28\x66\x69\x6c\x6c\x29\x20\x23\x30\x30\x30\x22\
\x20\x6f\x70\x61\x63\x69\x74\x79\x3d\x22\x70\x61\x72\x61\x6d\x28\
\x66\x69\x6c\x6c\x2d\x6f\x70\x61\x63\x69\x74\x79\x29\x22\x20\x73\
\x74\x72\x6f\x6b\x65\x3d\x22\x70\x61\x72\x61\x6d\x28\x6f\x75\x74\
\x6c\x69\x6e\x65\x29\x22\x20\x73\x74\x72\x6f\x6b\x65\x2d\x77\x69\
\x64\x74\x68\x3d\x22\x70\x61\x72\x61\x6d\x28\x6f\x75\x74\x6c\x69\
\x6e\x65\x2d\x77\x69\x64\x74\x68\x29\x20\x30\x22\x20\x73\x74\x72\
\x6f\x6b\x65\x2d\x6f\x70\x61\x63\x69\x74\x79\x3d\x22\x70\x61\x72\
\x61\x6d\x28\x6f\x75\x74\x6c\x69\x6e\x65\x2d\x6f\x70\x61\x63\x69\
\x74\x79\x29\x22\x20\x64\x3d\x22\x4d\x31\x33\x2c\x31\x36\x56\x38\
\x48\x31\x35\x56\x31\x36\x48\x31\x33\x4d\x39\x2c\x31\x36\x56\x38\
\x48\x31\x31\x56\x31\x36\x48\x39\x4d\x31\x32\x2c\x32\x41\x31\x30\
\x2c\x31\x30\x20\x30\x20\x30\x2c\x31\x20\x32\x32\x2c\x31\x32\x41\
\x31\x30\x2c\x31\x30\x20\x30\x20\x30\x2c\x31\x20\x31\x32\x2c\x32\
\x32\x41\x31\x30\x2c\x31\x30\x20\x30\x20\x30\x2c\x31\x20\x32\x2c\
\x31\x32\x41\x31\x30\x2c\x31\x30\x20\x30\x20\x30\x2c\x31\x20\x31\
\x32\x2c\x32\x4d\x31\x32\x2c\x34\x41\x38\x2c\x38\x20\x30\x20\x30\
\x2c\x30\x20\x34\x2c\x31\x32\x41\x38\x2c\x38\x20\x30\x20\x30\x2c\
\x30\x20\x31\x32\x2c\x32\x30\x41\x38\x2c\x38\x20\x30\x20\x30\x2c\
\x30\x20\x32\x30\x2c\x31\x32\x41\x38\x2c\x38\x20\x30\x20\x30\x2c\
\x30\x20\x31\x32\x2c\x34\x5a\x22\x20\x2f\x3e\x3c\x2f\x73\x76\x67\
\x3e\
\x00\x00\x04\xfd\
\x00\
\x00\x13\x8a\x78\x9c\xed\x58\x4b\x6f\xe3\x36\x10\xbe\xe7\x57\x08\
\xda\xcb\x06\xb0\x68\xbe\x24\x52\x4a\xbc\x8b\xa2\x8b\xa2\x87\xec\
\x6d\x5b\xb4\xa7\x85\x22\xd1\xb2\x1a\x59\x34\x28\xda\x4e\xf2\xeb\
\x3b\xd4\xcb\x72\xd6\x36\xb6\x6d\x02\xf4\xb0\x0e\x02\x53\xf3\x22\
\x87\xf3\xcd\x8c\xc6\xb7\x1f\x1f\xd7\x95\xb7\x53\xa6\x29\x75\xbd\
\xf0\x09\xc2\xbe\xa7\xea\x4c\xe7\x65\x5d\x2c\xfc\xdf\xbe\xfc\x12\
\x48\xdf\x6b\x6c\x5a\xe7\x69\xa5\x6b\xb5\xf0\x6b\xed\x7f\xfc\x70\
\x75\xdb\xec\x8a\x2b\xcf\xf3\x56\xaa\x2c\x56\x76\xe1\x53\xee\xbb\
\xc7\x7d\x99\xdb\xd5\xf8\x34\xb1\x4a\x5a\x42\x99\x2f\x7c\x50\x24\
\x1d\xbb\x81\x4d\x36\xf0\x9f\xe4\x3a\xab\xd3\x35\xd8\x5e\xeb\x9d\
\xfa\xba\xd1\x5f\x37\x06\xfe\x75\x59\x5b\x04\xd2\x9d\x66\xfd\xd0\
\x64\xe9\x46\x25\x13\x9b\x14\x51\xef\xfd\x3d\x4e\x25\x97\x51\xc8\
\xc9\xcc\xa3\x98\xd2\x80\xd0\x00\x93\xeb\x56\x09\x3c\xab\x9b\x64\
\x50\x5d\xf8\x2b\x6b\x37\xc9\x7c\xbe\xdf\xef\xd1\x40\x44\xda\x14\
\x73\xb7\x79\xb3\x49\x33\xd5\xcc\x07\xfa\x44\x7f\x38\xe6\xa8\x3f\
\x10\x50\xa3\xb7\x26\x53\x4b\x30\xa1\x50\xad\xec\xfc\xd3\x97\x4f\
\x23\x33\xc0\x28\xb7\xf9\xc1\xcc\xd1\xee\x7b\xd6\xee\x4b\x31\xc6\
\xf3\xc1\xc3\x7e\xb3\x5d\x71\x51\xf2\x03\x88\xde\xe6\x6a\xd9\x38\
\x95\xee\x42\xdd\x13\x91\x2d\x07\x78\xeb\xd4\x3c\x28\xd3\x71\xe1\
\x8a\xed\x53\x05\x8e\xc3\xb5\x9a\x65\xa5\xf7\xc9\xae\x6c\xca\xfb\
\x4a\xdd\xf8\x83\x80\x33\xf0\x93\x31\x7a\x4f\x3f\xab\x3a\x1f\xc9\
\x46\x2d\xff\x58\xf8\x18\xc0\x30\xa1\xfc\x79\x4c\xd1\xa6\x54\x35\
\x84\x3e\xdd\x5a\x7d\xb0\x37\xc4\xa9\xb1\x3a\x7b\x38\x63\x7d\x14\
\x2a\x9b\x56\x6c\xe1\x5b\xb3\x55\xbd\x07\xe0\xc3\x26\xb5\xab\x41\
\xd6\xf3\xac\x49\xeb\x06\x2e\x79\x0d\xd8\xc9\xd2\x4a\xbd\xc7\x28\
\xba\xf6\x8c\xb6\xa9\x55\xef\x89\xc4\xd7\x9d\x44\xe5\x1e\xf1\x0c\
\x5f\xfb\x07\x55\xd8\xfe\xb3\x27\x91\x20\x32\x94\x42\xce\x38\xc2\
\x8c\x09\x16\x52\xef\xce\x0b\x00\x3d\x58\x50\x19\x87\x33\x70\x8a\
\x44\x98\x30\x1a\x46\xc0\xe8\xc5\x25\x9f\x05\x20\x8f\x89\xc0\x42\
\x7a\x3f\x7b\x11\x8a\x05\xc3\x31\xc6\xb3\x80\xa0\x88\xc6\x11\x8f\
\x62\x47\x94\x8c\x70\x11\xcd\x80\x46\x42\xc1\x39\x39\xb9\xdd\xb3\
\x37\x39\x54\x1f\x93\xc6\x1a\xfd\xa0\x92\x4c\xd7\x56\x3d\xda\xa0\
\x7b\xbc\x59\x96\x55\x15\x98\x6d\xa5\x12\xb5\x53\xb5\xce\xf3\x96\
\xf2\x52\xaa\xfb\x0a\xda\x6c\x4b\xe0\x3a\x68\x88\xdd\x67\xa0\x57\
\x65\xad\xfe\x82\xf4\x49\x8c\xde\xd6\xf9\xcd\x64\x6f\x17\x10\x77\
\xbb\x8c\xc9\xd0\xf7\xe6\x3d\x66\xe6\x1d\x68\xfe\x3d\x82\x3a\x15\
\x16\x71\xfe\x76\x08\xba\x7b\x45\x04\x41\x3d\x3a\x87\x20\xf2\x03\
\x41\xdf\x87\xa0\x88\xd3\xff\x84\xa0\x13\x25\xe8\x0e\xfa\x8c\xb1\
\x6f\x08\xa1\x63\xfb\xaf\x01\xa2\x1f\xc0\xb9\x04\x9c\x93\x95\x47\
\x44\xaf\x58\x79\xda\xc0\x92\xbb\xb7\xec\x5d\xe4\x35\x2b\x0f\x46\
\xf2\x6c\xe5\xa1\x28\x3c\xc6\x50\x7f\x03\xff\x24\x30\x17\xc3\x05\
\x2f\x77\x1b\x7b\xf3\x12\xa4\x70\x2f\x0e\x87\x80\xbf\x10\x56\x41\
\xd8\x2e\x83\xee\x34\x23\xb9\xa3\x0e\xa2\x47\xa0\x3a\x44\x36\x22\
\xaf\x1d\x59\xfa\xa6\x91\xfd\xd1\x53\xfe\x67\x3d\x85\x89\xf8\x24\
\x82\x6e\xe7\xee\x25\xb7\x5d\x8d\x43\x83\x7b\x69\xcf\x77\xa5\xda\
\x1f\xde\x84\x47\x12\x89\x7a\xeb\x9b\xb4\x50\x99\xae\xb4\x59\xf8\
\xef\x96\xed\xa7\x67\xdc\x6b\x93\x2b\x33\xb0\xa2\xf6\x73\xc4\xd2\
\x30\x0f\x94\xf6\xa9\x9b\x88\xae\x8e\x01\xe2\xac\x36\xab\x34\xd7\
\x7b\x18\x75\x4e\x31\x47\x65\x7c\x5a\x39\x5b\xa9\x0c\x5c\xbb\xd7\
\xa9\x81\x63\x0f\x22\xcd\x4a\xef\x0b\xe3\x1c\x59\xa6\x55\xa3\x5e\
\x2a\x3e\x6b\x0d\x60\x0b\x51\x4c\xdc\x61\xc5\x4b\x76\xf6\xb8\xf0\
\x03\x4e\x51\x4c\xe3\x50\x7c\xcb\x85\xc3\x50\x18\x99\x1c\x2f\x7c\
\xc9\xdc\x97\x35\xf8\x12\xf4\xc3\x1b\x89\xe9\x37\x87\xee\x25\x86\
\x69\x8f\x60\x2e\xcf\x88\xc0\x29\x98\xe4\xe7\x0c\x3c\x1d\xbc\x7d\
\xc9\x5a\xa7\x8f\xe5\xba\x7c\x56\xe0\x3e\xf9\xe6\xf4\x5b\x63\x20\
\xab\x83\x2a\x7d\x52\x66\x3a\x42\x4e\x53\xbb\x4e\x37\x41\x51\xe9\
\xfb\xb4\xea\x33\xf7\x94\x00\x80\x57\x35\x67\x2e\xb8\x15\x70\xe1\
\xb9\xa0\xaf\xed\x0a\x06\xd0\x4b\x06\x5c\x04\x2f\x0a\x58\x1d\x14\
\xdb\xf2\xc2\x31\x00\x06\x17\x11\x06\xaa\x0f\x03\x72\x73\xe2\xfe\
\xfa\xa4\xb9\x2d\x0e\xb9\x50\x10\x31\x84\x68\x52\xaa\x0e\x35\x09\
\xe6\x53\x8c\x43\x06\x70\xe0\xb3\x61\x19\x5e\x0f\x53\x64\x31\xad\
\xc4\x45\xcc\xa3\x43\x19\xcc\x4a\x93\x55\xea\x64\x93\x4a\x6a\x5d\
\xf7\xc5\xa2\xcf\x80\x84\x0c\x7d\xe9\x1d\x65\x02\x63\x7a\x5c\x24\
\xd8\xf0\x98\xa7\xe0\xad\x31\xe9\x53\x67\x62\x42\xd5\xcb\x65\xa3\
\x6c\x32\x56\x91\xd1\xf0\x89\xfa\x41\xb8\x0c\x27\x64\x97\x11\x44\
\x22\x38\x3d\x8e\xd9\x94\xfe\xe4\xd2\x08\x3c\x8e\x31\xd4\x9b\x03\
\x1d\xee\x93\xa1\xb0\x27\x0f\x65\x08\x3c\x36\x2a\xb3\xa7\xfd\xed\
\x6b\xca\x59\x97\x85\xba\xc7\xe1\x19\x97\xd7\xa5\x55\xa6\x02\xc8\
\xdb\x84\x5f\xbe\x86\x73\x2e\xbb\x73\x51\x8a\xa7\x2e\xf7\x29\x1c\
\xa1\xc8\xfd\x22\x72\xc4\x1a\x72\xf7\x14\xcf\x5d\x14\x0a\x09\x16\
\x64\x4a\x75\xc5\x2f\x44\x92\x32\x29\xf8\x74\xeb\x01\x87\x23\xae\
\x82\x0c\x92\x53\x19\x97\xfb\x00\x25\xc1\x09\x95\x21\x96\xdf\xa5\
\x02\x7b\x00\x12\x39\x97\xd0\xb1\x18\x9f\xde\xfa\x71\xbb\x75\x43\
\xa6\x27\x10\x34\x38\x2c\x18\x9d\x11\x8e\xc2\x18\x7a\xa0\xf0\xdc\
\x02\x5a\xa6\x94\xae\x31\xba\xa5\xf4\x7e\x85\x6e\x27\x63\x1a\xc5\
\x8c\x79\xbf\x1f\x94\x80\x4e\x22\x68\x7e\x20\x24\x80\x0e\xae\x81\
\xc3\xac\x95\x27\x0c\xc5\x31\x74\x2b\x27\x4f\x08\x1c\x07\xc6\x63\
\xaf\xf2\x7a\x8b\x22\x66\xb3\x7e\x25\xbc\xe7\x13\xb8\x93\xd1\xd4\
\xd9\xa3\x4e\x3a\x76\x43\x11\x85\x8c\x4f\xdf\x7c\x8b\xae\xb1\xc1\
\xd7\xad\xfb\x65\xe7\xc3\xd5\xdf\xdf\x1e\x68\x46\
\x00\x00\x04\xe8\
\x00\
\x00\x13\x15\x78\x9c\xed\x58\x4b\x6f\xe3\x36\x10\xbe\xe7\x57\x10\
\xda\xcb\x06\xb0\x64\x3e\x25\xca\xb1\xb3\x28\xba\x28\x7a\xc8\xde\
\xb6\x45\x7b\x5a\x28\x12\x6d\xab\x91\x45\x83\xa2\xed\x24\xbf\xbe\
\x43\xbd\x9d\xd8\xc6\xb6\x4d\x80\x1e\xd6\x41\x60\x6a\x5e\x9c\xc7\
\x37\x1c\xd1\xf3\x4f\x8f\x9b\x02\xed\x95\xa9\x72\x5d\x2e\x3c\x12\
\x60\x0f\xa9\x32\xd5\x59\x5e\xae\x16\xde\x6f\x5f\x7f\xf1\xa5\x87\
\x2a\x9b\x94\x59\x52\xe8\x52\x2d\xbc\x52\x7b\x9f\x6e\xaf\xe6\xd5\
\x7e\x75\x85\x10\x5a\xab\x7c\xb5\xb6\x0b\x8f\x72\xcf\x3d\x1e\xf2\
\xcc\xae\xfb\xa7\x91\x55\x52\x13\xf2\x6c\xe1\x81\x22\x69\xd8\x15\
\x6c\xb2\x85\xff\x59\xa6\xd3\x32\xd9\x80\xed\x8d\xde\xab\x6f\x5b\
\xfd\x6d\x6b\xf4\x37\x0b\x5f\x3a\x2f\x6d\x00\x0a\x8d\x72\xf9\x50\
\xa5\xc9\x56\xcd\x46\x66\x69\x40\xd1\xc7\x7b\x9c\x48\x2e\x43\xc1\
\xc9\x04\x51\x4c\xa9\x4f\xa8\x8f\xc9\x75\xad\x04\xc1\x95\xd5\xac\
\x53\x5d\x78\x6b\x6b\xb7\xb3\xe9\xf4\x70\x38\x04\x1d\x31\xd0\x66\
\x35\x75\xfb\x57\xdb\x24\x55\xd5\xb4\xa3\x8f\xf4\x3b\x4f\x7b\xfd\
\x8e\x10\x54\x7a\x67\x52\xb5\x04\x13\x2a\x28\x95\x9d\x7e\xfe\xfa\
\xb9\x67\xfa\x38\xc8\x6c\x36\x98\x39\xda\xfd\xc0\xea\x7d\x29\xc6\
\x78\xda\x45\xd8\x6e\xb6\x5f\x5d\x94\xbc\x05\xd1\x79\xa6\x96\x95\
\x53\x69\x72\xea\x9e\x88\xac\x39\xc0\xdb\x24\xe6\x41\x99\x86\x0b\
\x59\xb6\x4f\x05\x04\x0e\x99\x35\xcb\x42\x1f\x66\xfb\xbc\xca\xef\
\x0b\x75\xe3\x75\x02\xce\xc0\x4f\xc6\xe8\x03\xfd\xa2\xca\xac\x27\
\x1b\xb5\xfc\x63\xe1\x61\xc0\xc3\x88\xf2\xe7\x31\x45\x9b\x5c\x95\
\x50\xfd\x64\x67\xf5\x60\xaf\xab\x53\x65\x75\xfa\x70\xc6\x7a\x2f\
\x94\x57\xb5\xd8\xc2\xb3\x66\xa7\xda\x08\x20\x86\x6d\x62\xd7\x9d\
\x2c\x42\xd6\x24\x65\x05\x49\xde\x00\x7c\xd2\xa4\x50\x1f\x71\x10\
\x5e\x23\xa3\x6d\x62\xd5\x47\x22\xf1\x75\x23\x51\xb8\x47\x3c\xc1\
\xd7\xde\xa0\x0a\xdb\x7f\x41\x32\x88\x88\x14\x32\x92\x13\x1e\x60\
\xc6\x22\x26\x28\xba\x43\x3e\xa0\x07\x47\x54\xc6\x62\x02\x41\x91\
\x10\x13\x46\x45\x08\x8c\x56\x5c\xf2\x89\x0f\xf2\x98\x44\x38\x92\
\xe8\x67\x14\x06\x71\xc4\x70\x8c\xf1\xc4\x27\x41\x48\xe3\x90\x87\
\xb1\x23\x4a\x46\x78\x14\x4e\x80\x46\x44\xc4\x39\x39\xb9\xdd\x33\
\x1a\x39\xd5\xd6\xa4\xb2\x46\x3f\xa8\x59\xaa\x4b\xab\x1e\xad\xdf\
\x3c\xde\x2c\xf3\xa2\xf0\xcd\xae\x50\x33\xb5\x57\xa5\xce\xb2\x9a\
\xf2\x52\xaa\xf9\xf2\xeb\x86\x9b\x41\x3a\xa8\xc0\xee\xd3\xd1\x8b\
\xbc\x54\x7f\x41\xfb\xcc\x8c\xde\x95\xd9\xcd\x68\x6f\x57\x10\x97\
\x5d\xc6\xa4\xf0\xd0\xb4\xc5\xcc\xb4\x01\xcd\xbf\x47\x50\xa3\xc2\
\x42\xce\xdf\x0f\x41\x77\x6f\x88\x20\x38\x92\xce\x21\x88\xfc\x40\
\xd0\xf7\x21\x28\xe4\xf4\x3f\x21\xe8\xc4\x11\x74\x07\xa3\xc6\xd8\
\x77\x84\xd0\xb1\xfd\xb7\x00\xd1\x0f\xe0\x5c\x02\xce\xc9\x93\x27\
\x0a\xdf\xf0\xe4\xa9\x0b\x4b\xee\xde\x73\x76\x91\xb7\x3c\x79\x70\
\x20\xcf\x9e\x3c\x34\x10\xc7\x18\x6a\x33\xf0\x4f\x0a\x73\xb1\x5c\
\xf0\x7e\xb7\xb5\x37\x2f\x41\x0a\x79\x71\x38\x04\xfc\x09\x58\xf9\
\xa2\x5e\xfa\x8d\x37\x3d\xb9\xa1\x76\xa2\x47\xa0\x1a\x2a\x1b\x92\
\xb7\xae\x2c\x7d\xd7\xca\xfe\x98\x29\xff\xb3\x99\xc2\xa2\xf8\x24\
\x82\xe6\x53\xf7\x92\x5b\xaf\xfa\x7b\x83\x7b\x69\xcf\xf6\xb9\x3a\
\x0c\x6f\xc2\x3d\x89\x84\xad\xf5\x6d\xb2\x52\xa9\x2e\xb4\x59\x78\
\x1f\x96\xf5\xa7\x65\xdc\x6b\x93\x29\xd3\xb1\xc2\xfa\x73\xc4\xd2\
\x70\x1f\xc8\xed\x53\x73\x29\xba\x3a\x06\x88\xb3\x5a\xad\x93\x4c\
\x1f\xe0\xb6\x73\x8a\xd9\x2b\xe3\xd3\xca\xe9\x5a\xa5\x10\xda\xbd\
\x4e\x0c\xb8\xdd\x89\x54\x6b\x7d\x58\x19\x17\xc8\x32\x29\x2a\xf5\
\x52\xf1\x59\x6b\x00\x9b\x08\x62\xe2\x9c\x8d\x5e\xb2\xd3\xc7\x85\
\xe7\x73\x57\x7b\x11\x13\xf1\x8a\x0b\xce\x50\xb8\x32\xc5\x22\x8a\
\x5e\x31\x0f\x79\x09\xb1\xf8\xed\xfd\x8d\xc4\xf4\x95\xd3\xad\x44\
\x77\xe1\x23\x98\xcb\x33\x22\xe0\x05\x93\xfc\x9c\x81\xa7\x21\xda\
\x97\xac\x4d\xf2\x98\x6f\xf2\x67\x05\xe1\x93\x57\xde\xef\x8c\x81\
\xae\xf6\x8b\xe4\x49\x99\xf1\x2d\x72\xdc\xda\x65\xb2\xf5\x57\x85\
\xbe\x4f\x8a\xb6\x73\x4f\x09\x00\x78\x55\x75\x26\xc1\xb5\x80\x2b\
\xcf\x05\x7d\x6d\xd7\x70\x01\xbd\x64\xc0\x55\xf0\xa2\x80\xd5\xfe\
\x6a\x97\x5f\x70\x03\x60\x70\x11\x61\xa0\xfa\xd0\x21\x37\x23\xee\
\xaf\x6d\x9a\xf9\x6a\xe8\x85\x15\xc1\x22\xea\x2e\x85\x69\x6e\xd2\
\x42\xbd\x38\x7e\xeb\x16\x2e\xe1\x5a\xdf\xb4\x77\x8b\xd9\x19\xe9\
\x26\xc9\x87\x24\x19\xb7\x6f\xd3\xd6\xac\x7b\xcc\x12\xf0\xcf\x98\
\xe4\xa9\x31\x31\xa2\xea\xe5\xb2\x52\x76\xd6\x2b\xf6\x86\x8f\x8e\
\x77\xd7\xef\x84\x4b\xd1\x13\x1d\x7e\x89\x0c\x62\x8e\xe1\x70\x1a\
\xa8\x4f\x0e\xf2\x58\xc4\x34\x14\x83\x01\x88\x9c\x05\x42\xb0\x18\
\x8f\x0f\x0c\xa3\x52\x7b\x2a\xc6\xb6\xf3\xcf\x85\xb9\x5c\x5e\x08\
\x73\x93\x5b\x65\x0a\x00\xa6\x9d\xf1\xcb\xa1\x9f\x0e\xd3\xf9\x44\
\x29\x1e\x02\x6a\x9b\x2c\x0c\x42\xf7\x9b\xc5\x88\xd1\xf5\xd6\x6b\
\x8e\x4b\x4c\x20\xb0\x60\x22\x62\x3d\xd1\x9d\x4c\x22\x90\x34\xa6\
\x8c\x0e\x3b\x76\x10\xe9\xa7\x93\x9f\x42\xdf\x28\xe3\xda\x12\xce\
\xa2\x88\x13\x2a\x05\x96\xdf\xa1\x00\xf6\x7d\x1c\x70\x2e\x61\x94\
\x30\x3e\x24\x79\x3c\x05\xdd\xcd\x0f\x45\x41\x0c\x73\x85\x08\x31\
\x21\x3c\x08\x31\xe5\x4c\x20\x1e\x40\xc1\x60\x42\x09\x37\xad\xdc\
\x52\xa2\x5f\x61\x04\x49\x19\x31\x06\xe3\xec\x77\xa7\x14\xc6\x9c\
\xe1\x08\xad\x61\x4d\x38\xa3\x8c\x71\xb4\xef\xd6\x82\x01\x1d\x66\
\x21\xe6\x38\xa6\x8e\xee\x33\xc8\x0a\xe3\x42\xa2\x02\xb5\x26\xa3\
\x78\xd2\x2e\x42\xf4\xfc\x0a\x5a\x32\x1c\x82\x3c\x1a\x6d\xfd\x78\
\x8a\x42\xc1\x78\xf7\x2a\x3a\x9f\xae\x6e\xaf\xe6\xee\x17\x96\xdb\
\xab\xbf\x01\x97\x97\x52\x54\
\x00\x00\x03\xae\
\x3c\
\x3f\x78\x6d\x6c\x20\x76\x65\x72\x73\x69\x6f\x6e\x3d\x22\x31\x2e\
\x30\x22\x20\x65\x6e\x63\x6f\x64\x69\x6e\x67\x3d\x22\x55\x54\x46\
\x2d\x38\x22\x3f\x3e\x0a\x3c\x73\x76\x67\x20\x77\x69\x64\x74\x68\
\x3d\x22\x35\x31\x32\x70\x78\x22\x20\x68\x65\x69\x67\x68\x74\x3d\
\x22\x35\x31\x32\x70\x78\x22\x20\x76\x69\x65\x77\x42\x6f\x78\x3d\
\x22\x30\x20\x30\x20\x35\x31\x32\x20\x35\x31\x32\x22\x20\x78\x6d\
\x6c\x6e\x73\x3d\x22\x68\x74\x74\x70\x3a\x2f\x2f\x77\x77\x77\x2e\
\x77\x33\x2e\x6f\x72\x67\x2f\x32\x30\x30\x30\x2f\x73\x76\x67\x22\
\x20\x78\x6d\x6c\x6e\x73\x3a\x78\x6c\x69\x6e\x6b\x3d\x22\x68\x74\
\x74\x70\x3a\x2f\x2f\x77\x77\x77\x2e\x77\x33\x2e\x6f\x72\x67\x2f\
\x31\x39\x39\x39\x2f\x78\x6c\x69\x6e\x6b\x22\x20\x76\x65\x72\x73\
\x69\x6f\x6e\x3d\x22\x31\x2e\x31\x22\x3e\x0a\x20\x3c\x21\x2d\x2d\
\x20\x47\x65\x6e\x65\x72\x61\x74\x65\x64\x20\x62\x79\x20\x50\x69\
\x78\x65\x6c\x6d\x61\x74\x6f\x72\x20\x50\x72\x6f\x20\x31\x2e\x35\
\x2e\x31\x20\x2d\x2d\x3e\x0a\x20\x3c\x64\x65\x66\x73\x3e\x0a\x20\
\x20\x3c\x6c\x69\x6e\x65\x61\x72\x47\x72\x61\x64\x69\x65\x6e\x74\
\x20\x69\x64\x3d\x22\x6c\x69\x6e\x65\x61\x72\x2d\x67\x72\x61\x64\
\x69\x65\x6e\x74\x22\x20\x67\x72\x61\x64\x69\x65\x6e\x74\x55\x6e\
\x69\x74\x73\x3d\x22\x75\x73\x65\x72\x53\x70\x61\x63\x65\x4f\x6e\
\x55\x73\x65\x22\x20\x78\x31\x3d\x22\x32\x35\x38\x2e\x35\x39\x36\
\x22\x20\x79\x31\x3d\x22\x34\x34\x36\x2e\x37\x34\x36\x22\x20\x78\
\x32\x3d\x22\x32\x35\x38\x2e\x34\x36\x31\x22\x20\x79\x32\x3d\x22\
\x36\x34\x2e\x38\x38\x37\x22\x3e\x0a\x20\x20\x20\x3c\x73\x74\x6f\
\x70\x20\x6f\x66\x66\x73\x65\x74\x3d\x22\x30\x22\x20\x73\x74\x6f\
\x70\x2d\x63\x6f\x6c\x6f\x72\x3d\x22\x23\x30\x35\x62\x63\x32\x39\
\x22\x20\x73\x74\x6f\x70\x2d\x6f\x70\x61\x63\x69\x74\x79\x3d\x22\
\x31\x22\x2f\x3e\x0a\x20\x20\x20\x3c\x73\x74\x6f\x70\x20\x6f\x66\
\x66\x73\x65\x74\x3d\x22\x31\x22\x20\x73\x74\x6f\x70\x2d\x63\x6f\
\x6c\x6f\x72\x3d\x22\x23\x35\x62\x66\x38\x37\x37\x22\x20\x73\x74\
\x6f\x70\x2d\x6f\x70\x61\x63\x69\x74\x79\x3d\x22\x31\x22\x2f\x3e\
\x0a\x20\x20\x3c\x2f\x6c\x69\x6e\x65\x61\x72\x47\x72\x61\x64\x69\
\x65\x6e\x74\x3e\x0a\x20\x3c\x2f\x64\x65\x66\x73\x3e\x0a\x20\x3c\
\x70\x61\x74\x68\x20\x69\x64\x3d\x22\x50\x61\x74\x68\x22\x20\x64\
\x3d\x22\x4d\x31\x37\x33\x2e\x38\x39\x38\x20\x34\x33\x39\x2e\x34\
\x30\x34\x20\x4c\x37\x2e\x34\x39\x38\x20\x32\x37\x33\x2e\x30\x30\
\x34\x20\x43\x2d\x32\x2e\x34\x39\x39\x20\x32\x36\x33\x2e\x30\x30\
\x37\x20\x2d\x32\x2e\x34\x39\x39\x20\x32\x34\x36\x2e\x37\x39\x38\
\x20\x37\x2e\x34\x39\x38\x20\x32\x33\x36\x2e\x38\x20\x4c\x34\x33\
\x2e\x37\x30\x31\x20\x32\x30\x30\x2e\x35\x39\x36\x20\x43\x35\x33\
\x2e\x36\x39\x38\x20\x31\x39\x30\x2e\x35\x39\x38\x20\x36\x39\x2e\
\x39\x30\x38\x20\x31\x39\x30\x2e\x35\x39\x38\x20\x37\x39\x2e\x39\
\x30\x35\x20\x32\x30\x30\x2e\x35\x39\x36\x20\x4c\x31\x39\x32\x20\
\x33\x31\x32\x2e\x36\x39\x20\x34\x33\x32\x2e\x30\x39\x35\x20\x37\
\x32\x2e\x35\x39\x36\x20\x43\x34\x34\x32\x2e\x30\x39\x32\x20\x36\
\x32\x2e\x35\x39\x39\x20\x34\x35\x38\x2e\x33\x30\x32\x20\x36\x32\
\x2e\x35\x39\x39\x20\x34\x36\x38\x2e\x32\x39\x39\x20\x37\x32\x2e\
\x35\x39\x36\x20\x4c\x35\x30\x34\x2e\x35\x30\x32\x20\x31\x30\x38\
\x2e\x38\x20\x43\x35\x31\x34\x2e\x34\x39\x39\x20\x31\x31\x38\x2e\
\x37\x39\x37\x20\x35\x31\x34\x2e\x34\x39\x39\x20\x31\x33\x35\x2e\
\x30\x30\x36\x20\x35\x30\x34\x2e\x35\x30\x32\x20\x31\x34\x35\x2e\
\x30\x30\x34\x20\x4c\x32\x31\x30\x2e\x31\x30\x32\x20\x34\x33\x39\
\x2e\x34\x30\x35\x20\x43\x32\x30\x30\x2e\x31\x30\x34\x20\x34\x34\
\x39\x2e\x34\x30\x32\x20\x31\x38\x33\x2e\x38\x39\x35\x20\x34\x34\
\x39\x2e\x34\x30\x32\x20\x31\x37\x33\x2e\x38\x39\x38\x20\x34\x33\
\x39\x2e\x34\x30\x34\x20\x5a\x22\x20\x66\x69\x6c\x6c\x2d\x6f\x70\
\x61\x63\x69\x74\x79\x3d\x22\x31\x22\x20\x66\x69\x6c\x6c\x3d\x22\
\x75\x72\x6c\x28\x23\x6c\x69\x6e\x65\x61\x72\x2d\x67\x72\x61\x64\
\x69\x65\x6e\x74\x29\x22\x20\x73\x74\x72\x6f\x6b\x65\x3d\x22\x6e\
\x6f\x6e\x65\x22\x2f\x3e\x0a\x3c\x2f\x73\x76\x67\x3e\
\x00\x00\x0a\x5b\
\x3c\
\x3f\x78\x6d\x6c\x20\x76\x65\x72\x73\x69\x6f\x6e\x3d\x22\x31\x2e\
\x30\x22\x20\x65\x6e\x63\x6f\x64\x69\x6e\x67\x3d\x22\x55\x54\x46\
\x2d\x38\x22\x20\x73\x74\x61\x6e\x64\x61\x6c\x6f\x6e\x65\x3d\x22\
\x6e\x6f\x22\x3f\x3e\x0a\x3c\x73\x76\x67\x0a\x20\x20\x20\x68\x65\
\x69\x67\x68\x74\x3d\x22\x32\x34\x22\x0a\x20\x20\x20\x77\x69\x64\
\x74\x68\x3d\x22\x32\x34\x22\x0a\x20\x20\x20\x76\x65\x72\x73\x69\
\x6f\x6e\x3d\x22\x31\x2e\x31\x22\x0a\x20\x20\x20\x69\x64\x3d\x22\
\x73\x76\x67\x31\x38\x22\x0a\x20\x20\x20\x73\x6f\x64\x69\x70\x6f\
\x64\x69\x3a\x64\x6f\x63\x6e\x61\x6d\x65\x3d\x22\x7a\x6f\x6f\x6d\
\x5f\x70\x61\x6e\x2e\x73\x76\x67\x22\x0a\x20\x20\x20\x69\x6e\x6b\
\x73\x63\x61\x70\x65\x3a\x76\x65\x72\x73\x69\x6f\x6e\x3d\x22\x31\
\x2e\x32\x2e\x32\x20\x28\x62\x30\x61\x38\x34\x38\x36\x35\x34\x31\
\x2c\x20\x32\x30\x32\x32\x2d\x31\x32\x2d\x30\x31\x29\x22\x0a\x20\
\x20\x20\x78\x6d\x6c\x6e\x73\x3a\x69\x6e\x6b\x73\x63\x61\x70\x65\
\x3d\x22\x68\x74\x74\x70\x3a\x2f\x2f\x77\x77\x77\x2e\x69\x6e\x6b\
\x73\x63\x61\x70\x65\x2e\x6f\x72\x67\x2f\x6e\x61\x6d\x65\x73\x70\
\x61\x63\x65\x73\x2f\x69\x6e\x6b\x73\x63\x61\x70\x65\x22\x0a\x20\
\x20\x20\x78\x6d\x6c\x6e\x73\x3a\x73\x6f\x64\x69\x70\x6f\x64\x69\
\x3d\x22\x68\x74\x74\x70\x3a\x2f\x2f\x73\x6f\x64\x69\x70\x6f\x64\
\x69\x2e\x73\x6f\x75\x72\x63\x65\x66\x6f\x72\x67\x65\x2e\x6e\x65\
\x74\x2f\x44\x54\x44\x2f\x73\x6f\x64\x69\x70\x6f\x64\x69\x2d\x30\
\x2e\x64\x74\x64\x22\x0a\x20\x20\x20\x78\x6d\x6c\x6e\x73\x3d\x22\
\x68\x74\x74\x70\x3a\x2f\x2f\x77\x77\x77\x2e\x77\x33\x2e\x6f\x72\
\x67\x2f\x32\x30\x30\x30\x2f\x73\x76\x67\x22\x0a\x20\x20\x20\x78\
\x6d\x6c\x6e\x73\x3a\x73\x76\x67\x3d\x22\x68\x74\x74\x70\x3a\x2f\
\x2f\x77\x77\x77\x2e\x77\x33\x2e\x6f\x72\x67\x2f\x32\x30\x30\x30\
\x2f\x73\x76\x67\x22\x3e\x0a\x20\x20\x3c\x64\x65\x66\x73\x0a\x20\
\x20\x20\x20\x20\x69\x64\x3d\x22\x64\x65\x66\x73\x32\x32\x22\x20\
\x2f\x3e\x0a\x20\x20\x3c\x73\x6f\x64\x69\x70\x6f\x64\x69\x3a\x6e\
\x61\x6d\x65\x64\x76\x69\x65\x77\x0a\x20\x20\x20\x20\x20\x69\x64\
\x3d\x22\x6e\x61\x6d\x65\x64\x76\x69\x65\x77\x32\x30\x22\x0a\x20\
\x20\x20\x20\x20\x70\x61\x67\x65\x63\x6f\x6c\x6f\x72\x3d\x22\x23\
\x66\x66\x66\x66\x66\x66\x22\x0a\x20\x20\x20\x20\x20\x62\x6f\x72\
\x64\x65\x72\x63\x6f\x6c\x6f\x72\x3d\x22\x23\x30\x30\x30\x30\x30\
\x30\x22\x0a\x20\x20\x20\x20\x20\x62\x6f\x72\x64\x65\x72\x6f\x70\
\x61\x63\x69\x74\x79\x3d\x22\x30\x2e\x32\x35\x22\x0a\x20\x20\x20\
\x20\x20\x69\x6e\x6b\x73\x63\x61\x70\x65\x3a\x73\x68\x6f\x77\x70\
\x61\x67\x65\x73\x68\x61\x64\x6f\x77\x3d\x22\x32\x22\x0a\x20\x20\
\x20\x20\x20\x69\x6e\x6b\x73\x63\x61\x70\x65\x3a\x70\x61\x67\x65\
\x6f\x70\x61\x63\x69\x74\x79\x3d\x22\x30\x2e\x30\x22\x0a\x20\x20\
\x20\x20\x20\x69\x6e\x6b\x73\x63\x61\x70\x65\x3a\x70\x61\x67\x65\
\x63\x68\x65\x63\x6b\x65\x72\x62\x6f\x61\x72\x64\x3d\x22\x30\x22\
\x0a\x20\x20\x20\x20\x20\x69\x6e\x6b\x73\x63\x61\x70\x65\x3a\x64\
\x65\x73\x6b\x63\x6f\x6c\x6f\x72\x3d\x22\x23\x64\x31\x64\x31\x64\
\x31\x22\x0a\x20\x20\x20\x20\x20\x73\x68\x6f\x77\x67\x72\x69\x64\
\x3d\x22\x66\x61\x6c\x73\x65\x22\x0a\x20\x20\x20\x20\x20\x69\x6e\
\x6b\x73\x63\x61\x70\x65\x3a\x7a\x6f\x6f\x6d\x3d\x22\x33\x34\x2e\
\x38\x37\x35\x22\x0a\x20\x20\x20\x20\x20\x69\x6e\x6b\x73\x63\x61\
\x70\x65\x3a\x63\x78\x3d\x22\x31\x32\x2e\x30\x31\x34\x33\x33\x37\
\x22\x0a\x20\x20\x20\x20\x20\x69\x6e\x6b\x73\x63\x61\x70\x65\x3a\
\x63\x79\x3d\x22\x31\x32\x22\x0a\x20\x20\x20\x20\x20\x69\x6e\x6b\
\x73\x63\x61\x70\x65\x3a\x77\x69\x6e\x64\x6f\x77\x2d\x77\x69\x64\
\x74\x68\x3d\x22\x31\x34\x36\x37\x22\x0a\x20\x20\x20\x20\x20\x69\
\x6e\x6b\x73\x63\x61\x70\x65\x3a\x77\x69\x6e\x64\x6f\x77\x2d\x68\
\x65\x69\x67\x68\x74\x3d\x22\x31\x30\x33\x39\x22\x0a\x20\x20\x20\
\x20\x20\x69\x6e\x6b\x73\x63\x61\x70\x65\x3a\x77\x69\x6e\x64\x6f\
\x77\x2d\x78\x3d\x22\x32\x31\x30\x34\x22\x0a\x20\x20\x20\x20\x20\
\x69\x6e\x6b\x73\x63\x61\x70\x65\x3a\x77\x69\x6e\x64\x6f\x77\x2d\
\x79\x3d\x22\x30\x22\x0a\x20\x20\x20\x20\x20\x69\x6e\x6b\x73\x63\
\x61\x70\x65\x3a\x77\x69\x6e\x64\x6f\x77\x2d\x6d\x61\x78\x69\x6d\
\x69\x7a\x65\x64\x3d\x22\x30\x22\x0a\x20\x20\x20\x20\x20\x69\x6e\
\x6b\x73\x63\x61\x70\x65\x3a\x63\x75\x72\x72\x65\x6e\x74\x2d\x6c\
\x61\x79\x65\x72\x3d\x22\x73\x76\x67\x31\x38\x22\x20\x2f\x3e\x0a\
\x20\x20\x3c\x67\x0a\x20\x20\x20\x20\x20\x69\x64\x3d\x22\x67\x34\
\x34\x33\x22\x3e\x0a\x20\x20\x20\x20\x3c\x67\x0a\x20\x20\x20\x20\
\x20\x20\x20\x73\x74\x72\x6f\x6b\x65\x3d\x22\x23\x35\x30\x35\x30\
\x35\x30\x22\x0a\x20\x20\x20\x20\x20\x20\x20\x69\x64\x3d\x22\x67\
\x31\x30\x22\x0a\x20\x20\x20\x20\x20\x20\x20\x74\x72\x61\x6e\x73\
\x66\x6f\x72\x6d\x3d\x22\x74\x72\x61\x6e\x73\x6c\x61\x74\x65\x28\
\x30\x2c\x2d\x38\x29\x22\x3e\x0a\x20\x20\x20\x20\x20\x20\x3c\x70\
\x61\x74\x68\x0a\x20\x20\x20\x20\x20\x20\x20\x20\x20\x64\x3d\x22\
\x4d\x20\x31\x37\x2e\x39\x36\x31\x32\x32\x2c\x37\x20\x41\x20\x35\
\x2e\x39\x36\x31\x32\x32\x30\x33\x2c\x36\x2e\x30\x37\x34\x32\x34\
\x33\x35\x20\x30\x20\x30\x20\x31\x20\x31\x32\x2c\x31\x33\x2e\x30\
\x37\x34\x32\x34\x34\x20\x35\x2e\x39\x36\x31\x32\x32\x30\x33\x2c\
\x36\x2e\x30\x37\x34\x32\x34\x33\x35\x20\x30\x20\x30\x20\x31\x20\
\x36\x2e\x30\x33\x38\x37\x37\x39\x37\x2c\x37\x20\x35\x2e\x39\x36\
\x31\x32\x32\x30\x33\x2c\x36\x2e\x30\x37\x34\x32\x34\x33\x35\x20\
\x30\x20\x30\x20\x31\x20\x31\x32\x2c\x30\x2e\x39\x32\x35\x37\x35\
\x36\x34\x35\x20\x35\x2e\x39\x36\x31\x32\x32\x30\x33\x2c\x36\x2e\
\x30\x37\x34\x32\x34\x33\x35\x20\x30\x20\x30\x20\x31\x20\x31\x37\
\x2e\x39\x36\x31\x32\x32\x2c\x37\x20\x5a\x22\x0a\x20\x20\x20\x20\
\x20\x20\x20\x20\x20\x73\x74\x79\x6c\x65\x3d\x22\x6f\x70\x61\x63\
\x69\x74\x79\x3a\x30\x2e\x38\x3b\x66\x69\x6c\x6c\x3a\x23\x65\x36\
\x65\x36\x65\x36\x3b\x73\x74\x72\x6f\x6b\x65\x2d\x77\x69\x64\x74\
\x68\x3a\x30\x2e\x37\x35\x32\x31\x38\x33\x3b\x73\x74\x72\x6f\x6b\
\x65\x2d\x6c\x69\x6e\x65\x63\x61\x70\x3a\x72\x6f\x75\x6e\x64\x3b\
\x73\x74\x72\x6f\x6b\x65\x2d\x6c\x69\x6e\x65\x6a\x6f\x69\x6e\x3a\
\x72\x6f\x75\x6e\x64\x3b\x73\x74\x72\x6f\x6b\x65\x2d\x64\x61\x73\
\x68\x6f\x66\x66\x73\x65\x74\x3a\x37\x22\x0a\x20\x20\x20\x20\x20\
\x20\x20\x20\x20\x74\x72\x61\x6e\x73\x66\x6f\x72\x6d\x3d\x22\x6d\
\x61\x74\x72\x69\x78\x28\x31\x2e\x34\x30\x30\x33\x35\x35\x33\x2c\
\x30\x2c\x30\x2c\x31\x2e\x33\x37\x34\x32\x30\x31\x34\x2c\x2d\x31\
\x2e\x36\x37\x33\x38\x32\x39\x2c\x37\x2e\x32\x34\x39\x35\x30\x38\
\x29\x22\x0a\x20\x20\x20\x20\x20\x20\x20\x20\x20\x69\x64\x3d\x22\
\x70\x61\x74\x68\x34\x22\x20\x2f\x3e\x0a\x20\x20\x20\x20\x20\x20\
\x3c\x70\x61\x74\x68\x0a\x20\x20\x20\x20\x20\x20\x20\x20\x20\x64\
\x3d\x22\x6d\x20\x37\x2e\x38\x32\x36\x30\x38\x36\x36\x2c\x32\x32\
\x2e\x30\x38\x37\x36\x34\x34\x20\x63\x20\x30\x2c\x32\x2e\x30\x38\
\x36\x38\x30\x37\x20\x32\x2e\x30\x38\x36\x39\x35\x36\x38\x2c\x32\
\x2e\x30\x38\x36\x38\x30\x37\x20\x32\x2e\x30\x38\x36\x39\x35\x36\
\x38\x2c\x32\x2e\x30\x38\x36\x38\x30\x37\x20\x30\x2c\x30\x20\x2d\
\x37\x2e\x33\x30\x34\x33\x34\x38\x32\x2c\x37\x2e\x33\x30\x33\x38\
\x32\x38\x20\x2d\x37\x2e\x33\x30\x34\x33\x34\x38\x32\x2c\x37\x2e\
\x33\x30\x33\x38\x32\x38\x20\x4c\x20\x30\x2e\x35\x32\x31\x37\x33\
\x38\x36\x31\x2c\x32\x39\x2e\x33\x39\x31\x34\x37\x20\x5a\x22\x0a\
\x20\x20\x20\x20\x20\x20\x20\x20\x20\x66\x69\x6c\x6c\x3d\x22\x23\
\x66\x66\x63\x63\x33\x30\x22\x0a\x20\x20\x20\x20\x20\x20\x20\x20\
\x20\x66\x69\x6c\x6c\x2d\x72\x75\x6c\x65\x3d\x22\x65\x76\x65\x6e\
\x6f\x64\x64\x22\x0a\x20\x20\x20\x20\x20\x20\x20\x20\x20\x73\x74\
\x72\x6f\x6b\x65\x2d\x6c\x69\x6e\x65\x6a\x6f\x69\x6e\x3d\x22\x72\
\x6f\x75\x6e\x64\x22\x0a\x20\x20\x20\x20\x20\x20\x20\x20\x20\x73\
\x74\x72\x6f\x6b\x65\x2d\x77\x69\x64\x74\x68\x3d\x22\x31\x2e\x30\
\x34\x33\x34\x34\x22\x0a\x20\x20\x20\x20\x20\x20\x20\x20\x20\x69\
\x64\x3d\x22\x70\x61\x74\x68\x36\x22\x20\x2f\x3e\x0a\x20\x20\x20\
\x20\x20\x20\x3c\x70\x61\x74\x68\x0a\x20\x20\x20\x20\x20\x20\x20\
\x20\x20\x64\x3d\x22\x6d\x20\x36\x2e\x32\x36\x30\x38\x36\x39\x32\
\x2c\x32\x33\x2e\x36\x35\x32\x37\x34\x39\x20\x32\x2e\x30\x38\x36\
\x39\x35\x36\x35\x2c\x2d\x32\x2e\x30\x38\x36\x38\x30\x37\x20\x32\
\x2e\x30\x38\x36\x39\x35\x35\x33\x2c\x32\x2e\x30\x38\x36\x38\x30\
\x37\x20\x2d\x32\x2e\x30\x38\x36\x39\x35\x35\x33\x2c\x32\x2e\x30\
\x38\x36\x38\x30\x39\x20\x7a\x22\x0a\x20\x20\x20\x20\x20\x20\x20\
\x20\x20\x66\x69\x6c\x6c\x2d\x72\x75\x6c\x65\x3d\x22\x65\x76\x65\
\x6e\x6f\x64\x64\x22\x0a\x20\x20\x20\x20\x20\x20\x20\x20\x20\x73\
\x74\x72\x6f\x6b\x65\x2d\x6c\x69\x6e\x65\x6a\x6f\x69\x6e\x3d\x22\
\x72\x6f\x75\x6e\x64\x22\x0a\x20\x20\x20\x20\x20\x20\x20\x20\x20\
\x73\x74\x72\x6f\x6b\x65\x2d\x77\x69\x64\x74\x68\x3d\x22\x31\x2e\
\x30\x34\x33\x34\x34\x22\x0a\x20\x20\x20\x20\x20\x20\x20\x20\x20\
\x69\x64\x3d\x22\x70\x61\x74\x68\x38\x22\x20\x2f\x3e\x0a\x20\x20\
\x20\x20\x3c\x2f\x67\x3e\x0a\x20\x20\x20\x20\x3c\x70\x61\x74\x68\
\x0a\x20\x20\x20\x20\x20\x20\x20\x64\x3d\x22\x6d\x20\x31\x30\x2e\
\x34\x33\x34\x37\x38\x31\x2c\x34\x2e\x31\x37\x35\x33\x30\x35\x20\
\x63\x20\x32\x2e\x30\x38\x36\x39\x35\x37\x2c\x2d\x33\x2e\x31\x33\
\x30\x32\x31\x32\x37\x20\x34\x2e\x36\x33\x35\x33\x39\x31\x2c\x2d\
\x33\x2e\x35\x34\x35\x35\x34\x35\x20\x36\x2e\x32\x36\x30\x38\x37\
\x31\x2c\x2d\x32\x2e\x30\x38\x36\x38\x31\x20\x31\x2e\x36\x32\x35\
\x34\x38\x2c\x31\x2e\x34\x35\x38\x37\x33\x39\x20\x2d\x32\x2e\x30\
\x38\x36\x39\x35\x37\x2c\x31\x2e\x30\x34\x33\x34\x30\x35\x20\x2d\
\x34\x2e\x31\x37\x33\x39\x31\x34\x2c\x33\x2e\x31\x33\x30\x32\x31\
\x35\x20\x2d\x32\x2e\x30\x38\x36\x39\x35\x37\x2c\x32\x2e\x30\x38\
\x36\x38\x30\x36\x20\x30\x2c\x36\x2e\x32\x36\x30\x34\x32\x34\x20\
\x2d\x32\x2e\x30\x38\x36\x39\x35\x37\x2c\x36\x2e\x32\x36\x30\x34\
\x32\x34\x20\x2d\x32\x2e\x30\x38\x36\x39\x35\x35\x33\x2c\x30\x20\
\x2d\x32\x2e\x30\x38\x36\x39\x35\x35\x33\x2c\x2d\x34\x2e\x31\x37\
\x33\x36\x31\x38\x20\x30\x2c\x2d\x37\x2e\x33\x30\x33\x38\x32\x39\
\x20\x7a\x22\x0a\x20\x20\x20\x20\x20\x20\x20\x66\x69\x6c\x6c\x3d\
\x22\x23\x66\x63\x66\x66\x66\x66\x22\x0a\x20\x20\x20\x20\x20\x20\
\x20\x66\x69\x6c\x6c\x2d\x72\x75\x6c\x65\x3d\x22\x65\x76\x65\x6e\
\x6f\x64\x64\x22\x0a\x20\x20\x20\x20\x20\x20\x20\x6f\x70\x61\x63\
\x69\x74\x79\x3d\x22\x30\x2e\x37\x22\x0a\x20\x20\x20\x20\x20\x20\
\x20\x69\x64\x3d\x22\x70\x61\x74\x68\x31\x32\x22\x20\x2f\x3e\x0a\
\x20\x20\x20\x20\x3c\x70\x61\x74\x68\x0a\x20\x20\x20\x20\x20\x20\
\x20\x64\x3d\x22\x4d\x20\x32\x2e\x30\x38\x36\x39\x35\x36\x31\x2c\
\x32\x30\x2e\x38\x36\x39\x37\x37\x20\x36\x2e\x32\x36\x30\x38\x36\
\x39\x32\x2c\x31\x36\x2e\x36\x39\x36\x31\x35\x32\x22\x0a\x20\x20\
\x20\x20\x20\x20\x20\x6f\x70\x61\x63\x69\x74\x79\x3d\x22\x30\x2e\
\x35\x22\x0a\x20\x20\x20\x20\x20\x20\x20\x73\x74\x72\x6f\x6b\x65\
\x3d\x22\x23\x66\x63\x66\x66\x66\x66\x22\x0a\x20\x20\x20\x20\x20\
\x20\x20\x73\x74\x72\x6f\x6b\x65\x2d\x6c\x69\x6e\x65\x63\x61\x70\
\x3d\x22\x72\x6f\x75\x6e\x64\x22\x0a\x20\x20\x20\x20\x20\x20\x20\
\x73\x74\x72\x6f\x6b\x65\x2d\x6c\x69\x6e\x65\x6a\x6f\x69\x6e\x3d\
\x22\x72\x6f\x75\x6e\x64\x22\x0a\x20\x20\x20\x20\x20\x20\x20\x73\
\x74\x72\x6f\x6b\x65\x2d\x77\x69\x64\x74\x68\x3d\x22\x31\x2e\x30\
\x34\x33\x34\x34\x22\x0a\x20\x20\x20\x20\x20\x20\x20\x69\x64\x3d\
\x22\x70\x61\x74\x68\x31\x34\x22\x20\x2f\x3e\x0a\x20\x20\x3c\x2f\
\x67\x3e\x0a\x3c\x2f\x73\x76\x67\x3e\x0a\
\x00\x00\x01\x21\
\x3c\
\x73\x76\x67\x20\x68\x65\x69\x67\x68\x74\x3d\x22\x33\x32\x22\x20\
\x77\x69\x64\x74\x68\x3d\x22\x33\x32\x22\x20\x78\x6d\x6c\x6e\x73\
\x3d\x22\x68\x74\x74\x70\x3a\x2f\x2f\x77\x77\x77\x2e\x77\x33\x2e\
\x6f\x72\x67\x2f\x32\x30\x30\x30\x2f\x73\x76\x67\x22\x3e\x3c\x67\
\x20\x66\x69\x6c\x6c\x3d\x22\x23\x66\x63\x64\x39\x34\x66\x22\x20\
\x73\x74\x72\x6f\x6b\x65\x3d\x22\x23\x62\x32\x39\x61\x33\x37\x22\
\x20\x73\x74\x72\x6f\x6b\x65\x2d\x6c\x69\x6e\x65\x6a\x6f\x69\x6e\
\x3d\x22\x72\x6f\x75\x6e\x64\x22\x20\x74\x72\x61\x6e\x73\x66\x6f\
\x72\x6d\x3d\x22\x74\x72\x61\x6e\x73\x6c\x61\x74\x65\x28\x30\x20\
\x2d\x31\x30\x32\x30\x2e\x33\x36\x32\x32\x29\x22\x3e\x3c\x70\x61\
\x74\x68\x20\x64\x3d\x22\x6d\x31\x2e\x35\x20\x31\x30\x34\x37\x2e\
\x33\x36\x32\x32\x63\x30\x2d\x38\x20\x30\x2d\x31\x35\x2e\x35\x20\
\x30\x2d\x32\x32\x2e\x35\x68\x39\x76\x33\x68\x31\x36\x76\x31\x39\
\x2e\x35\x7a\x22\x2f\x3e\x3c\x70\x61\x74\x68\x20\x64\x3d\x22\x6d\
\x31\x2e\x35\x20\x31\x30\x34\x37\x2e\x33\x36\x32\x32\x20\x34\x2d\
\x31\x36\x68\x32\x35\x6c\x2d\x34\x20\x31\x36\x7a\x22\x20\x73\x74\
\x72\x6f\x6b\x65\x2d\x6c\x69\x6e\x65\x63\x61\x70\x3d\x22\x72\x6f\
\x75\x6e\x64\x22\x2f\x3e\x3c\x2f\x67\x3e\x3c\x2f\x73\x76\x67\x3e\
\
\x00\x00\x02\x7b\
\x3c\
\x73\x76\x67\x20\x68\x65\x69\x67\x68\x74\x3d\x22\x32\x34\x22\x20\
\x77\x69\x64\x74\x68\x3d\x22\x32\x34\x22\x20\x78\x6d\x6c\x6e\x73\
\x3d\x22\x68\x74\x74\x70\x3a\x2f\x2f\x77\x77\x77\x2e\x77\x33\x2e\
\x6f\x72\x67\x2f\x32\x30\x30\x30\x2f\x73\x76\x67\x22\x3e\x3c\x67\
\x20\x74\x72\x61\x6e\x73\x66\x6f\x72\x6d\x3d\x22\x6d\x61\x74\x72\
\x69\x78\x28\x32\x2e\x30\x39\x37\x39\x32\x39\x34\x20\x30\x20\x30\
\x20\x32\x2e\x30\x39\x37\x39\x32\x39\x34\x20\x2d\x32\x37\x2e\x38\
\x34\x36\x30\x32\x31\x20\x2d\x34\x34\x2e\x37\x32\x33\x35\x37\x32\
\x29\x22\x3e\x3c\x70\x61\x74\x68\x20\x64\x3d\x22\x6d\x31\x35\x2e\
\x31\x34\x33\x20\x32\x32\x2e\x35\x68\x37\x2e\x37\x31\x35\x63\x2e\
\x33\x35\x34\x20\x30\x20\x2e\x36\x34\x33\x2e\x32\x38\x38\x2e\x36\
\x34\x33\x2e\x36\x34\x33\x76\x37\x2e\x37\x31\x35\x63\x30\x20\x2e\
\x33\x35\x34\x2d\x2e\x32\x38\x38\x2e\x36\x34\x33\x2d\x2e\x36\x34\
\x33\x2e\x36\x34\x33\x68\x2d\x37\x2e\x37\x31\x35\x63\x2d\x2e\x33\
\x35\x34\x20\x30\x2d\x2e\x36\x34\x33\x2d\x2e\x32\x38\x38\x2d\x2e\
\x36\x34\x33\x2d\x2e\x36\x34\x33\x76\x2d\x37\x2e\x37\x31\x35\x63\
\x30\x2d\x2e\x33\x35\x35\x2e\x32\x38\x38\x2d\x2e\x36\x34\x33\x2e\
\x36\x34\x33\x2d\x2e\x36\x34\x33\x7a\x22\x20\x66\x69\x6c\x6c\x3d\
\x22\x23\x63\x30\x30\x22\x20\x6f\x70\x61\x63\x69\x74\x79\x3d\x22\
\x2e\x39\x22\x20\x73\x74\x72\x6f\x6b\x65\x3d\x22\x23\x63\x30\x30\
\x22\x20\x73\x74\x72\x6f\x6b\x65\x2d\x6c\x69\x6e\x65\x63\x61\x70\
\x3d\x22\x73\x71\x75\x61\x72\x65\x22\x20\x73\x74\x72\x6f\x6b\x65\
\x2d\x6c\x69\x6e\x65\x6a\x6f\x69\x6e\x3d\x22\x72\x6f\x75\x6e\x64\
\x22\x2f\x3e\x3c\x70\x61\x74\x68\x20\x64\x3d\x22\x6d\x31\x34\x2e\
\x35\x20\x32\x37\x68\x39\x76\x2d\x33\x63\x30\x2d\x31\x2e\x35\x20\
\x30\x2d\x31\x2e\x35\x2d\x32\x2e\x32\x35\x2d\x31\x2e\x35\x2d\x2e\
\x35\x32\x33\x20\x30\x2d\x34\x2e\x35\x35\x35\x20\x30\x2d\x35\x2e\
\x32\x35\x20\x30\x2d\x31\x2e\x35\x20\x30\x2d\x31\x2e\x35\x20\x30\
\x2d\x31\x2e\x35\x20\x31\x2e\x35\x7a\x22\x20\x66\x69\x6c\x6c\x3d\
\x22\x23\x66\x63\x66\x66\x66\x66\x22\x20\x6f\x70\x61\x63\x69\x74\
\x79\x3d\x22\x2e\x33\x22\x2f\x3e\x3c\x67\x20\x66\x69\x6c\x6c\x3d\
\x22\x23\x35\x63\x33\x35\x36\x36\x22\x20\x73\x74\x72\x6f\x6b\x65\
\x3d\x22\x23\x65\x65\x65\x65\x65\x63\x22\x20\x73\x74\x72\x6f\x6b\
\x65\x2d\x6c\x69\x6e\x65\x63\x61\x70\x3d\x22\x72\x6f\x75\x6e\x64\
\x22\x20\x73\x74\x72\x6f\x6b\x65\x2d\x77\x69\x64\x74\x68\x3d\x22\
\x31\x2e\x37\x30\x35\x36\x22\x3e\x3c\x70\x61\x74\x68\x20\x64\x3d\
\x22\x6d\x31\x36\x20\x32\x34\x20\x36\x2e\x30\x30\x31\x20\x36\x22\
\x2f\x3e\x3c\x70\x61\x74\x68\x20\x64\x3d\x22\x6d\x31\x36\x20\x33\
\x30\x20\x36\x2e\x30\x30\x31\x2d\x36\x22\x2f\x3e\x3c\x2f\x67\x3e\
\x3c\x2f\x67\x3e\x3c\x2f\x73\x76\x67\x3e\
\x00\x00\x08\xc1\
\x3c\
\x3f\x78\x6d\x6c\x20\x76\x65\x72\x73\x69\x6f\x6e\x3d\x22\x31\x2e\
\x30\x22\x20\x65\x6e\x63\x6f\x64\x69\x6e\x67\x3d\x22\x55\x54\x46\
\x2d\x38\x22\x20\x73\x74\x61\x6e\x64\x61\x6c\x6f\x6e\x65\x3d\x22\
\x6e\x6f\x22\x3f\x3e\x0a\x3c\x73\x76\x67\x0a\x20\x20\x20\x68\x65\
\x69\x67\x68\x74\x3d\x22\x31\x36\x22\x0a\x20\x20\x20\x76\x69\x65\
\x77\x42\x6f\x78\x3d\x22\x30\x20\x30\x20\x34\x2e\x32\x33\x33\x20\
\x34\x2e\x32\x33\x33\x22\x0a\x20\x20\x20\x77\x69\x64\x74\x68\x3d\
\x22\x31\x36\x22\x0a\x20\x20\x20\x76\x65\x72\x73\x69\x6f\x6e\x3d\
\x22\x31\x2e\x31\x22\x0a\x20\x20\x20\x69\x64\x3d\x22\x73\x76\x67\
\x31\x36\x22\x0a\x20\x20\x20\x73\x6f\x64\x69\x70\x6f\x64\x69\x3a\
\x64\x6f\x63\x6e\x61\x6d\x65\x3d\x22\x6d\x41\x63\x74\x69\x6f\x6e\
\x54\x72\x69\x70\x70\x6c\x65\x41\x72\x72\x6f\x77\x52\x69\x67\x68\
\x74\x2e\x73\x76\x67\x22\x0a\x20\x20\x20\x69\x6e\x6b\x73\x63\x61\
\x70\x65\x3a\x76\x65\x72\x73\x69\x6f\x6e\x3d\x22\x31\x2e\x31\x2e\
\x32\x20\x28\x30\x61\x30\x30\x63\x66\x35\x33\x33\x39\x2c\x20\x32\
\x30\x32\x32\x2d\x30\x32\x2d\x30\x34\x29\x22\x0a\x20\x20\x20\x78\
\x6d\x6c\x6e\x73\x3a\x69\x6e\x6b\x73\x63\x61\x70\x65\x3d\x22\x68\
\x74\x74\x70\x3a\x2f\x2f\x77\x77\x77\x2e\x69\x6e\x6b\x73\x63\x61\
\x70\x65\x2e\x6f\x72\x67\x2f\x6e\x61\x6d\x65\x73\x70\x61\x63\x65\
\x73\x2f\x69\x6e\x6b\x73\x63\x61\x70\x65\x22\x0a\x20\x20\x20\x78\
\x6d\x6c\x6e\x73\x3a\x73\x6f\x64\x69\x70\x6f\x64\x69\x3d\x22\x68\
\x74\x74\x70\x3a\x2f\x2f\x73\x6f\x64\x69\x70\x6f\x64\x69\x2e\x73\
\x6f\x75\x72\x63\x65\x66\x6f\x72\x67\x65\x2e\x6e\x65\x74\x2f\x44\
\x54\x44\x2f\x73\x6f\x64\x69\x70\x6f\x64\x69\x2d\x30\x2e\x64\x74\
\x64\x22\x0a\x20\x20\x20\x78\x6d\x6c\x6e\x73\x3d\x22\x68\x74\x74\
\x70\x3a\x2f\x2f\x77\x77\x77\x2e\x77\x33\x2e\x6f\x72\x67\x2f\x32\
\x30\x30\x30\x2f\x73\x76\x67\x22\x0a\x20\x20\x20\x78\x6d\x6c\x6e\
\x73\x3a\x73\x76\x67\x3d\x22\x68\x74\x74\x70\x3a\x2f\x2f\x77\x77\
\x77\x2e\x77\x33\x2e\x6f\x72\x67\x2f\x32\x30\x30\x30\x2f\x73\x76\
\x67\x22\x3e\x0a\x20\x20\x3c\x64\x65\x66\x73\x0a\x20\x20\x20\x20\
\x20\x69\x64\x3d\x22\x64\x65\x66\x73\x32\x30\x22\x20\x2f\x3e\x0a\
\x20\x20\x3c\x73\x6f\x64\x69\x70\x6f\x64\x69\x3a\x6e\x61\x6d\x65\
\x64\x76\x69\x65\x77\x0a\x20\x20\x20\x20\x20\x69\x64\x3d\x22\x6e\
\x61\x6d\x65\x64\x76\x69\x65\x77\x31\x38\x22\x0a\x20\x20\x20\x20\
\x20\x70\x61\x67\x65\x63\x6f\x6c\x6f\x72\x3d\x22\x23\x66\x66\x66\
\x66\x66\x66\x22\x0a\x20\x20\x20\x20\x20\x62\x6f\x72\x64\x65\x72\
\x63\x6f\x6c\x6f\x72\x3d\x22\x23\x36\x36\x36\x36\x36\x36\x22\x0a\
\x20\x20\x20\x20\x20\x62\x6f\x72\x64\x65\x72\x6f\x70\x61\x63\x69\
\x74\x79\x3d\x22\x31\x2e\x30\x22\x0a\x20\x20\x20\x20\x20\x69\x6e\
\x6b\x73\x63\x61\x70\x65\x3a\x70\x61\x67\x65\x73\x68\x61\x64\x6f\
\x77\x3d\x22\x32\x22\x0a\x20\x20\x20\x20\x20\x69\x6e\x6b\x73\x63\
\x61\x70\x65\x3a\x70\x61\x67\x65\x6f\x70\x61\x63\x69\x74\x79\x3d\
\x22\x30\x2e\x30\x22\x0a\x20\x20\x20\x20\x20\x69\x6e\x6b\x73\x63\
\x61\x70\x65\x3a\x70\x61\x67\x65\x63\x68\x65\x63\x6b\x65\x72\x62\
\x6f\x61\x72\x64\x3d\x22\x30\x22\x0a\x20\x20\x20\x20\x20\x73\x68\
\x6f\x77\x67\x72\x69\x64\x3d\x22\x66\x61\x6c\x73\x65\x22\x0a\x20\
\x20\x20\x20\x20\x69\x6e\x6b\x73\x63\x61\x70\x65\x3a\x7a\x6f\x6f\
\x6d\x3d\x22\x32\x35\x2e\x39\x33\x37\x35\x22\x0a\x20\x20\x20\x20\
\x20\x69\x6e\x6b\x73\x63\x61\x70\x65\x3a\x63\x78\x3d\x22\x31\x33\
\x2e\x33\x39\x37\x35\x39\x22\x0a\x20\x20\x20\x20\x20\x69\x6e\x6b\
\x73\x63\x61\x70\x65\x3a\x63\x79\x3d\x22\x36\x2e\x35\x31\x35\x36\
\x36\x32\x36\x22\x0a\x20\x20\x20\x20\x20\x69\x6e\x6b\x73\x63\x61\
\x70\x65\x3a\x77\x69\x6e\x64\x6f\x77\x2d\x77\x69\x64\x74\x68\x3d\
\x22\x31\x39\x32\x30\x22\x0a\x20\x20\x20\x20\x20\x69\x6e\x6b\x73\
\x63\x61\x70\x65\x3a\x77\x69\x6e\x64\x6f\x77\x2d\x68\x65\x69\x67\
\x68\x74\x3d\x22\x31\x30\x35\x32\x22\x0a\x20\x20\x20\x20\x20\x69\
\x6e\x6b\x73\x63\x61\x70\x65\x3a\x77\x69\x6e\x64\x6f\x77\x2d\x78\
\x3d\x22\x31\x39\x32\x30\x22\x0a\x20\x20\x20\x20\x20\x69\x6e\x6b\
\x73\x63\x61\x70\x65\x3a\x77\x69\x6e\x64\x6f\x77\x2d\x79\x3d\x22\
\x30\x22\x0a\x20\x20\x20\x20\x20\x69\x6e\x6b\x73\x63\x61\x70\x65\
\x3a\x77\x69\x6e\x64\x6f\x77\x2d\x6d\x61\x78\x69\x6d\x69\x7a\x65\
\x64\x3d\x22\x31\x22\x0a\x20\x20\x20\x20\x20\x69\x6e\x6b\x73\x63\
\x61\x70\x65\x3a\x63\x75\x72\x72\x65\x6e\x74\x2d\x6c\x61\x79\x65\
\x72\x3d\x22\x73\x76\x67\x31\x36\x22\x20\x2f\x3e\x0a\x20\x20\x3c\
\x67\x0a\x20\x20\x20\x20\x20\x69\x64\x3d\x22\x67\x31\x31\x30\x34\
\x30\x22\x0a\x20\x20\x20\x20\x20\x74\x72\x61\x6e\x73\x66\x6f\x72\
\x6d\x3d\x22\x6d\x61\x74\x72\x69\x78\x28\x2d\x31\x2c\x30\x2c\x30\
\x2c\x31\x2c\x34\x2e\x31\x32\x33\x38\x38\x39\x39\x2c\x30\x29\x22\
\x3e\x0a\x20\x20\x20\x20\x3c\x70\x61\x74\x68\x0a\x20\x20\x20\x20\
\x20\x20\x20\x64\x3d\x22\x6d\x20\x31\x2e\x34\x35\x35\x2c\x32\x2e\
\x31\x31\x37\x20\x32\x2e\x33\x38\x31\x2c\x2d\x31\x2e\x37\x32\x20\
\x76\x20\x33\x2e\x34\x34\x20\x7a\x22\x0a\x20\x20\x20\x20\x20\x20\
\x20\x66\x69\x6c\x6c\x3d\x22\x23\x36\x64\x39\x37\x63\x34\x22\x0a\
\x20\x20\x20\x20\x20\x20\x20\x73\x74\x72\x6f\x6b\x65\x3d\x22\x23\
\x34\x31\x35\x61\x37\x35\x22\x0a\x20\x20\x20\x20\x20\x20\x20\x73\
\x74\x72\x6f\x6b\x65\x2d\x6c\x69\x6e\x65\x63\x61\x70\x3d\x22\x72\
\x6f\x75\x6e\x64\x22\x0a\x20\x20\x20\x20\x20\x20\x20\x73\x74\x72\
\x6f\x6b\x65\x2d\x6c\x69\x6e\x65\x6a\x6f\x69\x6e\x3d\x22\x72\x6f\
\x75\x6e\x64\x22\x0a\x20\x20\x20\x20\x20\x20\x20\x73\x74\x72\x6f\
\x6b\x65\x2d\x77\x69\x64\x74\x68\x3d\x22\x30\x2e\x32\x36\x35\x22\
\x0a\x20\x20\x20\x20\x20\x20\x20\x69\x64\x3d\x22\x70\x61\x74\x68\
\x32\x22\x0a\x20\x20\x20\x20\x20\x20\x20\x73\x74\x79\x6c\x65\x3d\
\x22\x66\x69\x6c\x6c\x2d\x72\x75\x6c\x65\x3a\x65\x76\x65\x6e\x6f\
\x64\x64\x22\x20\x2f\x3e\x0a\x20\x20\x20\x20\x3c\x70\x61\x74\x68\
\x0a\x20\x20\x20\x20\x20\x20\x20\x64\x3d\x22\x4d\x20\x31\x2e\x36\
\x38\x2c\x32\x2e\x31\x31\x39\x20\x33\x2e\x37\x30\x34\x2c\x30\x2e\
\x36\x35\x39\x20\x56\x20\x30\x2e\x38\x39\x38\x20\x4c\x20\x31\x2e\
\x38\x35\x32\x2c\x32\x2e\x32\x34\x33\x20\x5a\x22\x0a\x20\x20\x20\
\x20\x20\x20\x20\x66\x69\x6c\x6c\x3d\x22\x23\x66\x66\x66\x66\x66\
\x66\x22\x0a\x20\x20\x20\x20\x20\x20\x20\x66\x69\x6c\x6c\x2d\x6f\
\x70\x61\x63\x69\x74\x79\x3d\x22\x30\x2e\x35\x32\x39\x22\x0a\x20\
\x20\x20\x20\x20\x20\x20\x69\x64\x3d\x22\x70\x61\x74\x68\x34\x22\
\x0a\x20\x20\x20\x20\x20\x20\x20\x73\x74\x79\x6c\x65\x3d\x22\x66\
\x69\x6c\x6c\x2d\x72\x75\x6c\x65\x3a\x65\x76\x65\x6e\x6f\x64\x64\
\x22\x20\x2f\x3e\x0a\x20\x20\x20\x20\x3c\x70\x61\x74\x68\x0a\x20\
\x20\x20\x20\x20\x20\x20\x64\x3d\x22\x6d\x20\x30\x2e\x33\x39\x37\
\x2c\x32\x2e\x31\x31\x37\x20\x32\x2e\x33\x38\x31\x2c\x2d\x31\x2e\
\x37\x32\x20\x76\x20\x33\x2e\x34\x34\x20\x7a\x22\x0a\x20\x20\x20\
\x20\x20\x20\x20\x66\x69\x6c\x6c\x3d\x22\x23\x36\x64\x39\x37\x63\
\x34\x22\x0a\x20\x20\x20\x20\x20\x20\x20\x73\x74\x72\x6f\x6b\x65\
\x3d\x22\x23\x34\x31\x35\x61\x37\x35\x22\x0a\x20\x20\x20\x20\x20\
\x20\x20\x73\x74\x72\x6f\x6b\x65\x2d\x6c\x69\x6e\x65\x63\x61\x70\
\x3d\x22\x72\x6f\x75\x6e\x64\x22\x0a\x20\x20\x20\x20\x20\x20\x20\
\x73\x74\x72\x6f\x6b\x65\x2d\x6c\x69\x6e\x65\x6a\x6f\x69\x6e\x3d\
\x22\x72\x6f\x75\x6e\x64\x22\x0a\x20\x20\x20\x20\x20\x20\x20\x73\
\x74\x72\x6f\x6b\x65\x2d\x77\x69\x64\x74\x68\x3d\x22\x30\x2e\x32\
\x36\x35\x22\x0a\x20\x20\x20\x20\x20\x20\x20\x69\x64\x3d\x22\x70\
\x61\x74\x68\x38\x22\x0a\x20\x20\x20\x20\x20\x20\x20\x73\x74\x79\
\x6c\x65\x3d\x22\x66\x69\x6c\x6c\x2d\x72\x75\x6c\x65\x3a\x65\x76\
\x65\x6e\x6f\x64\x64\x22\x20\x2f\x3e\x0a\x20\x20\x20\x20\x3c\x70\
\x61\x74\x68\x0a\x20\x20\x20\x20\x20\x20\x20\x64\x3d\x22\x6d\x20\
\x30\x2e\x36\x32\x32\x35\x33\x31\x34\x2c\x32\x2e\x31\x31\x33\x39\
\x30\x39\x37\x20\x32\x2e\x30\x32\x34\x2c\x2d\x31\x2e\x34\x36\x30\
\x30\x30\x30\x30\x34\x20\x76\x20\x30\x2e\x32\x33\x39\x20\x6c\x20\
\x2d\x31\x2e\x38\x35\x32\x2c\x31\x2e\x33\x34\x35\x30\x30\x30\x30\
\x34\x20\x7a\x22\x0a\x20\x20\x20\x20\x20\x20\x20\x66\x69\x6c\x6c\
\x3d\x22\x23\x66\x66\x66\x66\x66\x66\x22\x0a\x20\x20\x20\x20\x20\
\x20\x20\x66\x69\x6c\x6c\x2d\x6f\x70\x61\x63\x69\x74\x79\x3d\x22\
\x30\x2e\x35\x32\x39\x22\x0a\x20\x20\x20\x20\x20\x20\x20\x69\x64\
\x3d\x22\x70\x61\x74\x68\x34\x2d\x36\x22\x0a\x20\x20\x20\x20\x20\
\x20\x20\x73\x74\x79\x6c\x65\x3d\x22\x66\x69\x6c\x6c\x2d\x72\x75\
\x6c\x65\x3a\x65\x76\x65\x6e\x6f\x64\x64\x22\x20\x2f\x3e\x0a\x20\
\x20\x20\x20\x3c\x72\x65\x63\x74\x0a\x20\x20\x20\x20\x20\x20\x20\
\x73\x74\x79\x6c\x65\x3d\x22\x6f\x70\x61\x63\x69\x74\x79\x3a\x31\
\x3b\x66\x69\x6c\x6c\x3a\x23\x34\x31\x35\x61\x37\x35\x3b\x66\x69\
\x6c\x6c\x2d\x6f\x70\x61\x63\x69\x74\x79\x3a\x31\x3b\x73\x74\x72\
\x6f\x6b\x65\x3a\x23\x63\x31\x63\x31\x63\x31\x3b\x73\x74\x72\x6f\
\x6b\x65\x2d\x77\x69\x64\x74\x68\x3a\x30\x3b\x73\x74\x72\x6f\x6b\
\x65\x2d\x6d\x69\x74\x65\x72\x6c\x69\x6d\x69\x74\x3a\x34\x3b\x73\
\x74\x72\x6f\x6b\x65\x2d\x64\x61\x73\x68\x61\x72\x72\x61\x79\x3a\
\x6e\x6f\x6e\x65\x3b\x73\x74\x72\x6f\x6b\x65\x2d\x64\x61\x73\x68\
\x6f\x66\x66\x73\x65\x74\x3a\x30\x22\x0a\x20\x20\x20\x20\x20\x20\
\x20\x69\x64\x3d\x22\x72\x65\x63\x74\x35\x38\x32\x36\x22\x0a\x20\
\x20\x20\x20\x20\x20\x20\x77\x69\x64\x74\x68\x3d\x22\x30\x2e\x35\
\x37\x33\x33\x37\x31\x38\x33\x22\x0a\x20\x20\x20\x20\x20\x20\x20\
\x68\x65\x69\x67\x68\x74\x3d\x22\x33\x2e\x38\x32\x34\x39\x39\x31\
\x37\x22\x0a\x20\x20\x20\x20\x20\x20\x20\x78\x3d\x22\x30\x2e\x31\
\x35\x35\x33\x39\x30\x34\x33\x22\x0a\x20\x20\x20\x20\x20\x20\x20\
\x79\x3d\x22\x30\x2e\x31\x39\x35\x32\x34\x30\x34\x32\x22\x20\x2f\
\x3e\x0a\x20\x20\x3c\x2f\x67\x3e\x0a\x3c\x2f\x73\x76\x67\x3e\x0a\
\
\x00\x00\x05\xbb\
\x3c\
\x73\x76\x67\x20\x68\x65\x69\x67\x68\x74\x3d\x22\x32\x34\x22\x20\
\x77\x69\x64\x74\x68\x3d\x22\x32\x34\x22\x20\x78\x6d\x6c\x6e\x73\
\x3d\x22\x68\x74\x74\x70\x3a\x2f\x2f\x77\x77\x77\x2e\x77\x33\x2e\
\x6f\x72\x67\x2f\x32\x30\x30\x30\x2f\x73\x76\x67\x22\x3e\x3c\x67\
\x20\x74\x72\x61\x6e\x73\x66\x6f\x72\x6d\x3d\x22\x74\x72\x61\x6e\
\x73\x6c\x61\x74\x65\x28\x30\x20\x2d\x38\x29\x22\x3e\x3c\x70\x61\
\x74\x68\x20\x64\x3d\x22\x6d\x32\x2e\x35\x33\x38\x34\x36\x31\x34\
\x20\x31\x30\x2e\x35\x33\x38\x34\x36\x32\x68\x31\x32\x2e\x39\x32\
\x33\x30\x37\x38\x76\x31\x32\x2e\x39\x32\x33\x30\x37\x37\x68\x2d\
\x31\x32\x2e\x39\x32\x33\x30\x37\x38\x7a\x22\x20\x66\x69\x6c\x6c\
\x3d\x22\x23\x66\x63\x65\x39\x34\x66\x22\x20\x73\x74\x72\x6f\x6b\
\x65\x3d\x22\x23\x63\x34\x61\x30\x30\x30\x22\x20\x73\x74\x72\x6f\
\x6b\x65\x2d\x6c\x69\x6e\x65\x63\x61\x70\x3d\x22\x72\x6f\x75\x6e\
\x64\x22\x20\x73\x74\x72\x6f\x6b\x65\x2d\x77\x69\x64\x74\x68\x3d\
\x22\x31\x2e\x30\x37\x36\x39\x32\x33\x22\x2f\x3e\x3c\x67\x20\x73\
\x74\x72\x6f\x6b\x65\x3d\x22\x23\x35\x30\x35\x30\x35\x30\x22\x3e\
\x3c\x70\x61\x74\x68\x20\x64\x3d\x22\x6d\x31\x37\x2e\x39\x36\x31\
\x32\x32\x20\x37\x61\x35\x2e\x39\x36\x31\x32\x32\x30\x33\x20\x36\
\x2e\x30\x37\x34\x32\x34\x33\x35\x20\x30\x20\x30\x20\x31\x20\x2d\
\x35\x2e\x39\x36\x31\x32\x32\x20\x36\x2e\x30\x37\x34\x32\x34\x34\
\x20\x35\x2e\x39\x36\x31\x32\x32\x30\x33\x20\x36\x2e\x30\x37\x34\
\x32\x34\x33\x35\x20\x30\x20\x30\x20\x31\x20\x2d\x35\x2e\x39\x36\
\x31\x32\x32\x30\x33\x2d\x36\x2e\x30\x37\x34\x32\x34\x34\x20\x35\
\x2e\x39\x36\x31\x32\x32\x30\x33\x20\x36\x2e\x30\x37\x34\x32\x34\
\x33\x35\x20\x30\x20\x30\x20\x31\x20\x35\x2e\x39\x36\x31\x32\x32\
\x30\x33\x2d\x36\x2e\x30\x37\x34\x32\x34\x33\x35\x35\x20\x35\x2e\
\x39\x36\x31\x32\x32\x30\x33\x20\x36\x2e\x30\x37\x34\x32\x34\x33\
\x35\x20\x30\x20\x30\x20\x31\x20\x35\x2e\x39\x36\x31\x32\x32\x20\
\x36\x2e\x30\x37\x34\x32\x34\x33\x35\x35\x7a\x22\x20\x73\x74\x79\
\x6c\x65\x3d\x22\x6f\x70\x61\x63\x69\x74\x79\x3a\x2e\x38\x3b\x66\
\x69\x6c\x6c\x3a\x23\x65\x36\x65\x36\x65\x36\x3b\x73\x74\x72\x6f\
\x6b\x65\x2d\x77\x69\x64\x74\x68\x3a\x2e\x37\x35\x32\x31\x38\x33\
\x3b\x73\x74\x72\x6f\x6b\x65\x2d\x6c\x69\x6e\x65\x63\x61\x70\x3a\
\x72\x6f\x75\x6e\x64\x3b\x73\x74\x72\x6f\x6b\x65\x2d\x6c\x69\x6e\
\x65\x6a\x6f\x69\x6e\x3a\x72\x6f\x75\x6e\x64\x3b\x73\x74\x72\x6f\
\x6b\x65\x2d\x64\x61\x73\x68\x6f\x66\x66\x73\x65\x74\x3a\x37\x22\
\x20\x74\x72\x61\x6e\x73\x66\x6f\x72\x6d\x3d\x22\x6d\x61\x74\x72\
\x69\x78\x28\x31\x2e\x34\x30\x30\x33\x35\x35\x33\x20\x30\x20\x30\
\x20\x31\x2e\x33\x37\x34\x32\x30\x31\x34\x20\x2d\x31\x2e\x36\x37\
\x33\x38\x32\x39\x20\x37\x2e\x32\x34\x39\x35\x30\x38\x29\x22\x2f\
\x3e\x3c\x70\x61\x74\x68\x20\x64\x3d\x22\x6d\x37\x2e\x38\x32\x36\
\x30\x38\x36\x36\x20\x32\x32\x2e\x30\x38\x37\x36\x34\x34\x63\x30\
\x20\x32\x2e\x30\x38\x36\x38\x30\x37\x20\x32\x2e\x30\x38\x36\x39\
\x35\x36\x38\x20\x32\x2e\x30\x38\x36\x38\x30\x37\x20\x32\x2e\x30\
\x38\x36\x39\x35\x36\x38\x20\x32\x2e\x30\x38\x36\x38\x30\x37\x73\
\x2d\x37\x2e\x33\x30\x34\x33\x34\x38\x32\x20\x37\x2e\x33\x30\x33\
\x38\x32\x38\x2d\x37\x2e\x33\x30\x34\x33\x34\x38\x32\x20\x37\x2e\
\x33\x30\x33\x38\x32\x38\x6c\x2d\x32\x2e\x30\x38\x36\x39\x35\x36\
\x35\x39\x2d\x32\x2e\x30\x38\x36\x38\x30\x39\x7a\x22\x20\x66\x69\
\x6c\x6c\x3d\x22\x23\x66\x66\x63\x63\x33\x30\x22\x20\x66\x69\x6c\
\x6c\x2d\x72\x75\x6c\x65\x3d\x22\x65\x76\x65\x6e\x6f\x64\x64\x22\
\x20\x73\x74\x72\x6f\x6b\x65\x2d\x6c\x69\x6e\x65\x6a\x6f\x69\x6e\
\x3d\x22\x72\x6f\x75\x6e\x64\x22\x20\x73\x74\x72\x6f\x6b\x65\x2d\
\x77\x69\x64\x74\x68\x3d\x22\x31\x2e\x30\x34\x33\x34\x34\x31\x22\
\x2f\x3e\x3c\x70\x61\x74\x68\x20\x64\x3d\x22\x6d\x36\x2e\x32\x36\
\x30\x38\x36\x39\x32\x20\x32\x33\x2e\x36\x35\x32\x37\x34\x39\x20\
\x32\x2e\x30\x38\x36\x39\x35\x36\x35\x2d\x32\x2e\x30\x38\x36\x38\
\x30\x37\x20\x32\x2e\x30\x38\x36\x39\x35\x35\x33\x20\x32\x2e\x30\
\x38\x36\x38\x30\x37\x2d\x32\x2e\x30\x38\x36\x39\x35\x35\x33\x20\
\x32\x2e\x30\x38\x36\x38\x30\x39\x7a\x22\x20\x66\x69\x6c\x6c\x2d\
\x72\x75\x6c\x65\x3d\x22\x65\x76\x65\x6e\x6f\x64\x64\x22\x20\x73\
\x74\x72\x6f\x6b\x65\x2d\x6c\x69\x6e\x65\x6a\x6f\x69\x6e\x3d\x22\
\x72\x6f\x75\x6e\x64\x22\x20\x73\x74\x72\x6f\x6b\x65\x2d\x77\x69\
\x64\x74\x68\x3d\x22\x31\x2e\x30\x34\x33\x34\x34\x31\x22\x2f\x3e\
\x3c\x2f\x67\x3e\x3c\x70\x61\x74\x68\x20\x64\x3d\x22\x6d\x31\x30\
\x2e\x34\x33\x34\x37\x38\x31\x20\x31\x32\x2e\x31\x37\x35\x33\x30\
\x35\x63\x32\x2e\x30\x38\x36\x39\x35\x37\x2d\x33\x2e\x31\x33\x30\
\x32\x31\x32\x37\x20\x34\x2e\x36\x33\x35\x33\x39\x31\x2d\x33\x2e\
\x35\x34\x35\x35\x34\x35\x20\x36\x2e\x32\x36\x30\x38\x37\x31\x2d\
\x32\x2e\x30\x38\x36\x38\x31\x20\x31\x2e\x36\x32\x35\x34\x38\x20\
\x31\x2e\x34\x35\x38\x37\x33\x39\x2d\x32\x2e\x30\x38\x36\x39\x35\
\x37\x20\x31\x2e\x30\x34\x33\x34\x30\x35\x2d\x34\x2e\x31\x37\x33\
\x39\x31\x34\x20\x33\x2e\x31\x33\x30\x32\x31\x35\x2d\x32\x2e\x30\
\x38\x36\x39\x35\x37\x20\x32\x2e\x30\x38\x36\x38\x30\x36\x20\x30\
\x20\x36\x2e\x32\x36\x30\x34\x32\x34\x2d\x32\x2e\x30\x38\x36\x39\
\x35\x37\x20\x36\x2e\x32\x36\x30\x34\x32\x34\x2d\x32\x2e\x30\x38\
\x36\x39\x35\x35\x33\x20\x30\x2d\x32\x2e\x30\x38\x36\x39\x35\x35\
\x33\x2d\x34\x2e\x31\x37\x33\x36\x31\x38\x20\x30\x2d\x37\x2e\x33\
\x30\x33\x38\x32\x39\x7a\x22\x20\x66\x69\x6c\x6c\x3d\x22\x23\x66\
\x63\x66\x66\x66\x66\x22\x20\x66\x69\x6c\x6c\x2d\x72\x75\x6c\x65\
\x3d\x22\x65\x76\x65\x6e\x6f\x64\x64\x22\x20\x6f\x70\x61\x63\x69\
\x74\x79\x3d\x22\x2e\x37\x22\x2f\x3e\x3c\x70\x61\x74\x68\x20\x64\
\x3d\x22\x6d\x32\x2e\x30\x38\x36\x39\x35\x36\x31\x20\x32\x38\x2e\
\x38\x36\x39\x37\x37\x20\x34\x2e\x31\x37\x33\x39\x31\x33\x31\x2d\
\x34\x2e\x31\x37\x33\x36\x31\x38\x22\x20\x6f\x70\x61\x63\x69\x74\
\x79\x3d\x22\x2e\x35\x22\x20\x73\x74\x72\x6f\x6b\x65\x3d\x22\x23\
\x66\x63\x66\x66\x66\x66\x22\x20\x73\x74\x72\x6f\x6b\x65\x2d\x6c\
\x69\x6e\x65\x63\x61\x70\x3d\x22\x72\x6f\x75\x6e\x64\x22\x20\x73\
\x74\x72\x6f\x6b\x65\x2d\x6c\x69\x6e\x65\x6a\x6f\x69\x6e\x3d\x22\
\x72\x6f\x75\x6e\x64\x22\x20\x73\x74\x72\x6f\x6b\x65\x2d\x77\x69\
\x64\x74\x68\x3d\x22\x31\x2e\x30\x34\x33\x34\x34\x31\x22\x2f\x3e\
\x3c\x2f\x67\x3e\x3c\x2f\x73\x76\x67\x3e\
\x00\x00\x0e\xd9\
\x3c\
\x3f\x78\x6d\x6c\x20\x76\x65\x72\x73\x69\x6f\x6e\x3d\x22\x31\x2e\
\x30\x22\x20\x65\x6e\x63\x6f\x64\x69\x6e\x67\x3d\x22\x55\x54\x46\
\x2d\x38\x22\x20\x73\x74\x61\x6e\x64\x61\x6c\x6f\x6e\x65\x3d\x22\
\x6e\x6f\x22\x3f\x3e\x0a\x3c\x73\x76\x67\x0a\x20\x20\x20\x68\x65\
\x69\x67\x68\x74\x3d\x22\x32\x34\x22\x0a\x20\x20\x20\x77\x69\x64\
\x74\x68\x3d\x22\x32\x34\x22\x0a\x20\x20\x20\x76\x65\x72\x73\x69\
\x6f\x6e\x3d\x22\x31\x2e\x31\x22\x0a\x20\x20\x20\x69\x64\x3d\x22\
\x73\x76\x67\x31\x38\x22\x0a\x20\x20\x20\x73\x6f\x64\x69\x70\x6f\
\x64\x69\x3a\x64\x6f\x63\x6e\x61\x6d\x65\x3d\x22\x6e\x6f\x5f\x7a\
\x6f\x6f\x6d\x5f\x70\x61\x6e\x2e\x73\x76\x67\x22\x0a\x20\x20\x20\
\x69\x6e\x6b\x73\x63\x61\x70\x65\x3a\x76\x65\x72\x73\x69\x6f\x6e\
\x3d\x22\x31\x2e\x32\x2e\x32\x20\x28\x62\x30\x61\x38\x34\x38\x36\
\x35\x34\x31\x2c\x20\x32\x30\x32\x32\x2d\x31\x32\x2d\x30\x31\x29\
\x22\x0a\x20\x20\x20\x78\x6d\x6c\x6e\x73\x3a\x69\x6e\x6b\x73\x63\
\x61\x70\x65\x3d\x22\x68\x74\x74\x70\x3a\x2f\x2f\x77\x77\x77\x2e\
\x69\x6e\x6b\x73\x63\x61\x70\x65\x2e\x6f\x72\x67\x2f\x6e\x61\x6d\
\x65\x73\x70\x61\x63\x65\x73\x2f\x69\x6e\x6b\x73\x63\x61\x70\x65\
\x22\x0a\x20\x20\x20\x78\x6d\x6c\x6e\x73\x3a\x73\x6f\x64\x69\x70\
\x6f\x64\x69\x3d\x22\x68\x74\x74\x70\x3a\x2f\x2f\x73\x6f\x64\x69\
\x70\x6f\x64\x69\x2e\x73\x6f\x75\x72\x63\x65\x66\x6f\x72\x67\x65\
\x2e\x6e\x65\x74\x2f\x44\x54\x44\x2f\x73\x6f\x64\x69\x70\x6f\x64\
\x69\x2d\x30\x2e\x64\x74\x64\x22\x0a\x20\x20\x20\x78\x6d\x6c\x6e\
\x73\x3d\x22\x68\x74\x74\x70\x3a\x2f\x2f\x77\x77\x77\x2e\x77\x33\
\x2e\x6f\x72\x67\x2f\x32\x30\x30\x30\x2f\x73\x76\x67\x22\x0a\x20\
\x20\x20\x78\x6d\x6c\x6e\x73\x3a\x73\x76\x67\x3d\x22\x68\x74\x74\
\x70\x3a\x2f\x2f\x77\x77\x77\x2e\x77\x33\x2e\x6f\x72\x67\x2f\x32\
\x30\x30\x30\x2f\x73\x76\x67\x22\x3e\x0a\x20\x20\x3c\x64\x65\x66\
\x73\x0a\x20\x20\x20\x20\x20\x69\x64\x3d\x22\x64\x65\x66\x73\x32\
\x32\x22\x20\x2f\x3e\x0a\x20\x20\x3c\x73\x6f\x64\x69\x70\x6f\x64\
\x69\x3a\x6e\x61\x6d\x65\x64\x76\x69\x65\x77\x0a\x20\x20\x20\x20\
\x20\x69\x64\x3d\x22\x6e\x61\x6d\x65\x64\x76\x69\x65\x77\x32\x30\
\x22\x0a\x20\x20\x20\x20\x20\x70\x61\x67\x65\x63\x6f\x6c\x6f\x72\
\x3d\x22\x23\x66\x66\x66\x66\x66\x66\x22\x0a\x20\x20\x20\x20\x20\
\x62\x6f\x72\x64\x65\x72\x63\x6f\x6c\x6f\x72\x3d\x22\x23\x30\x30\
\x30\x30\x30\x30\x22\x0a\x20\x20\x20\x20\x20\x62\x6f\x72\x64\x65\
\x72\x6f\x70\x61\x63\x69\x74\x79\x3d\x22\x30\x2e\x32\x35\x22\x0a\
\x20\x20\x20\x20\x20\x69\x6e\x6b\x73\x63\x61\x70\x65\x3a\x73\x68\
\x6f\x77\x70\x61\x67\x65\x73\x68\x61\x64\x6f\x77\x3d\x22\x32\x22\
\x0a\x20\x20\x20\x20\x20\x69\x6e\x6b\x73\x63\x61\x70\x65\x3a\x70\
\x61\x67\x65\x6f\x70\x61\x63\x69\x74\x79\x3d\x22\x30\x2e\x30\x22\
\x0a\x20\x20\x20\x20\x20\x69\x6e\x6b\x73\x63\x61\x70\x65\x3a\x70\
\x61\x67\x65\x63\x68\x65\x63\x6b\x65\x72\x62\x6f\x61\x72\x64\x3d\
\x22\x30\x22\x0a\x20\x20\x20\x20\x20\x69\x6e\x6b\x73\x63\x61\x70\
\x65\x3a\x64\x65\x73\x6b\x63\x6f\x6c\x6f\x72\x3d\x22\x23\x64\x31\
\x64\x31\x64\x31\x22\x0a\x20\x20\x20\x20\x20\x73\x68\x6f\x77\x67\
\x72\x69\x64\x3d\x22\x66\x61\x6c\x73\x65\x22\x0a\x20\x20\x20\x20\
\x20\x69\x6e\x6b\x73\x63\x61\x70\x65\x3a\x7a\x6f\x6f\x6d\x3d\x22\
\x31\x37\x2e\x34\x33\x37\x35\x22\x0a\x20\x20\x20\x20\x20\x69\x6e\
\x6b\x73\x63\x61\x70\x65\x3a\x63\x78\x3d\x22\x31\x37\x2e\x32\x33\
\x32\x39\x37\x35\x22\x0a\x20\x20\x20\x20\x20\x69\x6e\x6b\x73\x63\
\x61\x70\x65\x3a\x63\x79\x3d\x22\x31\x30\x2e\x31\x37\x39\x32\x31\
\x31\x22\x0a\x20\x20\x20\x20\x20\x69\x6e\x6b\x73\x63\x61\x70\x65\
\x3a\x77\x69\x6e\x64\x6f\x77\x2d\x77\x69\x64\x74\x68\x3d\x22\x31\
\x34\x36\x37\x22\x0a\x20\x20\x20\x20\x20\x69\x6e\x6b\x73\x63\x61\
\x70\x65\x3a\x77\x69\x6e\x64\x6f\x77\x2d\x68\x65\x69\x67\x68\x74\
\x3d\x22\x31\x30\x33\x39\x22\x0a\x20\x20\x20\x20\x20\x69\x6e\x6b\
\x73\x63\x61\x70\x65\x3a\x77\x69\x6e\x64\x6f\x77\x2d\x78\x3d\x22\
\x33\x39\x37\x31\x22\x0a\x20\x20\x20\x20\x20\x69\x6e\x6b\x73\x63\
\x61\x70\x65\x3a\x77\x69\x6e\x64\x6f\x77\x2d\x79\x3d\x22\x31\x34\
\x34\x22\x0a\x20\x20\x20\x20\x20\x69\x6e\x6b\x73\x63\x61\x70\x65\
\x3a\x77\x69\x6e\x64\x6f\x77\x2d\x6d\x61\x78\x69\x6d\x69\x7a\x65\
\x64\x3d\x22\x30\x22\x0a\x20\x20\x20\x20\x20\x69\x6e\x6b\x73\x63\
\x61\x70\x65\x3a\x63\x75\x72\x72\x65\x6e\x74\x2d\x6c\x61\x79\x65\
\x72\x3d\x22\x73\x76\x67\x31\x38\x22\x20\x2f\x3e\x0a\x20\x20\x3c\
\x67\x0a\x20\x20\x20\x20\x20\x69\x64\x3d\x22\x67\x34\x34\x33\x22\
\x3e\x0a\x20\x20\x20\x20\x3c\x67\x0a\x20\x20\x20\x20\x20\x20\x20\
\x73\x74\x72\x6f\x6b\x65\x3d\x22\x23\x35\x30\x35\x30\x35\x30\x22\
\x0a\x20\x20\x20\x20\x20\x20\x20\x69\x64\x3d\x22\x67\x31\x30\x22\
\x0a\x20\x20\x20\x20\x20\x20\x20\x74\x72\x61\x6e\x73\x66\x6f\x72\
\x6d\x3d\x22\x74\x72\x61\x6e\x73\x6c\x61\x74\x65\x28\x30\x2c\x2d\
\x38\x29\x22\x3e\x0a\x20\x20\x20\x20\x20\x20\x3c\x70\x61\x74\x68\
\x0a\x20\x20\x20\x20\x20\x20\x20\x20\x20\x64\x3d\x22\x4d\x20\x31\
\x37\x2e\x39\x36\x31\x32\x32\x2c\x37\x20\x41\x20\x35\x2e\x39\x36\
\x31\x32\x32\x30\x33\x2c\x36\x2e\x30\x37\x34\x32\x34\x33\x35\x20\
\x30\x20\x30\x20\x31\x20\x31\x32\x2c\x31\x33\x2e\x30\x37\x34\x32\
\x34\x34\x20\x35\x2e\x39\x36\x31\x32\x32\x30\x33\x2c\x36\x2e\x30\
\x37\x34\x32\x34\x33\x35\x20\x30\x20\x30\x20\x31\x20\x36\x2e\x30\
\x33\x38\x37\x37\x39\x37\x2c\x37\x20\x35\x2e\x39\x36\x31\x32\x32\
\x30\x33\x2c\x36\x2e\x30\x37\x34\x32\x34\x33\x35\x20\x30\x20\x30\
\x20\x31\x20\x31\x32\x2c\x30\x2e\x39\x32\x35\x37\x35\x36\x34\x35\
\x20\x35\x2e\x39\x36\x31\x32\x32\x30\x33\x2c\x36\x2e\x30\x37\x34\
\x32\x34\x33\x35\x20\x30\x20\x30\x20\x31\x20\x31\x37\x2e\x39\x36\
\x31\x32\x32\x2c\x37\x20\x5a\x22\x0a\x20\x20\x20\x20\x20\x20\x20\
\x20\x20\x73\x74\x79\x6c\x65\x3d\x22\x6f\x70\x61\x63\x69\x74\x79\
\x3a\x30\x2e\x38\x3b\x66\x69\x6c\x6c\x3a\x23\x65\x36\x65\x36\x65\
\x36\x3b\x73\x74\x72\x6f\x6b\x65\x2d\x77\x69\x64\x74\x68\x3a\x30\
\x2e\x37\x35\x32\x31\x38\x33\x3b\x73\x74\x72\x6f\x6b\x65\x2d\x6c\
\x69\x6e\x65\x63\x61\x70\x3a\x72\x6f\x75\x6e\x64\x3b\x73\x74\x72\
\x6f\x6b\x65\x2d\x6c\x69\x6e\x65\x6a\x6f\x69\x6e\x3a\x72\x6f\x75\
\x6e\x64\x3b\x73\x74\x72\x6f\x6b\x65\x2d\x64\x61\x73\x68\x6f\x66\
\x66\x73\x65\x74\x3a\x37\x22\x0a\x20\x20\x20\x20\x20\x20\x20\x20\
\x20\x74\x72\x61\x6e\x73\x66\x6f\x72\x6d\x3d\x22\x6d\x61\x74\x72\
\x69\x78\x28\x31\x2e\x34\x30\x30\x33\x35\x35\x33\x2c\x30\x2c\x30\
\x2c\x31\x2e\x33\x37\x34\x32\x30\x31\x34\x2c\x2d\x31\x2e\x36\x37\
\x33\x38\x32\x39\x2c\x37\x2e\x32\x34\x39\x35\x30\x38\x29\x22\x0a\
\x20\x20\x20\x20\x20\x20\x20\x20\x20\x69\x64\x3d\x22\x70\x61\x74\
\x68\x34\x22\x20\x2f\x3e\x0a\x20\x20\x20\x20\x20\x20\x3c\x70\x61\
\x74\x68\x0a\x20\x20\x20\x20\x20\x20\x20\x20\x20\x64\x3d\x22\x6d\
\x20\x37\x2e\x38\x32\x36\x30\x38\x36\x36\x2c\x32\x32\x2e\x30\x38\
\x37\x36\x34\x34\x20\x63\x20\x30\x2c\x32\x2e\x30\x38\x36\x38\x30\
\x37\x20\x32\x2e\x30\x38\x36\x39\x35\x36\x38\x2c\x32\x2e\x30\x38\
\x36\x38\x30\x37\x20\x32\x2e\x30\x38\x36\x39\x35\x36\x38\x2c\x32\
\x2e\x30\x38\x36\x38\x30\x37\x20\x30\x2c\x30\x20\x2d\x37\x2e\x33\
\x30\x34\x33\x34\x38\x32\x2c\x37\x2e\x33\x30\x33\x38\x32\x38\x20\
\x2d\x37\x2e\x33\x30\x34\x33\x34\x38\x32\x2c\x37\x2e\x33\x30\x33\
\x38\x32\x38\x20\x4c\x20\x30\x2e\x35\x32\x31\x37\x33\x38\x36\x31\
\x2c\x32\x39\x2e\x33\x39\x31\x34\x37\x20\x5a\x22\x0a\x20\x20\x20\
\x20\x20\x20\x20\x20\x20\x66\x69\x6c\x6c\x3d\x22\x23\x66\x66\x63\
\x63\x33\x30\x22\x0a\x20\x20\x20\x20\x20\x20\x20\x20\x20\x66\x69\
\x6c\x6c\x2d\x72\x75\x6c\x65\x3d\x22\x65\x76\x65\x6e\x6f\x64\x64\
\x22\x0a\x20\x20\x20\x20\x20\x20\x20\x20\x20\x73\x74\x72\x6f\x6b\
\x65\x2d\x6c\x69\x6e\x65\x6a\x6f\x69\x6e\x3d\x22\x72\x6f\x75\x6e\
\x64\x22\x0a\x20\x20\x20\x20\x20\x20\x20\x20\x20\x73\x74\x72\x6f\
\x6b\x65\x2d\x77\x69\x64\x74\x68\x3d\x22\x31\x2e\x30\x34\x33\x34\
\x34\x22\x0a\x20\x20\x20\x20\x20\x20\x20\x20\x20\x69\x64\x3d\x22\
\x70\x61\x74\x68\x36\x22\x20\x2f\x3e\x0a\x20\x20\x20\x20\x20\x20\
\x3c\x70\x61\x74\x68\x0a\x20\x20\x20\x20\x20\x20\x20\x20\x20\x64\
\x3d\x22\x6d\x20\x36\x2e\x32\x36\x30\x38\x36\x39\x32\x2c\x32\x33\
\x2e\x36\x35\x32\x37\x34\x39\x20\x32\x2e\x30\x38\x36\x39\x35\x36\
\x35\x2c\x2d\x32\x2e\x30\x38\x36\x38\x30\x37\x20\x32\x2e\x30\x38\
\x36\x39\x35\x35\x33\x2c\x32\x2e\x30\x38\x36\x38\x30\x37\x20\x2d\
\x32\x2e\x30\x38\x36\x39\x35\x35\x33\x2c\x32\x2e\x30\x38\x36\x38\
\x30\x39\x20\x7a\x22\x0a\x20\x20\x20\x20\x20\x20\x20\x20\x20\x66\
\x69\x6c\x6c\x2d\x72\x75\x6c\x65\x3d\x22\x65\x76\x65\x6e\x6f\x64\
\x64\x22\x0a\x20\x20\x20\x20\x20\x20\x20\x20\x20\x73\x74\x72\x6f\
\x6b\x65\x2d\x6c\x69\x6e\x65\x6a\x6f\x69\x6e\x3d\x22\x72\x6f\x75\
\x6e\x64\x22\x0a\x20\x20\x20\x20\x20\x20\x20\x20\x20\x73\x74\x72\
\x6f\x6b\x65\x2d\x77\x69\x64\x74\x68\x3d\x22\x31\x2e\x30\x34\x33\
\x34\x34\x22\x0a\x20\x20\x20\x20\x20\x20\x20\x20\x20\x69\x64\x3d\
\x22\x70\x61\x74\x68\x38\x22\x20\x2f\x3e\x0a\x20\x20\x20\x20\x3c\
\x2f\x67\x3e\x0a\x20\x20\x20\x20\x3c\x70\x61\x74\x68\x0a\x20\x20\
\x20\x20\x20\x20\x20\x64\x3d\x22\x6d\x20\x31\x30\x2e\x34\x33\x34\
\x37\x38\x31\x2c\x34\x2e\x31\x37\x35\x33\x30\x35\x20\x63\x20\x32\
\x2e\x30\x38\x36\x39\x35\x37\x2c\x2d\x33\x2e\x31\x33\x30\x32\x31\
\x32\x37\x20\x34\x2e\x36\x33\x35\x33\x39\x31\x2c\x2d\x33\x2e\x35\
\x34\x35\x35\x34\x35\x20\x36\x2e\x32\x36\x30\x38\x37\x31\x2c\x2d\
\x32\x2e\x30\x38\x36\x38\x31\x20\x31\x2e\x36\x32\x35\x34\x38\x2c\
\x31\x2e\x34\x35\x38\x37\x33\x39\x20\x2d\x32\x2e\x30\x38\x36\x39\
\x35\x37\x2c\x31\x2e\x30\x34\x33\x34\x30\x35\x20\x2d\x34\x2e\x31\
\x37\x33\x39\x31\x34\x2c\x33\x2e\x31\x33\x30\x32\x31\x35\x20\x2d\
\x32\x2e\x30\x38\x36\x39\x35\x37\x2c\x32\x2e\x30\x38\x36\x38\x30\
\x36\x20\x30\x2c\x36\x2e\x32\x36\x30\x34\x32\x34\x20\x2d\x32\x2e\
\x30\x38\x36\x39\x35\x37\x2c\x36\x2e\x32\x36\x30\x34\x32\x34\x20\
\x2d\x32\x2e\x30\x38\x36\x39\x35\x35\x33\x2c\x30\x20\x2d\x32\x2e\
\x30\x38\x36\x39\x35\x35\x33\x2c\x2d\x34\x2e\x31\x37\x33\x36\x31\
\x38\x20\x30\x2c\x2d\x37\x2e\x33\x30\x33\x38\x32\x39\x20\x7a\x22\
\x0a\x20\x20\x20\x20\x20\x20\x20\x66\x69\x6c\x6c\x3d\x22\x23\x66\
\x63\x66\x66\x66\x66\x22\x0a\x20\x20\x20\x20\x20\x20\x20\x66\x69\
\x6c\x6c\x2d\x72\x75\x6c\x65\x3d\x22\x65\x76\x65\x6e\x6f\x64\x64\
\x22\x0a\x20\x20\x20\x20\x20\x20\x20\x6f\x70\x61\x63\x69\x74\x79\
\x3d\x22\x30\x2e\x37\x22\x0a\x20\x20\x20\x20\x20\x20\x20\x69\x64\
\x3d\x22\x70\x61\x74\x68\x31\x32\x22\x20\x2f\x3e\x0a\x20\x20\x20\
\x20\x3c\x70\x61\x74\x68\x0a\x20\x20\x20\x20\x20\x20\x20\x64\x3d\
\x22\x4d\x20\x32\x2e\x30\x38\x36\x39\x35\x36\x31\x2c\x32\x30\x2e\
\x38\x36\x39\x37\x37\x20\x36\x2e\x32\x36\x30\x38\x36\x39\x32\x2c\
\x31\x36\x2e\x36\x39\x36\x31\x35\x32\x22\x0a\x20\x20\x20\x20\x20\
\x20\x20\x6f\x70\x61\x63\x69\x74\x79\x3d\x22\x30\x2e\x35\x22\x0a\
\x20\x20\x20\x20\x20\x20\x20\x73\x74\x72\x6f\x6b\x65\x3d\x22\x23\
\x66\x63\x66\x66\x66\x66\x22\x0a\x20\x20\x20\x20\x20\x20\x20\x73\
\x74\x72\x6f\x6b\x65\x2d\x6c\x69\x6e\x65\x63\x61\x70\x3d\x22\x72\
\x6f\x75\x6e\x64\x22\x0a\x20\x20\x20\x20\x20\x20\x20\x73\x74\x72\
\x6f\x6b\x65\x2d\x6c\x69\x6e\x65\x6a\x6f\x69\x6e\x3d\x22\x72\x6f\
\x75\x6e\x64\x22\x0a\x20\x20\x20\x20\x20\x20\x20\x73\x74\x72\x6f\
\x6b\x65\x2d\x77\x69\x64\x74\x68\x3d\x22\x31\x2e\x30\x34\x33\x34\
\x34\x22\x0a\x20\x20\x20\x20\x20\x20\x20\x69\x64\x3d\x22\x70\x61\
\x74\x68\x31\x34\x22\x20\x2f\x3e\x0a\x20\x20\x3c\x2f\x67\x3e\x0a\
\x20\x20\x3c\x67\x0a\x20\x20\x20\x20\x20\x74\x72\x61\x6e\x73\x66\
\x6f\x72\x6d\x3d\x22\x6d\x61\x74\x72\x69\x78\x28\x30\x2e\x39\x38\
\x39\x34\x36\x33\x36\x34\x2c\x30\x2c\x30\x2c\x30\x2e\x39\x38\x39\
\x34\x36\x33\x36\x34\x2c\x2d\x30\x2e\x32\x34\x30\x34\x34\x37\x35\
\x39\x2c\x2d\x30\x2e\x33\x39\x33\x32\x32\x32\x30\x39\x29\x22\x0a\
\x20\x20\x20\x20\x20\x69\x64\x3d\x22\x67\x32\x35\x31\x22\x3e\x0a\
\x20\x20\x20\x20\x3c\x72\x65\x63\x74\x0a\x20\x20\x20\x20\x20\x20\
\x20\x66\x69\x6c\x6c\x3d\x22\x23\x63\x63\x30\x30\x30\x30\x22\x0a\
\x20\x20\x20\x20\x20\x20\x20\x68\x65\x69\x67\x68\x74\x3d\x22\x31\
\x30\x22\x0a\x20\x20\x20\x20\x20\x20\x20\x6f\x70\x61\x63\x69\x74\
\x79\x3d\x22\x30\x2e\x39\x22\x0a\x20\x20\x20\x20\x20\x20\x20\x72\
\x78\x3d\x22\x30\x2e\x38\x35\x37\x31\x34\x32\x39\x38\x22\x0a\x20\
\x20\x20\x20\x20\x20\x20\x73\x74\x72\x6f\x6b\x65\x3d\x22\x23\x63\
\x63\x30\x30\x30\x30\x22\x0a\x20\x20\x20\x20\x20\x20\x20\x73\x74\
\x72\x6f\x6b\x65\x2d\x6c\x69\x6e\x65\x63\x61\x70\x3d\x22\x73\x71\
\x75\x61\x72\x65\x22\x0a\x20\x20\x20\x20\x20\x20\x20\x73\x74\x72\
\x6f\x6b\x65\x2d\x6c\x69\x6e\x65\x6a\x6f\x69\x6e\x3d\x22\x72\x6f\
\x75\x6e\x64\x22\x0a\x20\x20\x20\x20\x20\x20\x20\x77\x69\x64\x74\
\x68\x3d\x22\x31\x30\x22\x0a\x20\x20\x20\x20\x20\x20\x20\x78\x3d\
\x22\x31\x33\x2e\x35\x22\x0a\x20\x20\x20\x20\x20\x20\x20\x79\x3d\
\x22\x31\x33\x2e\x35\x22\x0a\x20\x20\x20\x20\x20\x20\x20\x69\x64\
\x3d\x22\x72\x65\x63\x74\x32\x34\x31\x22\x20\x2f\x3e\x0a\x20\x20\
\x20\x20\x3c\x70\x61\x74\x68\x0a\x20\x20\x20\x20\x20\x20\x20\x64\
\x3d\x22\x6d\x20\x31\x33\x2e\x35\x2c\x31\x38\x2e\x35\x20\x68\x20\
\x31\x30\x20\x56\x20\x31\x35\x2e\x31\x36\x36\x36\x36\x37\x20\x43\
\x20\x32\x33\x2e\x35\x2c\x31\x33\x2e\x35\x20\x32\x33\x2e\x35\x2c\
\x31\x33\x2e\x35\x20\x32\x31\x2c\x31\x33\x2e\x35\x20\x63\x20\x2d\
\x30\x2e\x35\x38\x31\x37\x39\x31\x2c\x30\x20\x2d\x35\x2e\x30\x36\
\x30\x31\x39\x38\x2c\x30\x20\x2d\x35\x2e\x38\x33\x33\x33\x33\x33\
\x2c\x30\x20\x43\x20\x31\x33\x2e\x35\x2c\x31\x33\x2e\x35\x20\x31\
\x33\x2e\x35\x2c\x31\x33\x2e\x35\x20\x31\x33\x2e\x35\x2c\x31\x35\
\x2e\x31\x36\x36\x36\x36\x37\x20\x5a\x22\x0a\x20\x20\x20\x20\x20\
\x20\x20\x66\x69\x6c\x6c\x3d\x22\x23\x66\x63\x66\x66\x66\x66\x22\
\x0a\x20\x20\x20\x20\x20\x20\x20\x66\x69\x6c\x6c\x2d\x72\x75\x6c\
\x65\x3d\x22\x65\x76\x65\x6e\x6f\x64\x64\x22\x0a\x20\x20\x20\x20\
\x20\x20\x20\x6f\x70\x61\x63\x69\x74\x79\x3d\x22\x30\x2e\x35\x22\
\x0a\x20\x20\x20\x20\x20\x20\x20\x69\x64\x3d\x22\x70\x61\x74\x68\
\x32\x34\x33\x22\x20\x2f\x3e\x0a\x20\x20\x20\x20\x3c\x67\x0a\x20\
\x20\x20\x20\x20\x20\x20\x66\x69\x6c\x6c\x3d\x22\x6e\x6f\x6e\x65\
\x22\x0a\x20\x20\x20\x20\x20\x20\x20\x73\x74\x72\x6f\x6b\x65\x3d\
\x22\x23\x65\x65\x65\x65\x65\x63\x22\x0a\x20\x20\x20\x20\x20\x20\
\x20\x73\x74\x72\x6f\x6b\x65\x2d\x6c\x69\x6e\x65\x63\x61\x70\x3d\
\x22\x72\x6f\x75\x6e\x64\x22\x0a\x20\x20\x20\x20\x20\x20\x20\x69\
\x64\x3d\x22\x67\x32\x34\x39\x22\x3e\x0a\x20\x20\x20\x20\x20\x20\
\x3c\x70\x61\x74\x68\x0a\x20\x20\x20\x20\x20\x20\x20\x20\x20\x64\
\x3d\x22\x6d\x20\x31\x36\x2e\x33\x37\x33\x37\x34\x32\x2c\x32\x30\
\x2e\x36\x34\x39\x39\x36\x20\x34\x2e\x32\x35\x32\x35\x31\x36\x2c\
\x2d\x34\x2e\x32\x39\x39\x39\x32\x22\x0a\x20\x20\x20\x20\x20\x20\
\x20\x20\x20\x73\x74\x72\x6f\x6b\x65\x2d\x77\x69\x64\x74\x68\x3d\
\x22\x31\x2e\x35\x22\x0a\x20\x20\x20\x20\x20\x20\x20\x20\x20\x69\
\x64\x3d\x22\x70\x61\x74\x68\x32\x34\x35\x22\x20\x2f\x3e\x0a\x20\
\x20\x20\x20\x20\x20\x3c\x70\x61\x74\x68\x0a\x20\x20\x20\x20\x20\
\x20\x20\x20\x20\x64\x3d\x22\x6d\x20\x32\x33\x2e\x35\x2c\x31\x39\
\x20\x63\x20\x30\x2c\x32\x2e\x34\x38\x35\x32\x38\x31\x20\x2d\x32\
\x2e\x30\x31\x34\x37\x31\x39\x2c\x34\x2e\x35\x20\x2d\x34\x2e\x35\
\x2c\x34\x2e\x35\x20\x2d\x32\x2e\x34\x38\x35\x32\x38\x31\x2c\x30\
\x20\x2d\x34\x2e\x35\x2c\x2d\x32\x2e\x30\x31\x34\x37\x31\x39\x20\
\x2d\x34\x2e\x35\x2c\x2d\x34\x2e\x35\x20\x30\x2c\x2d\x32\x2e\x34\
\x38\x35\x32\x38\x31\x20\x32\x2e\x30\x31\x34\x37\x31\x39\x2c\x2d\
\x34\x2e\x35\x20\x34\x2e\x35\x2c\x2d\x34\x2e\x35\x20\x32\x2e\x34\
\x38\x35\x32\x38\x31\x2c\x30\x20\x34\x2e\x35\x2c\x32\x2e\x30\x31\
\x34\x37\x31\x39\x20\x34\x2e\x35\x2c\x34\x2e\x35\x20\x7a\x22\x0a\
\x20\x20\x20\x20\x20\x20\x20\x20\x20\x73\x74\x72\x6f\x6b\x65\x2d\
\x77\x69\x64\x74\x68\x3d\x22\x31\x2e\x36\x38\x37\x35\x22\x0a\x20\
\x20\x20\x20\x20\x20\x20\x20\x20\x74\x72\x61\x6e\x73\x66\x6f\x72\
\x6d\x3d\x22\x6d\x61\x74\x72\x69\x78\x28\x30\x2e\x38\x38\x38\x38\
\x38\x38\x38\x39\x2c\x30\x2c\x30\x2c\x30\x2e\x38\x38\x38\x38\x38\
\x38\x38\x39\x2c\x31\x2e\x36\x31\x31\x31\x31\x31\x2c\x31\x2e\x36\
\x31\x31\x31\x31\x31\x29\x22\x0a\x20\x20\x20\x20\x20\x20\x20\x20\
\x20\x69\x64\x3d\x22\x70\x61\x74\x68\x32\x34\x37\x22\x20\x2f\x3e\
\x0a\x20\x20\x20\x20\x3c\x2f\x67\x3e\x0a\x20\x20\x3c\x2f\x67\x3e\
\x0a\x3c\x2f\x73\x76\x67\x3e\x0a\
\x00\x00\x02\xf8\
\x3c\
\x73\x76\x67\x20\x68\x65\x69\x67\x68\x74\x3d\x22\x32\x34\x22\x20\
\x77\x69\x64\x74\x68\x3d\x22\x32\x34\x22\x20\x78\x6d\x6c\x6e\x73\
\x3d\x22\x68\x74\x74\x70\x3a\x2f\x2f\x77\x77\x77\x2e\x77\x33\x2e\
\x6f\x72\x67\x2f\x32\x30\x30\x30\x2f\x73\x76\x67\x22\x3e\x3c\x67\
\x20\x73\x74\x72\x6f\x6b\x65\x2d\x6c\x69\x6e\x65\x63\x61\x70\x3d\
\x22\x72\x6f\x75\x6e\x64\x22\x3e\x3c\x72\x65\x63\x74\x20\x66\x69\
\x6c\x6c\x3d\x22\x23\x36\x64\x39\x37\x63\x34\x22\x20\x66\x69\x6c\
\x6c\x2d\x72\x75\x6c\x65\x3d\x22\x65\x76\x65\x6e\x6f\x64\x64\x22\
\x20\x68\x65\x69\x67\x68\x74\x3d\x22\x32\x30\x2e\x35\x22\x20\x72\
\x78\x3d\x22\x31\x2e\x38\x38\x39\x22\x20\x72\x79\x3d\x22\x31\x2e\
\x35\x22\x20\x73\x74\x72\x6f\x6b\x65\x3d\x22\x23\x34\x31\x35\x61\
\x37\x35\x22\x20\x73\x74\x72\x6f\x6b\x65\x2d\x6c\x69\x6e\x65\x6a\
\x6f\x69\x6e\x3d\x22\x72\x6f\x75\x6e\x64\x22\x20\x73\x74\x72\x6f\
\x6b\x65\x2d\x77\x69\x64\x74\x68\x3d\x22\x2e\x38\x22\x20\x77\x69\
\x64\x74\x68\x3d\x22\x31\x39\x2e\x32\x22\x20\x78\x3d\x22\x32\x2e\
\x34\x22\x20\x79\x3d\x22\x31\x2e\x34\x22\x2f\x3e\x3c\x67\x20\x73\
\x74\x72\x6f\x6b\x65\x3d\x22\x23\x36\x36\x36\x22\x3e\x3c\x72\x65\
\x63\x74\x20\x66\x69\x6c\x6c\x3d\x22\x23\x65\x64\x65\x64\x65\x64\
\x22\x20\x66\x69\x6c\x6c\x2d\x72\x75\x6c\x65\x3d\x22\x65\x76\x65\
\x6e\x6f\x64\x64\x22\x20\x68\x65\x69\x67\x68\x74\x3d\x22\x39\x22\
\x20\x72\x78\x3d\x22\x2e\x35\x22\x20\x73\x74\x72\x6f\x6b\x65\x2d\
\x6c\x69\x6e\x65\x6a\x6f\x69\x6e\x3d\x22\x72\x6f\x75\x6e\x64\x22\
\x20\x73\x74\x72\x6f\x6b\x65\x2d\x77\x69\x64\x74\x68\x3d\x22\x2e\
\x35\x22\x20\x77\x69\x64\x74\x68\x3d\x22\x31\x34\x22\x20\x78\x3d\
\x22\x35\x22\x20\x79\x3d\x22\x32\x22\x2f\x3e\x3c\x70\x61\x74\x68\
\x20\x64\x3d\x22\x6d\x37\x20\x34\x2e\x35\x68\x31\x30\x22\x20\x66\
\x69\x6c\x6c\x3d\x22\x6e\x6f\x6e\x65\x22\x2f\x3e\x3c\x70\x61\x74\
\x68\x20\x64\x3d\x22\x6d\x36\x2e\x30\x31\x20\x31\x34\x2e\x35\x31\
\x37\x68\x31\x31\x2e\x39\x39\x76\x36\x2e\x39\x38\x33\x68\x2d\x31\
\x31\x2e\x39\x39\x7a\x22\x20\x66\x69\x6c\x6c\x3d\x22\x23\x65\x64\
\x65\x64\x65\x64\x22\x20\x66\x69\x6c\x6c\x2d\x72\x75\x6c\x65\x3d\
\x22\x65\x76\x65\x6e\x6f\x64\x64\x22\x20\x73\x74\x72\x6f\x6b\x65\
\x2d\x6c\x69\x6e\x65\x6a\x6f\x69\x6e\x3d\x22\x72\x6f\x75\x6e\x64\
\x22\x20\x73\x74\x72\x6f\x6b\x65\x2d\x77\x69\x64\x74\x68\x3d\x22\
\x2e\x36\x22\x2f\x3e\x3c\x2f\x67\x3e\x3c\x70\x61\x74\x68\x20\x64\
\x3d\x22\x6d\x37\x2e\x30\x30\x39\x20\x31\x35\x2e\x34\x31\x68\x33\
\x2e\x39\x39\x33\x76\x34\x2e\x39\x36\x39\x68\x2d\x33\x2e\x39\x39\
\x33\x7a\x22\x20\x66\x69\x6c\x6c\x3d\x22\x23\x34\x31\x35\x61\x37\
\x35\x22\x20\x66\x69\x6c\x6c\x2d\x72\x75\x6c\x65\x3d\x22\x65\x76\
\x65\x6e\x6f\x64\x64\x22\x20\x73\x74\x72\x6f\x6b\x65\x3d\x22\x23\
\x65\x36\x65\x36\x65\x36\x22\x20\x73\x74\x72\x6f\x6b\x65\x2d\x6c\
\x69\x6e\x65\x6a\x6f\x69\x6e\x3d\x22\x72\x6f\x75\x6e\x64\x22\x20\
\x73\x74\x72\x6f\x6b\x65\x2d\x77\x69\x64\x74\x68\x3d\x22\x2e\x39\
\x39\x36\x22\x2f\x3e\x3c\x70\x61\x74\x68\x20\x64\x3d\x22\x6d\x37\
\x20\x36\x2e\x35\x68\x31\x30\x6d\x2d\x31\x30\x20\x32\x68\x31\x30\
\x22\x20\x66\x69\x6c\x6c\x3d\x22\x6e\x6f\x6e\x65\x22\x20\x73\x74\
\x72\x6f\x6b\x65\x3d\x22\x23\x36\x36\x36\x22\x2f\x3e\x3c\x2f\x67\
\x3e\x3c\x2f\x73\x76\x67\x3e\
\x00\x00\x01\x46\
\x3c\
\x73\x76\x67\x20\x78\x6d\x6c\x6e\x73\x3d\x22\x68\x74\x74\x70\x3a\
\x2f\x2f\x77\x77\x77\x2e\x77\x33\x2e\x6f\x72\x67\x2f\x32\x30\x30\
\x30\x2f\x73\x76\x67\x22\x20\x76\x69\x65\x77\x42\x6f\x78\x3d\x22\
\x30\x20\x30\x20\x32\x34\x20\x32\x34\x22\x3e\x3c\x70\x61\x74\x68\
\x20\x64\x3d\x22\x4d\x31\x39\x2c\x31\x35\x2e\x35\x39\x4c\x31\x37\
\x2e\x35\x39\x2c\x31\x37\x4c\x31\x34\x2c\x31\x33\x2e\x34\x31\x4c\
\x31\x30\x2e\x34\x31\x2c\x31\x37\x4c\x39\x2c\x31\x35\x2e\x35\x39\
\x4c\x31\x32\x2e\x35\x39\x2c\x31\x32\x4c\x39\x2c\x38\x2e\x34\x31\
\x4c\x31\x30\x2e\x34\x31\x2c\x37\x4c\x31\x34\x2c\x31\x30\x2e\x35\
\x39\x4c\x31\x37\x2e\x35\x39\x2c\x37\x4c\x31\x39\x2c\x38\x2e\x34\
\x31\x4c\x31\x35\x2e\x34\x31\x2c\x31\x32\x4c\x31\x39\x2c\x31\x35\
\x2e\x35\x39\x4d\x32\x32\x2c\x33\x41\x32\x2c\x32\x20\x30\x20\x30\
\x2c\x31\x20\x32\x34\x2c\x35\x56\x31\x39\x41\x32\x2c\x32\x20\x30\
\x20\x30\x2c\x31\x20\x32\x32\x2c\x32\x31\x48\x37\x43\x36\x2e\x33\
\x31\x2c\x32\x31\x20\x35\x2e\x37\x37\x2c\x32\x30\x2e\x36\x34\x20\
\x35\x2e\x34\x31\x2c\x32\x30\x2e\x31\x31\x4c\x30\x2c\x31\x32\x4c\
\x35\x2e\x34\x31\x2c\x33\x2e\x38\x38\x43\x35\x2e\x37\x37\x2c\x33\
\x2e\x33\x35\x20\x36\x2e\x33\x31\x2c\x33\x20\x37\x2c\x33\x48\x32\
\x32\x4d\x32\x32\x2c\x35\x48\x37\x4c\x32\x2e\x32\x38\x2c\x31\x32\
\x4c\x37\x2c\x31\x39\x48\x32\x32\x56\x35\x5a\x22\x20\x2f\x3e\x3c\
\x2f\x73\x76\x67\x3e\
\x00\x00\x05\xc1\
\x3c\
\x73\x76\x67\x20\x65\x6e\x61\x62\x6c\x65\x2d\x62\x61\x63\x6b\x67\
\x72\x6f\x75\x6e\x64\x3d\x22\x6e\x65\x77\x20\x34\x20\x34\x20\x32\
\x34\x20\x32\x34\x22\x20\x68\x65\x69\x67\x68\x74\x3d\x22\x32\x34\
\x22\x20\x76\x69\x65\x77\x42\x6f\x78\x3d\x22\x34\x20\x34\x20\x32\
\x34\x20\x32\x34\x22\x20\x77\x69\x64\x74\x68\x3d\x22\x32\x34\x22\
\x20\x78\x6d\x6c\x6e\x73\x3d\x22\x68\x74\x74\x70\x3a\x2f\x2f\x77\
\x77\x77\x2e\x77\x33\x2e\x6f\x72\x67\x2f\x32\x30\x30\x30\x2f\x73\
\x76\x67\x22\x3e\x3c\x70\x61\x74\x68\x20\x64\x3d\x22\x6d\x31\x33\
\x2e\x32\x36\x39\x20\x31\x35\x2e\x32\x31\x38\x63\x2d\x32\x2e\x32\
\x34\x38\x2d\x2e\x37\x39\x39\x2d\x33\x2e\x33\x37\x34\x2d\x32\x2e\
\x30\x31\x31\x2d\x33\x2e\x33\x37\x34\x2d\x33\x2e\x36\x33\x32\x20\
\x30\x2d\x31\x2e\x32\x37\x39\x2e\x35\x39\x34\x2d\x32\x2e\x33\x30\
\x31\x20\x31\x2e\x37\x38\x2d\x33\x2e\x30\x36\x37\x20\x31\x2e\x31\
\x39\x38\x2d\x2e\x37\x36\x34\x20\x32\x2e\x36\x38\x33\x2d\x31\x2e\
\x31\x34\x37\x20\x34\x2e\x34\x35\x31\x2d\x31\x2e\x31\x34\x37\x20\
\x31\x2e\x36\x30\x36\x20\x30\x20\x32\x2e\x38\x38\x2e\x32\x36\x39\
\x20\x33\x2e\x38\x32\x38\x2e\x38\x30\x34\x2e\x39\x34\x39\x2e\x35\
\x32\x36\x20\x31\x2e\x34\x32\x33\x20\x31\x2e\x31\x36\x31\x20\x31\
\x2e\x34\x32\x33\x20\x31\x2e\x39\x30\x33\x20\x30\x20\x2e\x33\x38\
\x38\x2d\x2e\x31\x34\x37\x2e\x37\x32\x39\x2d\x2e\x34\x34\x36\x20\
\x31\x2e\x30\x32\x38\x2d\x2e\x32\x39\x35\x2e\x32\x38\x35\x2d\x2e\
\x36\x33\x39\x2e\x34\x32\x38\x2d\x31\x2e\x30\x32\x36\x2e\x34\x32\
\x38\x2d\x2e\x36\x34\x20\x30\x2d\x31\x2e\x31\x36\x35\x2d\x2e\x34\
\x34\x36\x2d\x31\x2e\x35\x37\x36\x2d\x31\x2e\x33\x33\x37\x2d\x2e\
\x35\x36\x37\x2d\x31\x2e\x32\x33\x33\x2d\x31\x2e\x34\x32\x2d\x31\
\x2e\x38\x35\x2d\x32\x2e\x35\x35\x39\x2d\x31\x2e\x38\x35\x2d\x2e\
\x39\x30\x31\x20\x30\x2d\x31\x2e\x36\x34\x35\x2e\x32\x39\x36\x2d\
\x32\x2e\x32\x32\x37\x2e\x38\x39\x2d\x2e\x35\x38\x33\x2e\x35\x39\
\x34\x2d\x2e\x38\x37\x35\x20\x31\x2e\x34\x32\x33\x2d\x2e\x38\x37\
\x35\x20\x32\x2e\x34\x38\x35\x20\x30\x20\x32\x2e\x30\x38\x39\x20\
\x31\x2e\x30\x38\x31\x20\x33\x2e\x31\x33\x35\x20\x33\x2e\x32\x33\
\x39\x20\x33\x2e\x31\x33\x35\x2e\x32\x32\x37\x20\x30\x20\x2e\x34\
\x38\x38\x2d\x2e\x30\x32\x33\x2e\x37\x38\x33\x2d\x2e\x30\x36\x39\
\x2e\x35\x31\x33\x2d\x2e\x30\x36\x37\x2e\x39\x31\x31\x2d\x2e\x31\
\x30\x32\x20\x31\x2e\x31\x39\x36\x2d\x2e\x31\x30\x32\x2e\x36\x39\
\x33\x20\x30\x20\x31\x2e\x30\x34\x32\x2e\x31\x39\x39\x20\x31\x2e\
\x30\x34\x32\x2e\x35\x39\x39\x20\x30\x20\x2e\x34\x34\x35\x2d\x2e\
\x33\x35\x34\x2e\x36\x36\x37\x2d\x31\x2e\x30\x36\x31\x2e\x36\x36\
\x37\x2d\x2e\x32\x35\x20\x30\x2d\x2e\x36\x32\x34\x2d\x2e\x30\x34\
\x2d\x31\x2e\x31\x32\x35\x2d\x2e\x31\x32\x2d\x2e\x33\x37\x37\x2d\
\x2e\x30\x36\x39\x2d\x2e\x36\x36\x37\x2d\x2e\x31\x30\x33\x2d\x2e\
\x38\x37\x31\x2d\x2e\x31\x30\x33\x2d\x32\x2e\x32\x38\x35\x20\x30\
\x2d\x33\x2e\x34\x32\x36\x20\x31\x2e\x31\x36\x2d\x33\x2e\x34\x32\
\x36\x20\x33\x2e\x34\x38\x35\x20\x30\x20\x31\x2e\x31\x33\x2e\x33\
\x30\x33\x20\x32\x2e\x30\x34\x34\x2e\x39\x30\x39\x20\x32\x2e\x37\
\x34\x31\x2e\x36\x30\x34\x2e\x36\x38\x35\x20\x31\x2e\x34\x35\x32\
\x20\x31\x2e\x30\x32\x38\x20\x32\x2e\x35\x33\x34\x20\x31\x2e\x30\
\x32\x38\x20\x31\x2e\x33\x35\x35\x20\x30\x20\x32\x2e\x32\x35\x31\
\x2d\x2e\x37\x30\x34\x20\x32\x2e\x36\x39\x37\x2d\x32\x2e\x31\x30\
\x39\x2e\x32\x32\x39\x2d\x2e\x37\x34\x31\x2e\x34\x37\x39\x2d\x31\
\x2e\x32\x35\x36\x2e\x37\x35\x33\x2d\x31\x2e\x35\x34\x32\x2e\x32\
\x38\x37\x2d\x2e\x32\x38\x34\x2e\x36\x36\x34\x2d\x2e\x34\x32\x38\
\x20\x31\x2e\x31\x33\x33\x2d\x2e\x34\x32\x38\x2e\x33\x38\x38\x20\
\x30\x20\x2e\x37\x33\x33\x2e\x31\x34\x34\x20\x31\x2e\x30\x34\x34\
\x2e\x34\x32\x38\x2e\x33\x32\x2e\x32\x37\x34\x2e\x34\x37\x39\x2e\
\x36\x32\x39\x2e\x34\x37\x39\x20\x31\x2e\x30\x36\x32\x20\x30\x20\
\x31\x2e\x30\x34\x2d\x2e\x35\x38\x33\x20\x31\x2e\x39\x30\x32\x2d\
\x31\x2e\x37\x34\x37\x20\x32\x2e\x35\x38\x39\x2d\x31\x2e\x31\x36\
\x36\x2e\x36\x37\x32\x2d\x32\x2e\x35\x37\x33\x20\x31\x2e\x30\x30\
\x39\x2d\x34\x2e\x32\x32\x34\x20\x31\x2e\x30\x30\x39\x2d\x31\x2e\
\x38\x31\x33\x20\x30\x2d\x33\x2e\x34\x33\x2d\x2e\x34\x33\x33\x2d\
\x34\x2e\x38\x34\x33\x2d\x31\x2e\x33\x30\x31\x2d\x31\x2e\x34\x30\
\x34\x2d\x2e\x38\x36\x39\x2d\x32\x2e\x31\x30\x37\x2d\x32\x2e\x30\
\x32\x39\x2d\x32\x2e\x31\x30\x37\x2d\x33\x2e\x34\x37\x38\x20\x30\
\x2d\x31\x2e\x38\x31\x32\x20\x31\x2e\x33\x39\x39\x2d\x33\x2e\x31\
\x34\x32\x20\x34\x2e\x31\x39\x36\x2d\x33\x2e\x39\x39\x36\x22\x20\
\x66\x69\x6c\x6c\x3d\x22\x23\x35\x63\x33\x35\x36\x36\x22\x2f\x3e\
\x3c\x67\x20\x66\x69\x6c\x6c\x3d\x22\x23\x66\x66\x66\x22\x3e\x3c\
\x70\x61\x74\x68\x20\x64\x3d\x22\x6d\x31\x31\x2e\x38\x34\x38\x20\
\x31\x30\x2e\x32\x33\x34\x63\x2d\x32\x2e\x31\x31\x38\x20\x32\x2e\
\x32\x38\x38\x2d\x31\x2e\x36\x33\x36\x2d\x2e\x33\x37\x36\x2d\x2e\
\x33\x36\x37\x2d\x31\x2e\x32\x39\x34\x20\x31\x2e\x33\x31\x35\x2d\
\x2e\x39\x35\x31\x20\x32\x2e\x30\x35\x33\x2d\x2e\x39\x32\x37\x20\
\x32\x2e\x30\x34\x33\x2d\x2e\x36\x33\x37\x2d\x2e\x30\x31\x2e\x33\
\x34\x2d\x31\x2e\x30\x30\x37\x20\x31\x2e\x32\x31\x32\x2d\x31\x2e\
\x36\x37\x36\x20\x31\x2e\x39\x33\x31\x7a\x22\x20\x6f\x70\x61\x63\
\x69\x74\x79\x3d\x22\x2e\x35\x22\x2f\x3e\x3c\x70\x61\x74\x68\x20\
\x64\x3d\x22\x6d\x31\x31\x2e\x31\x33\x37\x20\x31\x37\x2e\x36\x30\
\x34\x63\x2d\x32\x2e\x31\x32\x31\x20\x32\x2e\x32\x38\x36\x2d\x31\
\x2e\x37\x35\x37\x2e\x31\x37\x31\x2d\x2e\x34\x38\x35\x2d\x2e\x37\
\x34\x31\x20\x31\x2e\x33\x31\x33\x2d\x2e\x39\x34\x36\x20\x32\x2e\
\x30\x35\x32\x2d\x2e\x39\x32\x34\x20\x32\x2e\x30\x34\x32\x2d\x2e\
\x36\x33\x32\x2d\x2e\x30\x31\x31\x2e\x33\x33\x36\x2d\x2e\x38\x39\
\x33\x2e\x36\x35\x38\x2d\x31\x2e\x35\x35\x37\x20\x31\x2e\x33\x37\
\x33\x7a\x22\x20\x6f\x70\x61\x63\x69\x74\x79\x3d\x22\x2e\x35\x22\
\x2f\x3e\x3c\x70\x61\x74\x68\x20\x64\x3d\x22\x6d\x32\x30\x2e\x34\
\x34\x36\x20\x32\x30\x2e\x31\x35\x39\x63\x2d\x32\x2e\x30\x34\x35\
\x20\x32\x2e\x32\x38\x32\x2d\x31\x2e\x38\x39\x2e\x31\x31\x34\x2d\
\x2e\x35\x37\x35\x2d\x2e\x37\x32\x37\x20\x31\x2e\x30\x30\x34\x2d\
\x2e\x36\x34\x31\x20\x31\x2e\x33\x2d\x2e\x30\x38\x34\x2e\x35\x37\
\x35\x2e\x37\x32\x37\x7a\x22\x20\x6f\x70\x61\x63\x69\x74\x79\x3d\
\x22\x2e\x35\x22\x2f\x3e\x3c\x2f\x67\x3e\x3c\x2f\x73\x76\x67\x3e\
\
\x00\x00\x02\x4a\
\x3c\
\x3f\x78\x6d\x6c\x20\x76\x65\x72\x73\x69\x6f\x6e\x3d\x22\x31\x2e\
\x30\x22\x20\x65\x6e\x63\x6f\x64\x69\x6e\x67\x3d\x22\x75\x74\x66\
\x2d\x38\x22\x3f\x3e\x0d\x0a\x0d\x0a\x3c\x21\x2d\x2d\x20\x55\x70\
\x6c\x6f\x61\x64\x65\x64\x20\x74\x6f\x3a\x20\x53\x56\x47\x20\x52\
\x65\x70\x6f\x2c\x20\x77\x77\x77\x2e\x73\x76\x67\x72\x65\x70\x6f\
\x2e\x63\x6f\x6d\x2c\x20\x47\x65\x6e\x65\x72\x61\x74\x6f\x72\x3a\
\x20\x53\x56\x47\x20\x52\x65\x70\x6f\x20\x4d\x69\x78\x65\x72\x20\
\x54\x6f\x6f\x6c\x73\x20\x2d\x2d\x3e\x0a\x3c\x73\x76\x67\x20\x66\
\x69\x6c\x6c\x3d\x22\x23\x30\x30\x30\x30\x30\x30\x22\x20\x68\x65\
\x69\x67\x68\x74\x3d\x22\x38\x30\x30\x70\x78\x22\x20\x77\x69\x64\
\x74\x68\x3d\x22\x38\x30\x30\x70\x78\x22\x20\x76\x65\x72\x73\x69\
\x6f\x6e\x3d\x22\x31\x2e\x31\x22\x20\x69\x64\x3d\x22\x4c\x61\x79\
\x65\x72\x5f\x31\x22\x20\x78\x6d\x6c\x6e\x73\x3d\x22\x68\x74\x74\
\x70\x3a\x2f\x2f\x77\x77\x77\x2e\x77\x33\x2e\x6f\x72\x67\x2f\x32\
\x30\x30\x30\x2f\x73\x76\x67\x22\x20\x78\x6d\x6c\x6e\x73\x3a\x78\
\x6c\x69\x6e\x6b\x3d\x22\x68\x74\x74\x70\x3a\x2f\x2f\x77\x77\x77\
\x2e\x77\x33\x2e\x6f\x72\x67\x2f\x31\x39\x39\x39\x2f\x78\x6c\x69\
\x6e\x6b\x22\x20\x0d\x0a\x09\x20\x76\x69\x65\x77\x42\x6f\x78\x3d\
\x22\x30\x20\x30\x20\x35\x31\x32\x20\x35\x31\x32\x22\x20\x65\x6e\
\x61\x62\x6c\x65\x2d\x62\x61\x63\x6b\x67\x72\x6f\x75\x6e\x64\x3d\
\x22\x6e\x65\x77\x20\x30\x20\x30\x20\x35\x31\x32\x20\x35\x31\x32\
\x22\x20\x78\x6d\x6c\x3a\x73\x70\x61\x63\x65\x3d\x22\x70\x72\x65\
\x73\x65\x72\x76\x65\x22\x3e\x0d\x0a\x3c\x70\x61\x74\x68\x20\x64\
\x3d\x22\x4d\x33\x37\x34\x2e\x32\x2c\x31\x38\x39\x2e\x32\x48\x31\
\x35\x37\x2e\x35\x4c\x32\x37\x35\x2e\x37\x2c\x37\x31\x2e\x31\x48\
\x31\x35\x37\x2e\x35\x4c\x30\x2c\x32\x32\x38\x2e\x36\x6c\x31\x35\
\x37\x2e\x35\x2c\x31\x35\x37\x2e\x35\x68\x31\x31\x38\x2e\x32\x4c\
\x31\x35\x37\x2e\x35\x2c\x32\x36\x38\x68\x32\x31\x36\x2e\x36\x63\
\x33\x32\x2e\x36\x2c\x30\x2c\x35\x39\x2e\x31\x2c\x32\x36\x2e\x34\
\x2c\x35\x39\x2e\x31\x2c\x35\x39\x2e\x31\x0d\x0a\x09\x63\x30\x2c\
\x33\x32\x2e\x36\x2d\x32\x36\x2e\x34\x2c\x35\x39\x2e\x31\x2d\x35\
\x39\x2e\x31\x2c\x35\x39\x2e\x31\x76\x37\x38\x2e\x38\x63\x37\x36\
\x2e\x31\x2c\x30\x2c\x31\x33\x37\x2e\x38\x2d\x36\x31\x2e\x37\x2c\
\x31\x33\x37\x2e\x38\x2d\x31\x33\x37\x2e\x38\x43\x35\x31\x32\x2c\
\x32\x35\x30\x2e\x39\x2c\x34\x35\x30\x2e\x33\x2c\x31\x38\x39\x2e\
\x32\x2c\x33\x37\x34\x2e\x32\x2c\x31\x38\x39\x2e\x32\x7a\x22\x2f\
\x3e\x0d\x0a\x3c\x2f\x73\x76\x67\x3e\
\x00\x00\x03\x83\
\x3c\
\x73\x76\x67\x20\x68\x65\x69\x67\x68\x74\x3d\x22\x32\x34\x22\x20\
\x77\x69\x64\x74\x68\x3d\x22\x32\x34\x22\x20\x78\x6d\x6c\x6e\x73\
\x3d\x22\x68\x74\x74\x70\x3a\x2f\x2f\x77\x77\x77\x2e\x77\x33\x2e\
\x6f\x72\x67\x2f\x32\x30\x30\x30\x2f\x73\x76\x67\x22\x3e\x3c\x67\
\x20\x74\x72\x61\x6e\x73\x66\x6f\x72\x6d\x3d\x22\x6d\x61\x74\x72\
\x69\x78\x28\x30\x20\x2d\x31\x20\x31\x20\x30\x20\x2d\x38\x2e\x34\
\x39\x39\x31\x38\x32\x20\x32\x33\x2e\x35\x29\x22\x3e\x3c\x70\x61\
\x74\x68\x20\x64\x3d\x22\x6d\x37\x2e\x35\x30\x30\x30\x30\x30\x31\
\x20\x32\x32\x2e\x35\x63\x30\x20\x32\x20\x32\x20\x32\x20\x32\x20\
\x32\x73\x2d\x37\x20\x37\x2d\x37\x20\x37\x6c\x2d\x32\x2e\x30\x30\
\x30\x30\x30\x30\x30\x31\x2d\x32\x7a\x22\x20\x66\x69\x6c\x6c\x3d\
\x22\x23\x66\x66\x63\x63\x33\x30\x22\x20\x66\x69\x6c\x6c\x2d\x72\
\x75\x6c\x65\x3d\x22\x65\x76\x65\x6e\x6f\x64\x64\x22\x20\x73\x74\
\x72\x6f\x6b\x65\x3d\x22\x23\x35\x30\x35\x30\x35\x30\x22\x20\x73\
\x74\x72\x6f\x6b\x65\x2d\x6c\x69\x6e\x65\x6a\x6f\x69\x6e\x3d\x22\
\x72\x6f\x75\x6e\x64\x22\x2f\x3e\x3c\x70\x61\x74\x68\x20\x64\x3d\
\x22\x6d\x31\x37\x2e\x39\x36\x31\x32\x32\x20\x37\x63\x30\x20\x33\
\x2e\x33\x35\x34\x37\x31\x32\x2d\x32\x2e\x36\x36\x38\x39\x32\x39\
\x20\x36\x2e\x30\x37\x34\x32\x34\x34\x2d\x35\x2e\x39\x36\x31\x32\
\x32\x20\x36\x2e\x30\x37\x34\x32\x34\x34\x73\x2d\x35\x2e\x39\x36\
\x31\x32\x32\x30\x33\x2d\x32\x2e\x37\x31\x39\x35\x33\x32\x2d\x35\
\x2e\x39\x36\x31\x32\x32\x30\x33\x2d\x36\x2e\x30\x37\x34\x32\x34\
\x34\x63\x30\x2d\x33\x2e\x33\x35\x34\x37\x31\x32\x31\x20\x32\x2e\
\x36\x36\x38\x39\x32\x39\x33\x2d\x36\x2e\x30\x37\x34\x32\x34\x33\
\x35\x35\x20\x35\x2e\x39\x36\x31\x32\x32\x30\x33\x2d\x36\x2e\x30\
\x37\x34\x32\x34\x33\x35\x35\x73\x35\x2e\x39\x36\x31\x32\x32\x20\
\x32\x2e\x37\x31\x39\x35\x33\x31\x34\x35\x20\x35\x2e\x39\x36\x31\
\x32\x32\x20\x36\x2e\x30\x37\x34\x32\x34\x33\x35\x35\x7a\x22\x20\
\x73\x74\x79\x6c\x65\x3d\x22\x6f\x70\x61\x63\x69\x74\x79\x3a\x2e\
\x38\x3b\x66\x69\x6c\x6c\x3a\x23\x65\x36\x65\x36\x65\x36\x3b\x73\
\x74\x72\x6f\x6b\x65\x3a\x23\x35\x30\x35\x30\x35\x30\x3b\x73\x74\
\x72\x6f\x6b\x65\x2d\x77\x69\x64\x74\x68\x3a\x2e\x37\x35\x32\x31\
\x38\x33\x3b\x73\x74\x72\x6f\x6b\x65\x2d\x6c\x69\x6e\x65\x63\x61\
\x70\x3a\x72\x6f\x75\x6e\x64\x3b\x73\x74\x72\x6f\x6b\x65\x2d\x6c\
\x69\x6e\x65\x6a\x6f\x69\x6e\x3a\x72\x6f\x75\x6e\x64\x3b\x73\x74\
\x72\x6f\x6b\x65\x2d\x64\x61\x73\x68\x6f\x66\x66\x73\x65\x74\x3a\
\x37\x22\x20\x74\x72\x61\x6e\x73\x66\x6f\x72\x6d\x3d\x22\x6d\x61\
\x74\x72\x69\x78\x28\x31\x2e\x33\x34\x32\x30\x30\x37\x31\x20\x30\
\x20\x30\x20\x31\x2e\x33\x31\x37\x30\x33\x36\x35\x20\x2d\x31\x2e\
\x36\x30\x34\x30\x38\x35\x20\x38\x2e\x32\x37\x39\x31\x30\x39\x29\
\x22\x2f\x3e\x3c\x70\x61\x74\x68\x20\x64\x3d\x22\x6d\x31\x30\x20\
\x31\x33\x63\x32\x2d\x33\x20\x34\x2e\x34\x34\x32\x32\x34\x38\x2d\
\x33\x2e\x33\x39\x38\x30\x35\x35\x20\x36\x2d\x32\x73\x2d\x32\x20\
\x31\x2d\x34\x20\x33\x20\x30\x20\x36\x2d\x32\x20\x36\x63\x2d\x31\
\x2e\x39\x39\x39\x39\x39\x39\x39\x20\x30\x2d\x31\x2e\x39\x39\x39\
\x39\x39\x39\x39\x2d\x34\x20\x30\x2d\x37\x7a\x22\x20\x66\x69\x6c\
\x6c\x3d\x22\x23\x66\x63\x66\x66\x66\x66\x22\x20\x66\x69\x6c\x6c\
\x2d\x72\x75\x6c\x65\x3d\x22\x65\x76\x65\x6e\x6f\x64\x64\x22\x20\
\x6f\x70\x61\x63\x69\x74\x79\x3d\x22\x2e\x37\x22\x2f\x3e\x3c\x70\
\x61\x74\x68\x20\x64\x3d\x22\x6d\x32\x2e\x30\x30\x30\x30\x30\x30\
\x31\x20\x32\x39\x20\x34\x2d\x34\x22\x20\x6f\x70\x61\x63\x69\x74\
\x79\x3d\x22\x2e\x35\x22\x20\x73\x74\x72\x6f\x6b\x65\x3d\x22\x23\
\x66\x63\x66\x66\x66\x66\x22\x20\x73\x74\x72\x6f\x6b\x65\x2d\x6c\
\x69\x6e\x65\x63\x61\x70\x3d\x22\x72\x6f\x75\x6e\x64\x22\x20\x73\
\x74\x72\x6f\x6b\x65\x2d\x6c\x69\x6e\x65\x6a\x6f\x69\x6e\x3d\x22\
\x72\x6f\x75\x6e\x64\x22\x2f\x3e\x3c\x2f\x67\x3e\x3c\x2f\x73\x76\
\x67\x3e\
\x00\x00\x05\xfa\
\x3c\
\x3f\x78\x6d\x6c\x20\x76\x65\x72\x73\x69\x6f\x6e\x3d\x22\x31\x2e\
\x30\x22\x20\x65\x6e\x63\x6f\x64\x69\x6e\x67\x3d\x22\x55\x54\x46\
\x2d\x38\x22\x20\x73\x74\x61\x6e\x64\x61\x6c\x6f\x6e\x65\x3d\x22\
\x6e\x6f\x22\x3f\x3e\x0a\x3c\x73\x76\x67\x0a\x20\x20\x20\x68\x65\
\x69\x67\x68\x74\x3d\x22\x32\x34\x22\x0a\x20\x20\x20\x76\x69\x65\
\x77\x42\x6f\x78\x3d\x22\x30\x20\x30\x20\x32\x34\x20\x32\x34\x22\
\x0a\x20\x20\x20\x77\x69\x64\x74\x68\x3d\x22\x32\x34\x22\x0a\x20\
\x20\x20\x76\x65\x72\x73\x69\x6f\x6e\x3d\x22\x31\x2e\x31\x22\x0a\
\x20\x20\x20\x69\x64\x3d\x22\x73\x76\x67\x33\x36\x22\x0a\x20\x20\
\x20\x73\x6f\x64\x69\x70\x6f\x64\x69\x3a\x64\x6f\x63\x6e\x61\x6d\
\x65\x3d\x22\x73\x68\x6f\x77\x5f\x72\x65\x66\x65\x72\x65\x6e\x63\
\x65\x5f\x64\x69\x66\x66\x65\x72\x65\x6e\x63\x65\x2e\x73\x76\x67\
\x22\x0a\x20\x20\x20\x69\x6e\x6b\x73\x63\x61\x70\x65\x3a\x76\x65\
\x72\x73\x69\x6f\x6e\x3d\x22\x31\x2e\x32\x2e\x32\x20\x28\x62\x30\
\x61\x38\x34\x38\x36\x35\x34\x31\x2c\x20\x32\x30\x32\x32\x2d\x31\
\x32\x2d\x30\x31\x29\x22\x0a\x20\x20\x20\x78\x6d\x6c\x6e\x73\x3a\
\x69\x6e\x6b\x73\x63\x61\x70\x65\x3d\x22\x68\x74\x74\x70\x3a\x2f\
\x2f\x77\x77\x77\x2e\x69\x6e\x6b\x73\x63\x61\x70\x65\x2e\x6f\x72\
\x67\x2f\x6e\x61\x6d\x65\x73\x70\x61\x63\x65\x73\x2f\x69\x6e\x6b\
\x73\x63\x61\x70\x65\x22\x0a\x20\x20\x20\x78\x6d\x6c\x6e\x73\x3a\
\x73\x6f\x64\x69\x70\x6f\x64\x69\x3d\x22\x68\x74\x74\x70\x3a\x2f\
\x2f\x73\x6f\x64\x69\x70\x6f\x64\x69\x2e\x73\x6f\x75\x72\x63\x65\
\x66\x6f\x72\x67\x65\x2e\x6e\x65\x74\x2f\x44\x54\x44\x2f\x73\x6f\
\x64\x69\x70\x6f\x64\x69\x2d\x30\x2e\x64\x74\x64\x22\x0a\x20\x20\
\x20\x78\x6d\x6c\x6e\x73\x3d\x22\x68\x74\x74\x70\x3a\x2f\x2f\x77\
\x77\x77\x2e\x77\x33\x2e\x6f\x72\x67\x2f\x32\x30\x30\x30\x2f\x73\
\x76\x67\x22\x0a\x20\x20\x20\x78\x6d\x6c\x6e\x73\x3a\x73\x76\x67\
\x3d\x22\x68\x74\x74\x70\x3a\x2f\x2f\x77\x77\x77\x2e\x77\x33\x2e\
\x6f\x72\x67\x2f\x32\x30\x30\x30\x2f\x73\x76\x67\x22\x3e\x0a\x20\
\x20\x3c\x64\x65\x66\x73\x0a\x20\x20\x20\x20\x20\x69\x64\x3d\x22\
\x64\x65\x66\x73\x34\x30\x22\x20\x2f\x3e\x0a\x20\x20\x3c\x73\x6f\
\x64\x69\x70\x6f\x64\x69\x3a\x6e\x61\x6d\x65\x64\x76\x69\x65\x77\
\x0a\x20\x20\x20\x20\x20\x69\x64\x3d\x22\x6e\x61\x6d\x65\x64\x76\
\x69\x65\x77\x33\x38\x22\x0a\x20\x20\x20\x20\x20\x70\x61\x67\x65\
\x63\x6f\x6c\x6f\x72\x3d\x22\x23\x66\x66\x66\x66\x66\x66\x22\x0a\
\x20\x20\x20\x20\x20\x62\x6f\x72\x64\x65\x72\x63\x6f\x6c\x6f\x72\
\x3d\x22\x23\x30\x30\x30\x30\x30\x30\x22\x0a\x20\x20\x20\x20\x20\
\x62\x6f\x72\x64\x65\x72\x6f\x70\x61\x63\x69\x74\x79\x3d\x22\x30\
\x2e\x32\x35\x22\x0a\x20\x20\x20\x20\x20\x69\x6e\x6b\x73\x63\x61\
\x70\x65\x3a\x73\x68\x6f\x77\x70\x61\x67\x65\x73\x68\x61\x64\x6f\
\x77\x3d\x22\x32\x22\x0a\x20\x20\x20\x20\x20\x69\x6e\x6b\x73\x63\
\x61\x70\x65\x3a\x70\x61\x67\x65\x6f\x70\x61\x63\x69\x74\x79\x3d\
\x22\x30\x2e\x30\x22\x0a\x20\x20\x20\x20\x20\x69\x6e\x6b\x73\x63\
\x61\x70\x65\x3a\x70\x61\x67\x65\x63\x68\x65\x63\x6b\x65\x72\x62\
\x6f\x61\x72\x64\x3d\x22\x30\x22\x0a\x20\x20\x20\x20\x20\x69\x6e\
\x6b\x73\x63\x61\x70\x65\x3a\x64\x65\x73\x6b\x63\x6f\x6c\x6f\x72\
\x3d\x22\x23\x64\x31\x64\x31\x64\x31\x22\x0a\x20\x20\x20\x20\x20\
\x73\x68\x6f\x77\x67\x72\x69\x64\x3d\x22\x66\x61\x6c\x73\x65\x22\
\x0a\x20\x20\x20\x20\x20\x69\x6e\x6b\x73\x63\x61\x70\x65\x3a\x7a\
\x6f\x6f\x6d\x3d\x22\x31\x37\x2e\x34\x33\x37\x35\x22\x0a\x20\x20\
\x20\x20\x20\x69\x6e\x6b\x73\x63\x61\x70\x65\x3a\x63\x78\x3d\x22\
\x34\x2e\x34\x34\x34\x34\x34\x34\x34\x22\x0a\x20\x20\x20\x20\x20\
\x69\x6e\x6b\x73\x63\x61\x70\x65\x3a\x63\x79\x3d\x22\x38\x2e\x36\
\x30\x32\x31\x35\x30\x35\x22\x0a\x20\x20\x20\x20\x20\x69\x6e\x6b\
\x73\x63\x61\x70\x65\x3a\x77\x69\x6e\x64\x6f\x77\x2d\x77\x69\x64\
\x74\x68\x3d\x22\x31\x39\x32\x30\x22\x0a\x20\x20\x20\x20\x20\x69\
\x6e\x6b\x73\x63\x61\x70\x65\x3a\x77\x69\x6e\x64\x6f\x77\x2d\x68\
\x65\x69\x67\x68\x74\x3d\x22\x31\x30\x34\x38\x22\x0a\x20\x20\x20\
\x20\x20\x69\x6e\x6b\x73\x63\x61\x70\x65\x3a\x77\x69\x6e\x64\x6f\
\x77\x2d\x78\x3d\x22\x33\x38\x34\x30\x22\x0a\x20\x20\x20\x20\x20\
\x69\x6e\x6b\x73\x63\x61\x70\x65\x3a\x77\x69\x6e\x64\x6f\x77\x2d\
\x79\x3d\x22\x30\x22\x0a\x20\x20\x20\x20\x20\x69\x6e\x6b\x73\x63\
\x61\x70\x65\x3a\x77\x69\x6e\x64\x6f\x77\x2d\x6d\x61\x78\x69\x6d\
\x69\x7a\x65\x64\x3d\x22\x31\x22\x0a\x20\x20\x20\x20\x20\x69\x6e\
\x6b\x73\x63\x61\x70\x65\x3a\x63\x75\x72\x72\x65\x6e\x74\x2d\x6c\
\x61\x79\x65\x72\x3d\x22\x73\x76\x67\x33\x36\x22\x20\x2f\x3e\x0a\
\x20\x20\x3c\x70\x61\x74\x68\x0a\x20\x20\x20\x20\x20\x64\x3d\x22\
\x4d\x20\x32\x2e\x38\x36\x32\x38\x38\x35\x36\x2c\x31\x2e\x36\x39\
\x35\x31\x35\x38\x36\x20\x39\x2e\x31\x39\x31\x31\x33\x32\x36\x2c\
\x31\x32\x2e\x39\x36\x39\x33\x36\x37\x20\x31\x35\x2e\x30\x33\x32\
\x35\x39\x2c\x33\x2e\x39\x34\x39\x39\x39\x39\x38\x20\x68\x20\x35\
\x2e\x38\x34\x31\x34\x35\x38\x22\x0a\x20\x20\x20\x20\x20\x66\x69\
\x6c\x6c\x3d\x22\x6e\x6f\x6e\x65\x22\x0a\x20\x20\x20\x20\x20\x73\
\x74\x72\x6f\x6b\x65\x3d\x22\x23\x66\x66\x30\x30\x30\x30\x22\x0a\
\x20\x20\x20\x20\x20\x73\x74\x72\x6f\x6b\x65\x2d\x6c\x69\x6e\x65\
\x63\x61\x70\x3d\x22\x72\x6f\x75\x6e\x64\x22\x0a\x20\x20\x20\x20\
\x20\x73\x74\x72\x6f\x6b\x65\x2d\x6c\x69\x6e\x65\x6a\x6f\x69\x6e\
\x3d\x22\x72\x6f\x75\x6e\x64\x22\x0a\x20\x20\x20\x20\x20\x73\x74\
\x72\x6f\x6b\x65\x2d\x77\x69\x64\x74\x68\x3d\x22\x31\x2e\x38\x37\
\x34\x31\x34\x22\x0a\x20\x20\x20\x20\x20\x69\x64\x3d\x22\x70\x61\
\x74\x68\x32\x22\x20\x2f\x3e\x0a\x20\x20\x3c\x70\x61\x74\x68\x0a\
\x20\x20\x20\x20\x20\x64\x3d\x22\x6d\x20\x31\x2e\x38\x39\x35\x34\
\x39\x37\x36\x2c\x31\x30\x2e\x35\x37\x39\x36\x36\x32\x20\x36\x2e\
\x33\x32\x38\x32\x34\x35\x36\x2c\x31\x31\x2e\x32\x37\x34\x32\x30\
\x39\x20\x35\x2e\x38\x34\x31\x34\x35\x38\x38\x2c\x2d\x39\x2e\x30\
\x31\x39\x33\x36\x37\x20\x68\x20\x35\x2e\x38\x34\x31\x34\x35\x39\
\x22\x0a\x20\x20\x20\x20\x20\x66\x69\x6c\x6c\x3d\x22\x6e\x6f\x6e\
\x65\x22\x0a\x20\x20\x20\x20\x20\x73\x74\x72\x6f\x6b\x65\x3d\x22\
\x23\x30\x30\x30\x30\x66\x66\x22\x0a\x20\x20\x20\x20\x20\x73\x74\
\x72\x6f\x6b\x65\x2d\x6c\x69\x6e\x65\x63\x61\x70\x3d\x22\x72\x6f\
\x75\x6e\x64\x22\x0a\x20\x20\x20\x20\x20\x73\x74\x72\x6f\x6b\x65\
\x2d\x6c\x69\x6e\x65\x6a\x6f\x69\x6e\x3d\x22\x72\x6f\x75\x6e\x64\
\x22\x0a\x20\x20\x20\x20\x20\x73\x74\x72\x6f\x6b\x65\x2d\x77\x69\
\x64\x74\x68\x3d\x22\x31\x2e\x38\x37\x34\x31\x34\x22\x0a\x20\x20\
\x20\x20\x20\x69\x64\x3d\x22\x70\x61\x74\x68\x32\x34\x22\x20\x2f\
\x3e\x0a\x3c\x2f\x73\x76\x67\x3e\x0a\
\x00\x00\x02\x49\
\x3c\
\x73\x76\x67\x20\x68\x65\x69\x67\x68\x74\x3d\x22\x31\x36\x22\x20\
\x76\x69\x65\x77\x42\x6f\x78\x3d\x22\x30\x20\x30\x20\x34\x2e\x32\
\x33\x33\x20\x34\x2e\x32\x33\x33\x22\x20\x77\x69\x64\x74\x68\x3d\
\x22\x31\x36\x22\x20\x78\x6d\x6c\x6e\x73\x3d\x22\x68\x74\x74\x70\
\x3a\x2f\x2f\x77\x77\x77\x2e\x77\x33\x2e\x6f\x72\x67\x2f\x32\x30\
\x30\x30\x2f\x73\x76\x67\x22\x3e\x3c\x67\x20\x66\x69\x6c\x6c\x2d\
\x72\x75\x6c\x65\x3d\x22\x65\x76\x65\x6e\x6f\x64\x64\x22\x3e\x3c\
\x67\x3e\x3c\x70\x61\x74\x68\x20\x64\x3d\x22\x6d\x31\x2e\x34\x35\
\x35\x20\x32\x2e\x31\x31\x37\x20\x32\x2e\x33\x38\x31\x2d\x31\x2e\
\x37\x32\x76\x33\x2e\x34\x34\x7a\x22\x20\x66\x69\x6c\x6c\x3d\x22\
\x23\x36\x64\x39\x37\x63\x34\x22\x20\x73\x74\x72\x6f\x6b\x65\x3d\
\x22\x23\x34\x31\x35\x61\x37\x35\x22\x20\x73\x74\x72\x6f\x6b\x65\
\x2d\x6c\x69\x6e\x65\x63\x61\x70\x3d\x22\x72\x6f\x75\x6e\x64\x22\
\x20\x73\x74\x72\x6f\x6b\x65\x2d\x6c\x69\x6e\x65\x6a\x6f\x69\x6e\
\x3d\x22\x72\x6f\x75\x6e\x64\x22\x20\x73\x74\x72\x6f\x6b\x65\x2d\
\x77\x69\x64\x74\x68\x3d\x22\x2e\x32\x36\x35\x22\x2f\x3e\x3c\x70\
\x61\x74\x68\x20\x64\x3d\x22\x6d\x31\x2e\x36\x38\x20\x32\x2e\x31\
\x31\x39\x20\x32\x2e\x30\x32\x34\x2d\x31\x2e\x34\x36\x76\x2e\x32\
\x33\x39\x6c\x2d\x31\x2e\x38\x35\x32\x20\x31\x2e\x33\x34\x35\x7a\
\x22\x20\x66\x69\x6c\x6c\x3d\x22\x23\x66\x66\x66\x22\x20\x66\x69\
\x6c\x6c\x2d\x6f\x70\x61\x63\x69\x74\x79\x3d\x22\x2e\x35\x32\x39\
\x22\x2f\x3e\x3c\x2f\x67\x3e\x3c\x67\x3e\x3c\x70\x61\x74\x68\x20\
\x64\x3d\x22\x6d\x2e\x33\x39\x37\x20\x32\x2e\x31\x31\x37\x20\x32\
\x2e\x33\x38\x31\x2d\x31\x2e\x37\x32\x76\x33\x2e\x34\x34\x7a\x22\
\x20\x66\x69\x6c\x6c\x3d\x22\x23\x36\x64\x39\x37\x63\x34\x22\x20\
\x73\x74\x72\x6f\x6b\x65\x3d\x22\x23\x34\x31\x35\x61\x37\x35\x22\
\x20\x73\x74\x72\x6f\x6b\x65\x2d\x6c\x69\x6e\x65\x63\x61\x70\x3d\
\x22\x72\x6f\x75\x6e\x64\x22\x20\x73\x74\x72\x6f\x6b\x65\x2d\x6c\
\x69\x6e\x65\x6a\x6f\x69\x6e\x3d\x22\x72\x6f\x75\x6e\x64\x22\x20\
\x73\x74\x72\x6f\x6b\x65\x2d\x77\x69\x64\x74\x68\x3d\x22\x2e\x32\
\x36\x35\x22\x2f\x3e\x3c\x70\x61\x74\x68\x20\x64\x3d\x22\x6d\x2e\
\x36\x32\x32\x20\x32\x2e\x31\x31\x39\x20\x32\x2e\x30\x32\x34\x2d\
\x31\x2e\x34\x36\x76\x2e\x32\x33\x39\x6c\x2d\x31\x2e\x38\x35\x32\
\x20\x31\x2e\x33\x34\x35\x7a\x22\x20\x66\x69\x6c\x6c\x3d\x22\x23\
\x66\x66\x66\x22\x20\x66\x69\x6c\x6c\x2d\x6f\x70\x61\x63\x69\x74\
\x79\x3d\x22\x2e\x35\x32\x39\x22\x2f\x3e\x3c\x2f\x67\x3e\x3c\x2f\
\x67\x3e\x3c\x2f\x73\x76\x67\x3e\
\x00\x00\x02\x01\
\x3c\
\x73\x76\x67\x20\x68\x65\x69\x67\x68\x74\x3d\x22\x32\x34\x22\x20\
\x77\x69\x64\x74\x68\x3d\x22\x32\x34\x22\x20\x78\x6d\x6c\x6e\x73\
\x3d\x22\x68\x74\x74\x70\x3a\x2f\x2f\x77\x77\x77\x2e\x77\x33\x2e\
\x6f\x72\x67\x2f\x32\x30\x30\x30\x2f\x73\x76\x67\x22\x3e\x3c\x67\
\x20\x73\x74\x72\x6f\x6b\x65\x3d\x22\x23\x36\x65\x39\x37\x63\x34\
\x22\x20\x74\x72\x61\x6e\x73\x66\x6f\x72\x6d\x3d\x22\x74\x72\x61\
\x6e\x73\x6c\x61\x74\x65\x28\x30\x20\x2d\x38\x29\x22\x3e\x3c\x70\
\x61\x74\x68\x20\x64\x3d\x22\x6d\x32\x2e\x35\x20\x31\x35\x2e\x35\
\x68\x31\x39\x76\x31\x34\x68\x2d\x31\x39\x7a\x22\x20\x66\x69\x6c\
\x6c\x3d\x22\x23\x65\x36\x65\x36\x65\x36\x22\x2f\x3e\x3c\x70\x61\
\x74\x68\x20\x64\x3d\x22\x6d\x32\x2e\x35\x20\x31\x30\x2e\x35\x68\
\x31\x39\x76\x35\x68\x2d\x31\x39\x7a\x22\x20\x66\x69\x6c\x6c\x3d\
\x22\x23\x62\x61\x64\x39\x65\x63\x22\x2f\x3e\x3c\x67\x20\x66\x69\
\x6c\x6c\x3d\x22\x6e\x6f\x6e\x65\x22\x3e\x3c\x70\x61\x74\x68\x20\
\x64\x3d\x22\x6d\x35\x20\x31\x33\x68\x34\x22\x20\x73\x74\x72\x6f\
\x6b\x65\x2d\x77\x69\x64\x74\x68\x3d\x22\x32\x22\x2f\x3e\x3c\x70\
\x61\x74\x68\x20\x64\x3d\x22\x6d\x31\x31\x20\x31\x33\x68\x37\x2e\
\x39\x39\x39\x39\x39\x39\x22\x20\x73\x74\x72\x6f\x6b\x65\x2d\x77\
\x69\x64\x74\x68\x3d\x22\x32\x22\x2f\x3e\x3c\x70\x61\x74\x68\x20\
\x64\x3d\x22\x6d\x35\x20\x31\x37\x2e\x35\x68\x34\x22\x2f\x3e\x3c\
\x70\x61\x74\x68\x20\x64\x3d\x22\x6d\x31\x31\x20\x31\x37\x2e\x35\
\x68\x37\x2e\x39\x39\x39\x39\x39\x39\x22\x2f\x3e\x3c\x70\x61\x74\
\x68\x20\x64\x3d\x22\x6d\x35\x20\x32\x30\x2e\x35\x68\x34\x22\x2f\
\x3e\x3c\x70\x61\x74\x68\x20\x64\x3d\x22\x6d\x31\x31\x20\x32\x30\
\x2e\x35\x68\x37\x2e\x39\x39\x39\x39\x39\x39\x22\x2f\x3e\x3c\x70\
\x61\x74\x68\x20\x64\x3d\x22\x6d\x35\x20\x32\x33\x2e\x35\x68\x34\
\x22\x2f\x3e\x3c\x70\x61\x74\x68\x20\x64\x3d\x22\x6d\x31\x31\x20\
\x32\x33\x2e\x35\x68\x37\x2e\x39\x39\x39\x39\x39\x39\x22\x2f\x3e\
\x3c\x70\x61\x74\x68\x20\x64\x3d\x22\x6d\x35\x20\x32\x36\x2e\x35\
\x68\x34\x22\x2f\x3e\x3c\x70\x61\x74\x68\x20\x64\x3d\x22\x6d\x31\
\x31\x20\x32\x36\x2e\x35\x68\x37\x2e\x39\x39\x39\x39\x39\x39\x22\
\x2f\x3e\x3c\x2f\x67\x3e\x3c\x2f\x67\x3e\x3c\x2f\x73\x76\x67\x3e\
\
\x00\x00\x02\x01\
\x3c\
\x73\x76\x67\x20\x68\x65\x69\x67\x68\x74\x3d\x22\x32\x34\x22\x20\
\x77\x69\x64\x74\x68\x3d\x22\x32\x34\x22\x20\x78\x6d\x6c\x6e\x73\
\x3d\x22\x68\x74\x74\x70\x3a\x2f\x2f\x77\x77\x77\x2e\x77\x33\x2e\
\x6f\x72\x67\x2f\x32\x30\x30\x30\x2f\x73\x76\x67\x22\x3e\x3c\x67\
\x20\x73\x74\x72\x6f\x6b\x65\x3d\x22\x23\x36\x65\x39\x37\x63\x34\
\x22\x20\x74\x72\x61\x6e\x73\x66\x6f\x72\x6d\x3d\x22\x74\x72\x61\
\x6e\x73\x6c\x61\x74\x65\x28\x30\x20\x2d\x38\x29\x22\x3e\x3c\x70\
\x61\x74\x68\x20\x64\x3d\x22\x6d\x32\x2e\x35\x20\x31\x35\x2e\x35\
\x68\x31\x39\x76\x31\x34\x68\x2d\x31\x39\x7a\x22\x20\x66\x69\x6c\
\x6c\x3d\x22\x23\x65\x36\x65\x36\x65\x36\x22\x2f\x3e\x3c\x70\x61\
\x74\x68\x20\x64\x3d\x22\x6d\x32\x2e\x35\x20\x31\x30\x2e\x35\x68\
\x31\x39\x76\x35\x68\x2d\x31\x39\x7a\x22\x20\x66\x69\x6c\x6c\x3d\
\x22\x23\x62\x61\x64\x39\x65\x63\x22\x2f\x3e\x3c\x67\x20\x66\x69\
\x6c\x6c\x3d\x22\x6e\x6f\x6e\x65\x22\x3e\x3c\x70\x61\x74\x68\x20\
\x64\x3d\x22\x6d\x35\x20\x31\x33\x68\x34\x22\x20\x73\x74\x72\x6f\
\x6b\x65\x2d\x77\x69\x64\x74\x68\x3d\x22\x32\x22\x2f\x3e\x3c\x70\
\x61\x74\x68\x20\x64\x3d\x22\x6d\x31\x31\x20\x31\x33\x68\x37\x2e\
\x39\x39\x39\x39\x39\x39\x22\x20\x73\x74\x72\x6f\x6b\x65\x2d\x77\
\x69\x64\x74\x68\x3d\x22\x32\x22\x2f\x3e\x3c\x70\x61\x74\x68\x20\
\x64\x3d\x22\x6d\x35\x20\x31\x37\x2e\x35\x68\x34\x22\x2f\x3e\x3c\
\x70\x61\x74\x68\x20\x64\x3d\x22\x6d\x31\x31\x20\x31\x37\x2e\x35\
\x68\x37\x2e\x39\x39\x39\x39\x39\x39\x22\x2f\x3e\x3c\x70\x61\x74\
\x68\x20\x64\x3d\x22\x6d\x35\x20\x32\x30\x2e\x35\x68\x34\x22\x2f\
\x3e\x3c\x70\x61\x74\x68\x20\x64\x3d\x22\x6d\x31\x31\x20\x32\x30\
\x2e\x35\x68\x37\x2e\x39\x39\x39\x39\x39\x39\x22\x2f\x3e\x3c\x70\
\x61\x74\x68\x20\x64\x3d\x22\x6d\x35\x20\x32\x33\x2e\x35\x68\x34\
\x22\x2f\x3e\x3c\x70\x61\x74\x68\x20\x64\x3d\x22\x6d\x31\x31\x20\
\x32\x33\x2e\x35\x68\x37\x2e\x39\x39\x39\x39\x39\x39\x22\x2f\x3e\
\x3c\x70\x61\x74\x68\x20\x64\x3d\x22\x6d\x35\x20\x32\x36\x2e\x35\
\x68\x34\x22\x2f\x3e\x3c\x70\x61\x74\x68\x20\x64\x3d\x22\x6d\x31\
\x31\x20\x32\x36\x2e\x35\x68\x37\x2e\x39\x39\x39\x39\x39\x39\x22\
\x2f\x3e\x3c\x2f\x67\x3e\x3c\x2f\x67\x3e\x3c\x2f\x73\x76\x67\x3e\
\
\x00\x00\x08\x92\
\x3c\
\x3f\x78\x6d\x6c\x20\x76\x65\x72\x73\x69\x6f\x6e\x3d\x22\x31\x2e\
\x30\x22\x20\x65\x6e\x63\x6f\x64\x69\x6e\x67\x3d\x22\x55\x54\x46\
\x2d\x38\x22\x20\x73\x74\x61\x6e\x64\x61\x6c\x6f\x6e\x65\x3d\x22\
\x6e\x6f\x22\x3f\x3e\x0a\x3c\x73\x76\x67\x0a\x20\x20\x20\x68\x65\
\x69\x67\x68\x74\x3d\x22\x31\x36\x22\x0a\x20\x20\x20\x76\x69\x65\
\x77\x42\x6f\x78\x3d\x22\x30\x20\x30\x20\x34\x2e\x32\x33\x33\x20\
\x34\x2e\x32\x33\x33\x22\x0a\x20\x20\x20\x77\x69\x64\x74\x68\x3d\
\x22\x31\x36\x22\x0a\x20\x20\x20\x76\x65\x72\x73\x69\x6f\x6e\x3d\
\x22\x31\x2e\x31\x22\x0a\x20\x20\x20\x69\x64\x3d\x22\x73\x76\x67\
\x31\x36\x22\x0a\x20\x20\x20\x73\x6f\x64\x69\x70\x6f\x64\x69\x3a\
\x64\x6f\x63\x6e\x61\x6d\x65\x3d\x22\x6d\x41\x63\x74\x69\x6f\x6e\
\x54\x72\x69\x70\x70\x6c\x65\x41\x72\x72\x6f\x77\x4c\x65\x66\x74\
\x2e\x73\x76\x67\x22\x0a\x20\x20\x20\x69\x6e\x6b\x73\x63\x61\x70\
\x65\x3a\x76\x65\x72\x73\x69\x6f\x6e\x3d\x22\x31\x2e\x31\x2e\x32\
\x20\x28\x30\x61\x30\x30\x63\x66\x35\x33\x33\x39\x2c\x20\x32\x30\
\x32\x32\x2d\x30\x32\x2d\x30\x34\x29\x22\x0a\x20\x20\x20\x78\x6d\
\x6c\x6e\x73\x3a\x69\x6e\x6b\x73\x63\x61\x70\x65\x3d\x22\x68\x74\
\x74\x70\x3a\x2f\x2f\x77\x77\x77\x2e\x69\x6e\x6b\x73\x63\x61\x70\
\x65\x2e\x6f\x72\x67\x2f\x6e\x61\x6d\x65\x73\x70\x61\x63\x65\x73\
\x2f\x69\x6e\x6b\x73\x63\x61\x70\x65\x22\x0a\x20\x20\x20\x78\x6d\
\x6c\x6e\x73\x3a\x73\x6f\x64\x69\x70\x6f\x64\x69\x3d\x22\x68\x74\
\x74\x70\x3a\x2f\x2f\x73\x6f\x64\x69\x70\x6f\x64\x69\x2e\x73\x6f\
\x75\x72\x63\x65\x66\x6f\x72\x67\x65\x2e\x6e\x65\x74\x2f\x44\x54\
\x44\x2f\x73\x6f\x64\x69\x70\x6f\x64\x69\x2d\x30\x2e\x64\x74\x64\
\x22\x0a\x20\x20\x20\x78\x6d\x6c\x6e\x73\x3d\x22\x68\x74\x74\x70\
\x3a\x2f\x2f\x77\x77\x77\x2e\x77\x33\x2e\x6f\x72\x67\x2f\x32\x30\
\x30\x30\x2f\x73\x76\x67\x22\x0a\x20\x20\x20\x78\x6d\x6c\x6e\x73\
\x3a\x73\x76\x67\x3d\x22\x68\x74\x74\x70\x3a\x2f\x2f\x77\x77\x77\
\x2e\x77\x33\x2e\x6f\x72\x67\x2f\x32\x30\x30\x30\x2f\x73\x76\x67\
\x22\x3e\x0a\x20\x20\x3c\x64\x65\x66\x73\x0a\x20\x20\x20\x20\x20\
\x69\x64\x3d\x22\x64\x65\x66\x73\x32\x30\x22\x20\x2f\x3e\x0a\x20\
\x20\x3c\x73\x6f\x64\x69\x70\x6f\x64\x69\x3a\x6e\x61\x6d\x65\x64\
\x76\x69\x65\x77\x0a\x20\x20\x20\x20\x20\x69\x64\x3d\x22\x6e\x61\
\x6d\x65\x64\x76\x69\x65\x77\x31\x38\x22\x0a\x20\x20\x20\x20\x20\
\x70\x61\x67\x65\x63\x6f\x6c\x6f\x72\x3d\x22\x23\x66\x66\x66\x66\
\x66\x66\x22\x0a\x20\x20\x20\x20\x20\x62\x6f\x72\x64\x65\x72\x63\
\x6f\x6c\x6f\x72\x3d\x22\x23\x36\x36\x36\x36\x36\x36\x22\x0a\x20\
\x20\x20\x20\x20\x62\x6f\x72\x64\x65\x72\x6f\x70\x61\x63\x69\x74\
\x79\x3d\x22\x31\x2e\x30\x22\x0a\x20\x20\x20\x20\x20\x69\x6e\x6b\
\x73\x63\x61\x70\x65\x3a\x70\x61\x67\x65\x73\x68\x61\x64\x6f\x77\
\x3d\x22\x32\x22\x0a\x20\x20\x20\x20\x20\x69\x6e\x6b\x73\x63\x61\
\x70\x65\x3a\x70\x61\x67\x65\x6f\x70\x61\x63\x69\x74\x79\x3d\x22\
\x30\x2e\x30\x22\x0a\x20\x20\x20\x20\x20\x69\x6e\x6b\x73\x63\x61\
\x70\x65\x3a\x70\x61\x67\x65\x63\x68\x65\x63\x6b\x65\x72\x62\x6f\
\x61\x72\x64\x3d\x22\x30\x22\x0a\x20\x20\x20\x20\x20\x73\x68\x6f\
\x77\x67\x72\x69\x64\x3d\x22\x66\x61\x6c\x73\x65\x22\x0a\x20\x20\
\x20\x20\x20\x69\x6e\x6b\x73\x63\x61\x70\x65\x3a\x7a\x6f\x6f\x6d\
\x3d\x22\x32\x35\x2e\x39\x33\x37\x35\x22\x0a\x20\x20\x20\x20\x20\
\x69\x6e\x6b\x73\x63\x61\x70\x65\x3a\x63\x78\x3d\x22\x31\x33\x2e\
\x33\x39\x37\x35\x39\x22\x0a\x20\x20\x20\x20\x20\x69\x6e\x6b\x73\
\x63\x61\x70\x65\x3a\x63\x79\x3d\x22\x36\x2e\x35\x31\x35\x36\x36\
\x32\x36\x22\x0a\x20\x20\x20\x20\x20\x69\x6e\x6b\x73\x63\x61\x70\
\x65\x3a\x77\x69\x6e\x64\x6f\x77\x2d\x77\x69\x64\x74\x68\x3d\x22\
\x31\x39\x32\x30\x22\x0a\x20\x20\x20\x20\x20\x69\x6e\x6b\x73\x63\
\x61\x70\x65\x3a\x77\x69\x6e\x64\x6f\x77\x2d\x68\x65\x69\x67\x68\
\x74\x3d\x22\x31\x30\x35\x32\x22\x0a\x20\x20\x20\x20\x20\x69\x6e\
\x6b\x73\x63\x61\x70\x65\x3a\x77\x69\x6e\x64\x6f\x77\x2d\x78\x3d\
\x22\x31\x39\x32\x30\x22\x0a\x20\x20\x20\x20\x20\x69\x6e\x6b\x73\
\x63\x61\x70\x65\x3a\x77\x69\x6e\x64\x6f\x77\x2d\x79\x3d\x22\x30\
\x22\x0a\x20\x20\x20\x20\x20\x69\x6e\x6b\x73\x63\x61\x70\x65\x3a\
\x77\x69\x6e\x64\x6f\x77\x2d\x6d\x61\x78\x69\x6d\x69\x7a\x65\x64\
\x3d\x22\x31\x22\x0a\x20\x20\x20\x20\x20\x69\x6e\x6b\x73\x63\x61\
\x70\x65\x3a\x63\x75\x72\x72\x65\x6e\x74\x2d\x6c\x61\x79\x65\x72\
\x3d\x22\x73\x76\x67\x31\x36\x22\x20\x2f\x3e\x0a\x20\x20\x3c\x67\
\x0a\x20\x20\x20\x20\x20\x69\x64\x3d\x22\x67\x31\x31\x30\x34\x30\
\x22\x3e\x0a\x20\x20\x20\x20\x3c\x70\x61\x74\x68\x0a\x20\x20\x20\
\x20\x20\x20\x20\x64\x3d\x22\x6d\x20\x31\x2e\x34\x35\x35\x2c\x32\
\x2e\x31\x31\x37\x20\x32\x2e\x33\x38\x31\x2c\x2d\x31\x2e\x37\x32\
\x20\x76\x20\x33\x2e\x34\x34\x20\x7a\x22\x0a\x20\x20\x20\x20\x20\
\x20\x20\x66\x69\x6c\x6c\x3d\x22\x23\x36\x64\x39\x37\x63\x34\x22\
\x0a\x20\x20\x20\x20\x20\x20\x20\x73\x74\x72\x6f\x6b\x65\x3d\x22\
\x23\x34\x31\x35\x61\x37\x35\x22\x0a\x20\x20\x20\x20\x20\x20\x20\
\x73\x74\x72\x6f\x6b\x65\x2d\x6c\x69\x6e\x65\x63\x61\x70\x3d\x22\
\x72\x6f\x75\x6e\x64\x22\x0a\x20\x20\x20\x20\x20\x20\x20\x73\x74\
\x72\x6f\x6b\x65\x2d\x6c\x69\x6e\x65\x6a\x6f\x69\x6e\x3d\x22\x72\
\x6f\x75\x6e\x64\x22\x0a\x20\x20\x20\x20\x20\x20\x20\x73\x74\x72\
\x6f\x6b\x65\x2d\x77\x69\x64\x74\x68\x3d\x22\x30\x2e\x32\x36\x35\
\x22\x0a\x20\x20\x20\x20\x20\x20\x20\x69\x64\x3d\x22\x70\x61\x74\
\x68\x32\x22\x0a\x20\x20\x20\x20\x20\x20\x20\x73\x74\x79\x6c\x65\
\x3d\x22\x66\x69\x6c\x6c\x2d\x72\x75\x6c\x65\x3a\x65\x76\x65\x6e\
\x6f\x64\x64\x22\x20\x2f\x3e\x0a\x20\x20\x20\x20\x3c\x70\x61\x74\
\x68\x0a\x20\x20\x20\x20\x20\x20\x20\x64\x3d\x22\x4d\x20\x31\x2e\
\x36\x38\x2c\x32\x2e\x31\x31\x39\x20\x33\x2e\x37\x30\x34\x2c\x30\
\x2e\x36\x35\x39\x20\x56\x20\x30\x2e\x38\x39\x38\x20\x4c\x20\x31\
\x2e\x38\x35\x32\x2c\x32\x2e\x32\x34\x33\x20\x5a\x22\x0a\x20\x20\
\x20\x20\x20\x20\x20\x66\x69\x6c\x6c\x3d\x22\x23\x66\x66\x66\x66\
\x66\x66\x22\x0a\x20\x20\x20\x20\x20\x20\x20\x66\x69\x6c\x6c\x2d\
\x6f\x70\x61\x63\x69\x74\x79\x3d\x22\x30\x2e\x35\x32\x39\x22\x0a\
\x20\x20\x20\x20\x20\x20\x20\x69\x64\x3d\x22\x70\x61\x74\x68\x34\
\x22\x0a\x20\x20\x20\x20\x20\x20\x20\x73\x74\x79\x6c\x65\x3d\x22\
\x66\x69\x6c\x6c\x2d\x72\x75\x6c\x65\x3a\x65\x76\x65\x6e\x6f\x64\
\x64\x22\x20\x2f\x3e\x0a\x20\x20\x20\x20\x3c\x70\x61\x74\x68\x0a\
\x20\x20\x20\x20\x20\x20\x20\x64\x3d\x22\x6d\x20\x30\x2e\x33\x39\
\x37\x2c\x32\x2e\x31\x31\x37\x20\x32\x2e\x33\x38\x31\x2c\x2d\x31\
\x2e\x37\x32\x20\x76\x20\x33\x2e\x34\x34\x20\x7a\x22\x0a\x20\x20\
\x20\x20\x20\x20\x20\x66\x69\x6c\x6c\x3d\x22\x23\x36\x64\x39\x37\
\x63\x34\x22\x0a\x20\x20\x20\x20\x20\x20\x20\x73\x74\x72\x6f\x6b\
\x65\x3d\x22\x23\x34\x31\x35\x61\x37\x35\x22\x0a\x20\x20\x20\x20\
\x20\x20\x20\x73\x74\x72\x6f\x6b\x65\x2d\x6c\x69\x6e\x65\x63\x61\
\x70\x3d\x22\x72\x6f\x75\x6e\x64\x22\x0a\x20\x20\x20\x20\x20\x20\
\x20\x73\x74\x72\x6f\x6b\x65\x2d\x6c\x69\x6e\x65\x6a\x6f\x69\x6e\
\x3d\x22\x72\x6f\x75\x6e\x64\x22\x0a\x20\x20\x20\x20\x20\x20\x20\
\x73\x74\x72\x6f\x6b\x65\x2d\x77\x69\x64\x74\x68\x3d\x22\x30\x2e\
\x32\x36\x35\x22\x0a\x20\x20\x20\x20\x20\x20\x20\x69\x64\x3d\x22\
\x70\x61\x74\x68\x38\x22\x0a\x20\x20\x20\x20\x20\x20\x20\x73\x74\
\x79\x6c\x65\x3d\x22\x66\x69\x6c\x6c\x2d\x72\x75\x6c\x65\x3a\x65\
\x76\x65\x6e\x6f\x64\x64\x22\x20\x2f\x3e\x0a\x20\x20\x20\x20\x3c\
\x70\x61\x74\x68\x0a\x20\x20\x20\x20\x20\x20\x20\x64\x3d\x22\x6d\
\x20\x30\x2e\x36\x32\x32\x35\x33\x31\x34\x2c\x32\x2e\x31\x31\x33\
\x39\x30\x39\x37\x20\x32\x2e\x30\x32\x34\x2c\x2d\x31\x2e\x34\x36\
\x30\x30\x30\x30\x30\x34\x20\x76\x20\x30\x2e\x32\x33\x39\x20\x6c\
\x20\x2d\x31\x2e\x38\x35\x32\x2c\x31\x2e\x33\x34\x35\x30\x30\x30\
\x30\x34\x20\x7a\x22\x0a\x20\x20\x20\x20\x20\x20\x20\x66\x69\x6c\
\x6c\x3d\x22\x23\x66\x66\x66\x66\x66\x66\x22\x0a\x20\x20\x20\x20\
\x20\x20\x20\x66\x69\x6c\x6c\x2d\x6f\x70\x61\x63\x69\x74\x79\x3d\
\x22\x30\x2e\x35\x32\x39\x22\x0a\x20\x20\x20\x20\x20\x20\x20\x69\
\x64\x3d\x22\x70\x61\x74\x68\x34\x2d\x36\x22\x0a\x20\x20\x20\x20\
\x20\x20\x20\x73\x74\x79\x6c\x65\x3d\x22\x66\x69\x6c\x6c\x2d\x72\
\x75\x6c\x65\x3a\x65\x76\x65\x6e\x6f\x64\x64\x22\x20\x2f\x3e\x0a\
\x20\x20\x20\x20\x3c\x72\x65\x63\x74\x0a\x20\x20\x20\x20\x20\x20\
\x20\x73\x74\x79\x6c\x65\x3d\x22\x6f\x70\x61\x63\x69\x74\x79\x3a\
\x31\x3b\x66\x69\x6c\x6c\x3a\x23\x34\x31\x35\x61\x37\x35\x3b\x66\
\x69\x6c\x6c\x2d\x6f\x70\x61\x63\x69\x74\x79\x3a\x31\x3b\x73\x74\
\x72\x6f\x6b\x65\x3a\x23\x63\x31\x63\x31\x63\x31\x3b\x73\x74\x72\
\x6f\x6b\x65\x2d\x77\x69\x64\x74\x68\x3a\x30\x3b\x73\x74\x72\x6f\
\x6b\x65\x2d\x6d\x69\x74\x65\x72\x6c\x69\x6d\x69\x74\x3a\x34\x3b\
\x73\x74\x72\x6f\x6b\x65\x2d\x64\x61\x73\x68\x61\x72\x72\x61\x79\
\x3a\x6e\x6f\x6e\x65\x3b\x73\x74\x72\x6f\x6b\x65\x2d\x64\x61\x73\
\x68\x6f\x66\x66\x73\x65\x74\x3a\x30\x22\x0a\x20\x20\x20\x20\x20\
\x20\x20\x69\x64\x3d\x22\x72\x65\x63\x74\x35\x38\x32\x36\x22\x0a\
\x20\x20\x20\x20\x20\x20\x20\x77\x69\x64\x74\x68\x3d\x22\x30\x2e\
\x35\x37\x33\x33\x37\x31\x38\x33\x22\x0a\x20\x20\x20\x20\x20\x20\
\x20\x68\x65\x69\x67\x68\x74\x3d\x22\x33\x2e\x38\x32\x34\x39\x39\
\x31\x37\x22\x0a\x20\x20\x20\x20\x20\x20\x20\x78\x3d\x22\x30\x2e\
\x31\x35\x35\x33\x39\x30\x34\x33\x22\x0a\x20\x20\x20\x20\x20\x20\
\x20\x79\x3d\x22\x30\x2e\x31\x39\x35\x32\x34\x30\x34\x32\x22\x20\
\x2f\x3e\x0a\x20\x20\x3c\x2f\x67\x3e\x0a\x3c\x2f\x73\x76\x67\x3e\
\x0a\
\x00\x00\x07\xcd\
\x3c\
\x3f\x78\x6d\x6c\x20\x76\x65\x72\x73\x69\x6f\x6e\x3d\x22\x31\x2e\
\x30\x22\x20\x65\x6e\x63\x6f\x64\x69\x6e\x67\x3d\x22\x55\x54\x46\
\x2d\x38\x22\x20\x73\x74\x61\x6e\x64\x61\x6c\x6f\x6e\x65\x3d\x22\
\x6e\x6f\x22\x3f\x3e\x0a\x3c\x21\x2d\x2d\x20\x43\x72\x65\x61\x74\
\x65\x64\x20\x77\x69\x74\x68\x20\x49\x6e\x6b\x73\x63\x61\x70\x65\
\x20\x28\x68\x74\x74\x70\x3a\x2f\x2f\x77\x77\x77\x2e\x69\x6e\x6b\
\x73\x63\x61\x70\x65\x2e\x6f\x72\x67\x2f\x29\x20\x2d\x2d\x3e\x0a\
\x0a\x3c\x73\x76\x67\x0a\x20\x20\x20\x77\x69\x64\x74\x68\x3d\x22\
\x34\x30\x30\x22\x0a\x20\x20\x20\x68\x65\x69\x67\x68\x74\x3d\x22\
\x34\x30\x30\x22\x0a\x20\x20\x20\x76\x69\x65\x77\x42\x6f\x78\x3d\
\x22\x30\x20\x30\x20\x34\x30\x30\x20\x34\x30\x30\x22\x0a\x20\x20\
\x20\x76\x65\x72\x73\x69\x6f\x6e\x3d\x22\x31\x2e\x31\x22\x0a\x20\
\x20\x20\x69\x64\x3d\x22\x73\x76\x67\x35\x22\x0a\x20\x20\x20\x69\
\x6e\x6b\x73\x63\x61\x70\x65\x3a\x76\x65\x72\x73\x69\x6f\x6e\x3d\
\x22\x31\x2e\x31\x2e\x32\x20\x28\x30\x61\x30\x30\x63\x66\x35\x33\
\x33\x39\x2c\x20\x32\x30\x32\x32\x2d\x30\x32\x2d\x30\x34\x29\x22\
\x0a\x20\x20\x20\x73\x6f\x64\x69\x70\x6f\x64\x69\x3a\x64\x6f\x63\
\x6e\x61\x6d\x65\x3d\x22\x6c\x69\x6e\x65\x61\x72\x5f\x72\x65\x66\
\x65\x72\x65\x6e\x63\x69\x6e\x67\x5f\x70\x6f\x69\x6e\x74\x2e\x73\
\x76\x67\x22\x0a\x20\x20\x20\x78\x6d\x6c\x6e\x73\x3a\x69\x6e\x6b\
\x73\x63\x61\x70\x65\x3d\x22\x68\x74\x74\x70\x3a\x2f\x2f\x77\x77\
\x77\x2e\x69\x6e\x6b\x73\x63\x61\x70\x65\x2e\x6f\x72\x67\x2f\x6e\
\x61\x6d\x65\x73\x70\x61\x63\x65\x73\x2f\x69\x6e\x6b\x73\x63\x61\
\x70\x65\x22\x0a\x20\x20\x20\x78\x6d\x6c\x6e\x73\x3a\x73\x6f\x64\
\x69\x70\x6f\x64\x69\x3d\x22\x68\x74\x74\x70\x3a\x2f\x2f\x73\x6f\
\x64\x69\x70\x6f\x64\x69\x2e\x73\x6f\x75\x72\x63\x65\x66\x6f\x72\
\x67\x65\x2e\x6e\x65\x74\x2f\x44\x54\x44\x2f\x73\x6f\x64\x69\x70\
\x6f\x64\x69\x2d\x30\x2e\x64\x74\x64\x22\x0a\x20\x20\x20\x78\x6d\
\x6c\x6e\x73\x3d\x22\x68\x74\x74\x70\x3a\x2f\x2f\x77\x77\x77\x2e\
\x77\x33\x2e\x6f\x72\x67\x2f\x32\x30\x30\x30\x2f\x73\x76\x67\x22\
\x0a\x20\x20\x20\x78\x6d\x6c\x6e\x73\x3a\x73\x76\x67\x3d\x22\x68\
\x74\x74\x70\x3a\x2f\x2f\x77\x77\x77\x2e\x77\x33\x2e\x6f\x72\x67\
\x2f\x32\x30\x30\x30\x2f\x73\x76\x67\x22\x3e\x0a\x20\x20\x3c\x73\
\x6f\x64\x69\x70\x6f\x64\x69\x3a\x6e\x61\x6d\x65\x64\x76\x69\x65\
\x77\x0a\x20\x20\x20\x20\x20\x69\x64\x3d\x22\x6e\x61\x6d\x65\x64\
\x76\x69\x65\x77\x37\x22\x0a\x20\x20\x20\x20\x20\x70\x61\x67\x65\
\x63\x6f\x6c\x6f\x72\x3d\x22\x23\x66\x66\x66\x66\x66\x66\x22\x0a\
\x20\x20\x20\x20\x20\x62\x6f\x72\x64\x65\x72\x63\x6f\x6c\x6f\x72\
\x3d\x22\x23\x36\x36\x36\x36\x36\x36\x22\x0a\x20\x20\x20\x20\x20\
\x62\x6f\x72\x64\x65\x72\x6f\x70\x61\x63\x69\x74\x79\x3d\x22\x31\
\x2e\x30\x22\x0a\x20\x20\x20\x20\x20\x69\x6e\x6b\x73\x63\x61\x70\
\x65\x3a\x70\x61\x67\x65\x73\x68\x61\x64\x6f\x77\x3d\x22\x32\x22\
\x0a\x20\x20\x20\x20\x20\x69\x6e\x6b\x73\x63\x61\x70\x65\x3a\x70\
\x61\x67\x65\x6f\x70\x61\x63\x69\x74\x79\x3d\x22\x30\x2e\x30\x22\
\x0a\x20\x20\x20\x20\x20\x69\x6e\x6b\x73\x63\x61\x70\x65\x3a\x70\
\x61\x67\x65\x63\x68\x65\x63\x6b\x65\x72\x62\x6f\x61\x72\x64\x3d\
\x22\x30\x22\x0a\x20\x20\x20\x20\x20\x69\x6e\x6b\x73\x63\x61\x70\
\x65\x3a\x64\x6f\x63\x75\x6d\x65\x6e\x74\x2d\x75\x6e\x69\x74\x73\
\x3d\x22\x70\x78\x22\x0a\x20\x20\x20\x20\x20\x73\x68\x6f\x77\x67\
\x72\x69\x64\x3d\x22\x66\x61\x6c\x73\x65\x22\x0a\x20\x20\x20\x20\
\x20\x69\x6e\x6b\x73\x63\x61\x70\x65\x3a\x7a\x6f\x6f\x6d\x3d\x22\
\x30\x2e\x38\x31\x32\x35\x22\x0a\x20\x20\x20\x20\x20\x69\x6e\x6b\
\x73\x63\x61\x70\x65\x3a\x63\x78\x3d\x22\x31\x32\x30\x22\x0a\x20\
\x20\x20\x20\x20\x69\x6e\x6b\x73\x63\x61\x70\x65\x3a\x63\x79\x3d\
\x22\x31\x33\x32\x2e\x39\x32\x33\x30\x38\x22\x0a\x20\x20\x20\x20\
\x20\x69\x6e\x6b\x73\x63\x61\x70\x65\x3a\x77\x69\x6e\x64\x6f\x77\
\x2d\x77\x69\x64\x74\x68\x3d\x22\x31\x39\x32\x30\x22\x0a\x20\x20\
\x20\x20\x20\x69\x6e\x6b\x73\x63\x61\x70\x65\x3a\x77\x69\x6e\x64\
\x6f\x77\x2d\x68\x65\x69\x67\x68\x74\x3d\x22\x31\x30\x35\x32\x22\
\x0a\x20\x20\x20\x20\x20\x69\x6e\x6b\x73\x63\x61\x70\x65\x3a\x77\
\x69\x6e\x64\x6f\x77\x2d\x78\x3d\x22\x31\x39\x32\x30\x22\x0a\x20\
\x20\x20\x20\x20\x69\x6e\x6b\x73\x63\x61\x70\x65\x3a\x77\x69\x6e\
\x64\x6f\x77\x2d\x79\x3d\x22\x30\x22\x0a\x20\x20\x20\x20\x20\x69\
\x6e\x6b\x73\x63\x61\x70\x65\x3a\x77\x69\x6e\x64\x6f\x77\x2d\x6d\
\x61\x78\x69\x6d\x69\x7a\x65\x64\x3d\x22\x31\x22\x0a\x20\x20\x20\
\x20\x20\x69\x6e\x6b\x73\x63\x61\x70\x65\x3a\x63\x75\x72\x72\x65\
\x6e\x74\x2d\x6c\x61\x79\x65\x72\x3d\x22\x6c\x61\x79\x65\x72\x31\
\x22\x20\x2f\x3e\x0a\x20\x20\x3c\x64\x65\x66\x73\x0a\x20\x20\x20\
\x20\x20\x69\x64\x3d\x22\x64\x65\x66\x73\x32\x22\x3e\x0a\x20\x20\
\x20\x20\x3c\x6c\x69\x6e\x65\x61\x72\x47\x72\x61\x64\x69\x65\x6e\
\x74\x0a\x20\x20\x20\x20\x20\x20\x20\x69\x64\x3d\x22\x6c\x69\x6e\
\x65\x61\x72\x47\x72\x61\x64\x69\x65\x6e\x74\x33\x30\x35\x36\x22\
\x0a\x20\x20\x20\x20\x20\x20\x20\x69\x6e\x6b\x73\x63\x61\x70\x65\
\x3a\x73\x77\x61\x74\x63\x68\x3d\x22\x73\x6f\x6c\x69\x64\x22\x3e\
\x0a\x20\x20\x20\x20\x20\x20\x3c\x73\x74\x6f\x70\x0a\x20\x20\x20\
\x20\x20\x20\x20\x20\x20\x73\x74\x79\x6c\x65\x3d\x22\x73\x74\x6f\
\x70\x2d\x63\x6f\x6c\x6f\x72\x3a\x23\x30\x30\x30\x30\x30\x30\x3b\
\x73\x74\x6f\x70\x2d\x6f\x70\x61\x63\x69\x74\x79\x3a\x31\x3b\x22\
\x0a\x20\x20\x20\x20\x20\x20\x20\x20\x20\x6f\x66\x66\x73\x65\x74\
\x3d\x22\x30\x22\x0a\x20\x20\x20\x20\x20\x20\x20\x20\x20\x69\x64\
\x3d\x22\x73\x74\x6f\x70\x33\x30\x35\x34\x22\x20\x2f\x3e\x0a\x20\
\x20\x20\x20\x3c\x2f\x6c\x69\x6e\x65\x61\x72\x47\x72\x61\x64\x69\
\x65\x6e\x74\x3e\x0a\x20\x20\x20\x20\x3c\x6c\x69\x6e\x65\x61\x72\
\x47\x72\x61\x64\x69\x65\x6e\x74\x0a\x20\x20\x20\x20\x20\x20\x20\
\x69\x64\x3d\x22\x6c\x69\x6e\x65\x61\x72\x47\x72\x61\x64\x69\x65\
\x6e\x74\x39\x37\x34\x22\x0a\x20\x20\x20\x20\x20\x20\x20\x69\x6e\
\x6b\x73\x63\x61\x70\x65\x3a\x73\x77\x61\x74\x63\x68\x3d\x22\x73\
\x6f\x6c\x69\x64\x22\x3e\x0a\x20\x20\x20\x20\x20\x20\x3c\x73\x74\
\x6f\x70\x0a\x20\x20\x20\x20\x20\x20\x20\x20\x20\x73\x74\x79\x6c\
\x65\x3d\x22\x73\x74\x6f\x70\x2d\x63\x6f\x6c\x6f\x72\x3a\x23\x30\
\x30\x66\x66\x30\x30\x3b\x73\x74\x6f\x70\x2d\x6f\x70\x61\x63\x69\
\x74\x79\x3a\x31\x3b\x22\x0a\x20\x20\x20\x20\x20\x20\x20\x20\x20\
\x6f\x66\x66\x73\x65\x74\x3d\x22\x30\x22\x0a\x20\x20\x20\x20\x20\
\x20\x20\x20\x20\x69\x64\x3d\x22\x73\x74\x6f\x70\x39\x37\x32\x22\
\x20\x2f\x3e\x0a\x20\x20\x20\x20\x3c\x2f\x6c\x69\x6e\x65\x61\x72\
\x47\x72\x61\x64\x69\x65\x6e\x74\x3e\x0a\x20\x20\x3c\x2f\x64\x65\
\x66\x73\x3e\x0a\x20\x20\x3c\x67\x0a\x20\x20\x20\x20\x20\x69\x6e\
\x6b\x73\x63\x61\x70\x65\x3a\x6c\x61\x62\x65\x6c\x3d\x22\x45\x62\
\x65\x6e\x65\x20\x31\x22\x0a\x20\x20\x20\x20\x20\x69\x6e\x6b\x73\
\x63\x61\x70\x65\x3a\x67\x72\x6f\x75\x70\x6d\x6f\x64\x65\x3d\x22\
\x6c\x61\x79\x65\x72\x22\x0a\x20\x20\x20\x20\x20\x69\x64\x3d\x22\
\x6c\x61\x79\x65\x72\x31\x22\x3e\x0a\x20\x20\x20\x20\x3c\x72\x65\
\x63\x74\x0a\x20\x20\x20\x20\x20\x20\x20\x73\x74\x79\x6c\x65\x3d\
\x22\x66\x69\x6c\x6c\x3a\x6e\x6f\x6e\x65\x3b\x66\x69\x6c\x6c\x2d\
\x6f\x70\x61\x63\x69\x74\x79\x3a\x31\x3b\x73\x74\x72\x6f\x6b\x65\
\x3a\x23\x31\x66\x61\x32\x30\x38\x3b\x73\x74\x72\x6f\x6b\x65\x2d\
\x77\x69\x64\x74\x68\x3a\x35\x36\x2e\x36\x39\x32\x39\x3b\x73\x74\
\x72\x6f\x6b\x65\x2d\x6d\x69\x74\x65\x72\x6c\x69\x6d\x69\x74\x3a\
\x34\x3b\x73\x74\x72\x6f\x6b\x65\x2d\x64\x61\x73\x68\x61\x72\x72\
\x61\x79\x3a\x6e\x6f\x6e\x65\x3b\x73\x74\x72\x6f\x6b\x65\x2d\x6f\
\x70\x61\x63\x69\x74\x79\x3a\x31\x22\x0a\x20\x20\x20\x20\x20\x20\
\x20\x69\x64\x3d\x22\x72\x65\x63\x74\x32\x32\x30\x35\x22\x0a\x20\
\x20\x20\x20\x20\x20\x20\x77\x69\x64\x74\x68\x3d\x22\x31\x34\x36\
\x2e\x35\x35\x37\x36\x36\x22\x0a\x20\x20\x20\x20\x20\x20\x20\x68\
\x65\x69\x67\x68\x74\x3d\x22\x31\x34\x36\x2e\x35\x35\x37\x35\x31\
\x22\x0a\x20\x20\x20\x20\x20\x20\x20\x78\x3d\x22\x31\x32\x36\x2e\
\x39\x39\x37\x30\x31\x22\x0a\x20\x20\x20\x20\x20\x20\x20\x79\x3d\
\x22\x31\x32\x36\x2e\x35\x35\x35\x32\x32\x22\x0a\x20\x20\x20\x20\
\x20\x20\x20\x69\x6e\x6b\x73\x63\x61\x70\x65\x3a\x74\x72\x61\x6e\
\x73\x66\x6f\x72\x6d\x2d\x63\x65\x6e\x74\x65\x72\x2d\x78\x3d\x22\
\x31\x2e\x36\x32\x39\x39\x38\x31\x35\x22\x0a\x20\x20\x20\x20\x20\
\x20\x20\x69\x6e\x6b\x73\x63\x61\x70\x65\x3a\x74\x72\x61\x6e\x73\
\x66\x6f\x72\x6d\x2d\x63\x65\x6e\x74\x65\x72\x2d\x79\x3d\x22\x2d\
\x39\x2e\x38\x36\x38\x37\x36\x34\x32\x22\x20\x2f\x3e\x0a\x20\x20\
\x3c\x2f\x67\x3e\x0a\x3c\x2f\x73\x76\x67\x3e\x0a\
\x00\x00\x11\x60\
\x3c\
\x3f\x78\x6d\x6c\x20\x76\x65\x72\x73\x69\x6f\x6e\x3d\x22\x31\x2e\
\x30\x22\x20\x65\x6e\x63\x6f\x64\x69\x6e\x67\x3d\x22\x55\x54\x46\
\x2d\x38\x22\x20\x73\x74\x61\x6e\x64\x61\x6c\x6f\x6e\x65\x3d\x22\
\x6e\x6f\x22\x3f\x3e\x0a\x3c\x73\x76\x67\x0a\x20\x20\x20\x68\x65\
\x69\x67\x68\x74\x3d\x22\x32\x34\x22\x0a\x20\x20\x20\x77\x69\x64\
\x74\x68\x3d\x22\x32\x34\x22\x0a\x20\x20\x20\x76\x65\x72\x73\x69\
\x6f\x6e\x3d\x22\x31\x2e\x31\x22\x0a\x20\x20\x20\x69\x64\x3d\x22\
\x73\x76\x67\x31\x36\x22\x0a\x20\x20\x20\x73\x6f\x64\x69\x70\x6f\
\x64\x69\x3a\x64\x6f\x63\x6e\x61\x6d\x65\x3d\x22\x4e\x65\x77\x44\
\x61\x74\x61\x54\x61\x62\x6c\x65\x2e\x73\x76\x67\x22\x0a\x20\x20\
\x20\x69\x6e\x6b\x73\x63\x61\x70\x65\x3a\x76\x65\x72\x73\x69\x6f\
\x6e\x3d\x22\x31\x2e\x31\x2e\x32\x20\x28\x30\x61\x30\x30\x63\x66\
\x35\x33\x33\x39\x2c\x20\x32\x30\x32\x32\x2d\x30\x32\x2d\x30\x34\
\x29\x22\x0a\x20\x20\x20\x78\x6d\x6c\x6e\x73\x3a\x69\x6e\x6b\x73\
\x63\x61\x70\x65\x3d\x22\x68\x74\x74\x70\x3a\x2f\x2f\x77\x77\x77\
\x2e\x69\x6e\x6b\x73\x63\x61\x70\x65\x2e\x6f\x72\x67\x2f\x6e\x61\
\x6d\x65\x73\x70\x61\x63\x65\x73\x2f\x69\x6e\x6b\x73\x63\x61\x70\
\x65\x22\x0a\x20\x20\x20\x78\x6d\x6c\x6e\x73\x3a\x73\x6f\x64\x69\
\x70\x6f\x64\x69\x3d\x22\x68\x74\x74\x70\x3a\x2f\x2f\x73\x6f\x64\
\x69\x70\x6f\x64\x69\x2e\x73\x6f\x75\x72\x63\x65\x66\x6f\x72\x67\
\x65\x2e\x6e\x65\x74\x2f\x44\x54\x44\x2f\x73\x6f\x64\x69\x70\x6f\
\x64\x69\x2d\x30\x2e\x64\x74\x64\x22\x0a\x20\x20\x20\x78\x6d\x6c\
\x6e\x73\x3d\x22\x68\x74\x74\x70\x3a\x2f\x2f\x77\x77\x77\x2e\x77\
\x33\x2e\x6f\x72\x67\x2f\x32\x30\x30\x30\x2f\x73\x76\x67\x22\x0a\
\x20\x20\x20\x78\x6d\x6c\x6e\x73\x3a\x73\x76\x67\x3d\x22\x68\x74\
\x74\x70\x3a\x2f\x2f\x77\x77\x77\x2e\x77\x33\x2e\x6f\x72\x67\x2f\
\x32\x30\x30\x30\x2f\x73\x76\x67\x22\x3e\x0a\x20\x20\x3c\x64\x65\
\x66\x73\x0a\x20\x20\x20\x20\x20\x69\x64\x3d\x22\x64\x65\x66\x73\
\x32\x30\x22\x20\x2f\x3e\x0a\x20\x20\x3c\x73\x6f\x64\x69\x70\x6f\
\x64\x69\x3a\x6e\x61\x6d\x65\x64\x76\x69\x65\x77\x0a\x20\x20\x20\
\x20\x20\x69\x64\x3d\x22\x6e\x61\x6d\x65\x64\x76\x69\x65\x77\x31\
\x38\x22\x0a\x20\x20\x20\x20\x20\x70\x61\x67\x65\x63\x6f\x6c\x6f\
\x72\x3d\x22\x23\x66\x66\x66\x66\x66\x66\x22\x0a\x20\x20\x20\x20\
\x20\x62\x6f\x72\x64\x65\x72\x63\x6f\x6c\x6f\x72\x3d\x22\x23\x36\
\x36\x36\x36\x36\x36\x22\x0a\x20\x20\x20\x20\x20\x62\x6f\x72\x64\
\x65\x72\x6f\x70\x61\x63\x69\x74\x79\x3d\x22\x31\x2e\x30\x22\x0a\
\x20\x20\x20\x20\x20\x69\x6e\x6b\x73\x63\x61\x70\x65\x3a\x70\x61\
\x67\x65\x73\x68\x61\x64\x6f\x77\x3d\x22\x32\x22\x0a\x20\x20\x20\
\x20\x20\x69\x6e\x6b\x73\x63\x61\x70\x65\x3a\x70\x61\x67\x65\x6f\
\x70\x61\x63\x69\x74\x79\x3d\x22\x30\x2e\x30\x22\x0a\x20\x20\x20\
\x20\x20\x69\x6e\x6b\x73\x63\x61\x70\x65\x3a\x70\x61\x67\x65\x63\
\x68\x65\x63\x6b\x65\x72\x62\x6f\x61\x72\x64\x3d\x22\x30\x22\x0a\
\x20\x20\x20\x20\x20\x73\x68\x6f\x77\x67\x72\x69\x64\x3d\x22\x66\
\x61\x6c\x73\x65\x22\x0a\x20\x20\x20\x20\x20\x69\x6e\x6b\x73\x63\
\x61\x70\x65\x3a\x73\x6e\x61\x70\x2d\x67\x6c\x6f\x62\x61\x6c\x3d\
\x22\x66\x61\x6c\x73\x65\x22\x0a\x20\x20\x20\x20\x20\x69\x6e\x6b\
\x73\x63\x61\x70\x65\x3a\x7a\x6f\x6f\x6d\x3d\x22\x31\x37\x2e\x32\
\x39\x31\x36\x36\x37\x22\x0a\x20\x20\x20\x20\x20\x69\x6e\x6b\x73\
\x63\x61\x70\x65\x3a\x63\x78\x3d\x22\x36\x2e\x35\x30\x36\x30\x32\
\x34\x22\x0a\x20\x20\x20\x20\x20\x69\x6e\x6b\x73\x63\x61\x70\x65\
\x3a\x63\x79\x3d\x22\x35\x2e\x34\x39\x33\x39\x37\x35\x38\x22\x0a\
\x20\x20\x20\x20\x20\x69\x6e\x6b\x73\x63\x61\x70\x65\x3a\x77\x69\
\x6e\x64\x6f\x77\x2d\x77\x69\x64\x74\x68\x3d\x22\x31\x39\x32\x30\
\x22\x0a\x20\x20\x20\x20\x20\x69\x6e\x6b\x73\x63\x61\x70\x65\x3a\
\x77\x69\x6e\x64\x6f\x77\x2d\x68\x65\x69\x67\x68\x74\x3d\x22\x31\
\x30\x34\x38\x22\x0a\x20\x20\x20\x20\x20\x69\x6e\x6b\x73\x63\x61\
\x70\x65\x3a\x77\x69\x6e\x64\x6f\x77\x2d\x78\x3d\x22\x30\x22\x0a\
\x20\x20\x20\x20\x20\x69\x6e\x6b\x73\x63\x61\x70\x65\x3a\x77\x69\
\x6e\x64\x6f\x77\x2d\x79\x3d\x22\x30\x22\x0a\x20\x20\x20\x20\x20\
\x69\x6e\x6b\x73\x63\x61\x70\x65\x3a\x77\x69\x6e\x64\x6f\x77\x2d\
\x6d\x61\x78\x69\x6d\x69\x7a\x65\x64\x3d\x22\x31\x22\x0a\x20\x20\
\x20\x20\x20\x69\x6e\x6b\x73\x63\x61\x70\x65\x3a\x63\x75\x72\x72\
\x65\x6e\x74\x2d\x6c\x61\x79\x65\x72\x3d\x22\x73\x76\x67\x31\x36\
\x22\x20\x2f\x3e\x0a\x20\x20\x3c\x67\x0a\x20\x20\x20\x20\x20\x73\
\x74\x72\x6f\x6b\x65\x3d\x22\x23\x36\x65\x39\x37\x63\x34\x22\x0a\
\x20\x20\x20\x20\x20\x74\x72\x61\x6e\x73\x66\x6f\x72\x6d\x3d\x22\
\x6d\x61\x74\x72\x69\x78\x28\x30\x2e\x38\x31\x34\x35\x33\x35\x37\
\x34\x2c\x30\x2c\x30\x2c\x30\x2e\x38\x31\x34\x35\x33\x35\x37\x34\
\x2c\x2d\x31\x2e\x30\x33\x30\x36\x36\x37\x2c\x2d\x37\x2e\x34\x37\
\x37\x34\x31\x33\x32\x29\x22\x0a\x20\x20\x20\x20\x20\x69\x64\x3d\
\x22\x67\x32\x38\x22\x0a\x20\x20\x20\x20\x20\x73\x74\x79\x6c\x65\
\x3d\x22\x73\x74\x72\x6f\x6b\x65\x2d\x77\x69\x64\x74\x68\x3a\x31\
\x2e\x32\x32\x37\x36\x39\x22\x3e\x0a\x20\x20\x20\x20\x3c\x70\x61\
\x74\x68\x0a\x20\x20\x20\x20\x20\x20\x20\x64\x3d\x22\x6d\x20\x32\
\x2e\x35\x2c\x31\x35\x2e\x35\x20\x68\x20\x31\x39\x20\x76\x20\x31\
\x34\x20\x68\x20\x2d\x31\x39\x20\x7a\x22\x0a\x20\x20\x20\x20\x20\
\x20\x20\x66\x69\x6c\x6c\x3d\x22\x23\x65\x36\x65\x36\x65\x36\x22\
\x0a\x20\x20\x20\x20\x20\x20\x20\x69\x64\x3d\x22\x70\x61\x74\x68\
\x32\x22\x0a\x20\x20\x20\x20\x20\x20\x20\x73\x74\x79\x6c\x65\x3d\
\x22\x73\x74\x72\x6f\x6b\x65\x2d\x77\x69\x64\x74\x68\x3a\x31\x2e\
\x35\x30\x37\x32\x33\x22\x20\x2f\x3e\x0a\x20\x20\x20\x20\x3c\x70\
\x61\x74\x68\x0a\x20\x20\x20\x20\x20\x20\x20\x64\x3d\x22\x6d\x20\
\x32\x2e\x35\x2c\x31\x30\x2e\x35\x20\x68\x20\x31\x39\x20\x76\x20\
\x35\x20\x68\x20\x2d\x31\x39\x20\x7a\x22\x0a\x20\x20\x20\x20\x20\
\x20\x20\x66\x69\x6c\x6c\x3d\x22\x23\x62\x61\x64\x39\x65\x63\x22\
\x0a\x20\x20\x20\x20\x20\x20\x20\x69\x64\x3d\x22\x70\x61\x74\x68\
\x34\x2d\x33\x22\x0a\x20\x20\x20\x20\x20\x20\x20\x73\x74\x79\x6c\
\x65\x3d\x22\x73\x74\x72\x6f\x6b\x65\x2d\x77\x69\x64\x74\x68\x3a\
\x31\x2e\x35\x30\x37\x32\x33\x22\x20\x2f\x3e\x0a\x20\x20\x20\x20\
\x3c\x67\x0a\x20\x20\x20\x20\x20\x20\x20\x66\x69\x6c\x6c\x3d\x22\
\x6e\x6f\x6e\x65\x22\x0a\x20\x20\x20\x20\x20\x20\x20\x69\x64\x3d\
\x22\x67\x32\x36\x22\x0a\x20\x20\x20\x20\x20\x20\x20\x73\x74\x79\
\x6c\x65\x3d\x22\x73\x74\x72\x6f\x6b\x65\x2d\x77\x69\x64\x74\x68\
\x3a\x31\x2e\x35\x30\x37\x32\x33\x22\x3e\x0a\x20\x20\x20\x20\x20\
\x20\x3c\x70\x61\x74\x68\x0a\x20\x20\x20\x20\x20\x20\x20\x20\x20\
\x64\x3d\x22\x4d\x20\x35\x2c\x31\x33\x20\x48\x20\x39\x22\x0a\x20\
\x20\x20\x20\x20\x20\x20\x20\x20\x73\x74\x72\x6f\x6b\x65\x2d\x77\
\x69\x64\x74\x68\x3d\x22\x32\x2e\x34\x35\x35\x33\x39\x22\x0a\x20\
\x20\x20\x20\x20\x20\x20\x20\x20\x69\x64\x3d\x22\x70\x61\x74\x68\
\x36\x2d\x36\x22\x20\x2f\x3e\x0a\x20\x20\x20\x20\x20\x20\x3c\x70\
\x61\x74\x68\x0a\x20\x20\x20\x20\x20\x20\x20\x20\x20\x64\x3d\x22\
\x6d\x20\x31\x31\x2c\x31\x33\x20\x68\x20\x37\x2e\x39\x39\x39\x39\
\x39\x39\x22\x0a\x20\x20\x20\x20\x20\x20\x20\x20\x20\x73\x74\x72\
\x6f\x6b\x65\x2d\x77\x69\x64\x74\x68\x3d\x22\x32\x2e\x34\x35\x35\
\x33\x39\x22\x0a\x20\x20\x20\x20\x20\x20\x20\x20\x20\x69\x64\x3d\
\x22\x70\x61\x74\x68\x38\x22\x20\x2f\x3e\x0a\x20\x20\x20\x20\x20\
\x20\x3c\x70\x61\x74\x68\x0a\x20\x20\x20\x20\x20\x20\x20\x20\x20\
\x64\x3d\x22\x4d\x20\x35\x2c\x31\x37\x2e\x35\x20\x48\x20\x39\x22\
\x0a\x20\x20\x20\x20\x20\x20\x20\x20\x20\x69\x64\x3d\x22\x70\x61\
\x74\x68\x31\x30\x22\x0a\x20\x20\x20\x20\x20\x20\x20\x20\x20\x73\
\x74\x79\x6c\x65\x3d\x22\x73\x74\x72\x6f\x6b\x65\x2d\x77\x69\x64\
\x74\x68\x3a\x31\x2e\x32\x32\x37\x36\x39\x22\x20\x2f\x3e\x0a\x20\
\x20\x20\x20\x20\x20\x3c\x70\x61\x74\x68\x0a\x20\x20\x20\x20\x20\
\x20\x20\x20\x20\x64\x3d\x22\x6d\x20\x31\x31\x2c\x31\x37\x2e\x35\
\x20\x68\x20\x37\x2e\x39\x39\x39\x39\x39\x39\x22\x0a\x20\x20\x20\
\x20\x20\x20\x20\x20\x20\x69\x64\x3d\x22\x70\x61\x74\x68\x31\x32\
\x22\x0a\x20\x20\x20\x20\x20\x20\x20\x20\x20\x73\x74\x79\x6c\x65\
\x3d\x22\x73\x74\x72\x6f\x6b\x65\x2d\x77\x69\x64\x74\x68\x3a\x31\
\x2e\x32\x32\x37\x36\x39\x22\x20\x2f\x3e\x0a\x20\x20\x20\x20\x20\
\x20\x3c\x70\x61\x74\x68\x0a\x20\x20\x20\x20\x20\x20\x20\x20\x20\
\x64\x3d\x22\x4d\x20\x35\x2c\x32\x30\x2e\x35\x20\x48\x20\x39\x22\
\x0a\x20\x20\x20\x20\x20\x20\x20\x20\x20\x69\x64\x3d\x22\x70\x61\
\x74\x68\x31\x34\x22\x0a\x20\x20\x20\x20\x20\x20\x20\x20\x20\x73\
\x74\x79\x6c\x65\x3d\x22\x73\x74\x72\x6f\x6b\x65\x2d\x77\x69\x64\
\x74\x68\x3a\x31\x2e\x32\x32\x37\x36\x39\x22\x20\x2f\x3e\x0a\x20\
\x20\x20\x20\x20\x20\x3c\x70\x61\x74\x68\x0a\x20\x20\x20\x20\x20\
\x20\x20\x20\x20\x64\x3d\x22\x6d\x20\x31\x31\x2c\x32\x30\x2e\x35\
\x20\x68\x20\x37\x2e\x39\x39\x39\x39\x39\x39\x22\x0a\x20\x20\x20\
\x20\x20\x20\x20\x20\x20\x69\x64\x3d\x22\x70\x61\x74\x68\x31\x36\
\x22\x0a\x20\x20\x20\x20\x20\x20\x20\x20\x20\x73\x74\x79\x6c\x65\
\x3d\x22\x73\x74\x72\x6f\x6b\x65\x2d\x77\x69\x64\x74\x68\x3a\x31\
\x2e\x32\x32\x37\x36\x39\x22\x20\x2f\x3e\x0a\x20\x20\x20\x20\x20\
\x20\x3c\x70\x61\x74\x68\x0a\x20\x20\x20\x20\x20\x20\x20\x20\x20\
\x64\x3d\x22\x4d\x20\x35\x2c\x32\x33\x2e\x35\x20\x48\x20\x39\x22\
\x0a\x20\x20\x20\x20\x20\x20\x20\x20\x20\x69\x64\x3d\x22\x70\x61\
\x74\x68\x31\x38\x22\x0a\x20\x20\x20\x20\x20\x20\x20\x20\x20\x73\
\x74\x79\x6c\x65\x3d\x22\x73\x74\x72\x6f\x6b\x65\x2d\x77\x69\x64\
\x74\x68\x3a\x31\x2e\x32\x32\x37\x36\x39\x22\x20\x2f\x3e\x0a\x20\
\x20\x20\x20\x20\x20\x3c\x70\x61\x74\x68\x0a\x20\x20\x20\x20\x20\
\x20\x20\x20\x20\x64\x3d\x22\x6d\x20\x31\x31\x2c\x32\x33\x2e\x35\
\x20\x68\x20\x37\x2e\x39\x39\x39\x39\x39\x39\x22\x0a\x20\x20\x20\
\x20\x20\x20\x20\x20\x20\x69\x64\x3d\x22\x70\x61\x74\x68\x32\x30\
\x22\x0a\x20\x20\x20\x20\x20\x20\x20\x20\x20\x73\x74\x79\x6c\x65\
\x3d\x22\x73\x74\x72\x6f\x6b\x65\x2d\x77\x69\x64\x74\x68\x3a\x31\
\x2e\x32\x32\x37\x36\x39\x22\x20\x2f\x3e\x0a\x20\x20\x20\x20\x20\
\x20\x3c\x70\x61\x74\x68\x0a\x20\x20\x20\x20\x20\x20\x20\x20\x20\
\x64\x3d\x22\x4d\x20\x35\x2c\x32\x36\x2e\x35\x20\x48\x20\x39\x22\
\x0a\x20\x20\x20\x20\x20\x20\x20\x20\x20\x69\x64\x3d\x22\x70\x61\
\x74\x68\x32\x32\x22\x0a\x20\x20\x20\x20\x20\x20\x20\x20\x20\x73\
\x74\x79\x6c\x65\x3d\x22\x73\x74\x72\x6f\x6b\x65\x2d\x77\x69\x64\
\x74\x68\x3a\x31\x2e\x32\x32\x37\x36\x39\x22\x20\x2f\x3e\x0a\x20\
\x20\x20\x20\x20\x20\x3c\x70\x61\x74\x68\x0a\x20\x20\x20\x20\x20\
\x20\x20\x20\x20\x64\x3d\x22\x6d\x20\x31\x31\x2c\x32\x36\x2e\x35\
\x20\x68\x20\x37\x2e\x39\x39\x39\x39\x39\x39\x22\x0a\x20\x20\x20\
\x20\x20\x20\x20\x20\x20\x69\x64\x3d\x22\x70\x61\x74\x68\x32\x34\
\x22\x0a\x20\x20\x20\x20\x20\x20\x20\x20\x20\x73\x74\x79\x6c\x65\
\x3d\x22\x73\x74\x72\x6f\x6b\x65\x2d\x77\x69\x64\x74\x68\x3a\x31\
\x2e\x32\x32\x37\x36\x39\x22\x20\x2f\x3e\x0a\x20\x20\x20\x20\x3c\
\x2f\x67\x3e\x0a\x20\x20\x3c\x2f\x67\x3e\x0a\x20\x20\x3c\x67\x0a\
\x20\x20\x20\x20\x20\x74\x72\x61\x6e\x73\x66\x6f\x72\x6d\x3d\x22\
\x6d\x61\x74\x72\x69\x78\x28\x31\x2e\x31\x34\x30\x33\x35\x38\x31\
\x2c\x30\x2c\x30\x2c\x31\x2e\x31\x34\x30\x33\x35\x38\x31\x2c\x2d\
\x31\x32\x2e\x34\x39\x31\x38\x35\x39\x2c\x2d\x31\x32\x2e\x34\x39\
\x31\x38\x35\x39\x29\x22\x0a\x20\x20\x20\x20\x20\x69\x64\x3d\x22\
\x67\x38\x22\x0a\x20\x20\x20\x20\x20\x73\x74\x79\x6c\x65\x3d\x22\
\x73\x74\x72\x6f\x6b\x65\x2d\x77\x69\x64\x74\x68\x3a\x30\x2e\x36\
\x30\x37\x30\x39\x22\x3e\x0a\x20\x20\x20\x20\x3c\x72\x65\x63\x74\
\x0a\x20\x20\x20\x20\x20\x20\x20\x66\x69\x6c\x6c\x3d\x22\x23\x63\
\x34\x61\x30\x30\x30\x22\x0a\x20\x20\x20\x20\x20\x20\x20\x68\x65\
\x69\x67\x68\x74\x3d\x22\x31\x33\x22\x0a\x20\x20\x20\x20\x20\x20\
\x20\x72\x78\x3d\x22\x32\x2e\x36\x31\x35\x22\x0a\x20\x20\x20\x20\
\x20\x20\x20\x77\x69\x64\x74\x68\x3d\x22\x31\x33\x22\x0a\x20\x20\
\x20\x20\x20\x20\x20\x78\x3d\x22\x31\x39\x22\x0a\x20\x20\x20\x20\
\x20\x20\x20\x79\x3d\x22\x31\x39\x22\x0a\x20\x20\x20\x20\x20\x20\
\x20\x69\x64\x3d\x22\x72\x65\x63\x74\x32\x22\x0a\x20\x20\x20\x20\
\x20\x20\x20\x73\x74\x79\x6c\x65\x3d\x22\x73\x74\x72\x6f\x6b\x65\
\x2d\x77\x69\x64\x74\x68\x3a\x30\x2e\x34\x30\x32\x39\x39\x37\x22\
\x20\x2f\x3e\x0a\x20\x20\x20\x20\x3c\x70\x61\x74\x68\x0a\x20\x20\
\x20\x20\x20\x20\x20\x64\x3d\x22\x6d\x20\x32\x30\x2e\x33\x2c\x32\
\x35\x2e\x35\x20\x68\x20\x31\x30\x2e\x34\x20\x76\x20\x2d\x32\x2e\
\x36\x20\x63\x20\x30\x2c\x2d\x32\x2e\x36\x20\x2d\x30\x2e\x36\x35\
\x2c\x2d\x32\x2e\x36\x20\x2d\x35\x2e\x32\x2c\x2d\x32\x2e\x36\x20\
\x2d\x34\x2e\x35\x35\x2c\x30\x20\x2d\x35\x2e\x32\x2c\x30\x20\x2d\
\x35\x2e\x32\x2c\x32\x2e\x36\x20\x7a\x22\x0a\x20\x20\x20\x20\x20\
\x20\x20\x66\x69\x6c\x6c\x3d\x22\x23\x66\x63\x66\x66\x66\x66\x22\
\x0a\x20\x20\x20\x20\x20\x20\x20\x66\x69\x6c\x6c\x2d\x72\x75\x6c\
\x65\x3d\x22\x65\x76\x65\x6e\x6f\x64\x64\x22\x0a\x20\x20\x20\x20\
\x20\x20\x20\x6f\x70\x61\x63\x69\x74\x79\x3d\x22\x30\x2e\x33\x22\
\x0a\x20\x20\x20\x20\x20\x20\x20\x69\x64\x3d\x22\x70\x61\x74\x68\
\x34\x22\x0a\x20\x20\x20\x20\x20\x20\x20\x73\x74\x79\x6c\x65\x3d\
\x22\x73\x74\x72\x6f\x6b\x65\x2d\x77\x69\x64\x74\x68\x3a\x30\x2e\
\x34\x30\x32\x39\x39\x37\x22\x20\x2f\x3e\x0a\x20\x20\x20\x20\x3c\
\x70\x61\x74\x68\x0a\x20\x20\x20\x20\x20\x20\x20\x64\x3d\x22\x6d\
\x20\x2d\x36\x2e\x34\x35\x37\x2c\x2d\x35\x2e\x38\x31\x33\x20\x76\
\x20\x30\x2e\x37\x36\x20\x63\x20\x30\x2c\x31\x2e\x30\x34\x20\x2d\
\x30\x2e\x31\x36\x2c\x31\x2e\x37\x36\x20\x2d\x30\x2e\x36\x34\x2c\
\x32\x2e\x36\x38\x20\x2d\x30\x2e\x37\x32\x2c\x31\x2e\x35\x36\x20\
\x2d\x30\x2e\x38\x2c\x31\x2e\x37\x36\x20\x2d\x30\x2e\x38\x2c\x32\
\x2e\x33\x36\x20\x30\x2c\x31\x2e\x31\x36\x20\x30\x2e\x38\x38\x2c\
\x32\x2e\x31\x32\x20\x31\x2e\x39\x32\x2c\x32\x2e\x31\x32\x20\x31\
\x2e\x30\x38\x2c\x30\x20\x31\x2e\x39\x32\x2c\x2d\x30\x2e\x39\x36\
\x20\x31\x2e\x39\x32\x2c\x2d\x32\x2e\x31\x36\x20\x30\x2c\x2d\x30\
\x2e\x34\x20\x2d\x30\x2e\x31\x32\x2c\x2d\x30\x2e\x39\x32\x20\x2d\
\x30\x2e\x34\x2c\x2d\x31\x2e\x34\x34\x20\x2d\x30\x2e\x39\x32\x2c\
\x2d\x31\x2e\x39\x36\x20\x2d\x31\x2c\x2d\x32\x2e\x32\x38\x20\x2d\
\x31\x2c\x2d\x33\x2e\x35\x36\x20\x76\x20\x2d\x30\x2e\x37\x36\x20\
\x6c\x20\x30\x2e\x36\x34\x2c\x30\x2e\x34\x20\x63\x20\x30\x2e\x38\
\x34\x2c\x30\x2e\x34\x38\x20\x31\x2e\x34\x38\x2c\x31\x2e\x30\x34\
\x20\x32\x2e\x30\x34\x2c\x31\x2e\x38\x34\x20\x31\x2e\x33\x32\x2c\
\x31\x2e\x38\x20\x31\x2e\x37\x36\x2c\x32\x2e\x31\x36\x20\x32\x2e\
\x38\x34\x2c\x32\x2e\x31\x36\x20\x31\x2c\x30\x20\x31\x2e\x38\x2c\
\x2d\x30\x2e\x37\x36\x20\x31\x2e\x38\x2c\x2d\x31\x2e\x37\x36\x20\
\x30\x2c\x2d\x31\x2e\x32\x34\x20\x2d\x31\x2e\x30\x34\x2c\x2d\x32\
\x2e\x31\x36\x20\x2d\x32\x2e\x36\x2c\x2d\x32\x2e\x32\x38\x20\x2d\
\x31\x2e\x39\x36\x2c\x2d\x30\x2e\x31\x32\x20\x2d\x32\x2e\x33\x32\
\x2c\x2d\x30\x2e\x32\x20\x2d\x33\x2e\x35\x36\x2c\x2d\x30\x2e\x38\
\x38\x20\x6c\x20\x2d\x30\x2e\x36\x34\x2c\x2d\x30\x2e\x33\x36\x20\
\x30\x2e\x36\x34\x2c\x2d\x30\x2e\x33\x36\x20\x63\x20\x30\x2e\x39\
\x32\x2c\x2d\x30\x2e\x35\x32\x20\x31\x2e\x36\x2c\x2d\x30\x2e\x37\
\x36\x20\x32\x2e\x36\x34\x2c\x2d\x30\x2e\x38\x20\x31\x2e\x36\x2c\
\x2d\x30\x2e\x31\x36\x20\x31\x2e\x37\x32\x2c\x2d\x30\x2e\x31\x36\
\x20\x32\x2e\x32\x2c\x2d\x30\x2e\x33\x36\x20\x30\x2e\x38\x2c\x2d\
\x30\x2e\x34\x20\x31\x2e\x33\x32\x2c\x2d\x31\x2e\x31\x32\x20\x31\
\x2e\x33\x32\x2c\x2d\x31\x2e\x39\x36\x20\x30\x2c\x2d\x31\x2e\x30\
\x34\x20\x2d\x30\x2e\x38\x34\x2c\x2d\x31\x2e\x38\x34\x20\x2d\x31\
\x2e\x38\x38\x2c\x2d\x31\x2e\x38\x34\x20\x2d\x30\x2e\x38\x38\x2c\
\x30\x20\x2d\x31\x2e\x36\x2c\x30\x2e\x34\x34\x20\x2d\x32\x2e\x32\
\x34\x2c\x31\x2e\x34\x20\x2d\x31\x2e\x31\x32\x2c\x31\x2e\x36\x38\
\x20\x2d\x31\x2e\x33\x36\x2c\x31\x2e\x39\x32\x20\x2d\x32\x2e\x35\
\x36\x2c\x32\x2e\x36\x34\x20\x6c\x20\x2d\x30\x2e\x36\x34\x2c\x30\
\x2e\x34\x20\x76\x20\x2d\x30\x2e\x37\x36\x20\x63\x20\x30\x2c\x2d\
\x31\x20\x30\x2e\x31\x36\x2c\x2d\x31\x2e\x37\x36\x20\x30\x2e\x36\
\x34\x2c\x2d\x32\x2e\x36\x38\x20\x30\x2e\x37\x36\x2c\x2d\x31\x2e\
\x36\x20\x30\x2e\x38\x2c\x2d\x31\x2e\x37\x36\x20\x30\x2e\x38\x2c\
\x2d\x32\x2e\x33\x32\x20\x30\x2c\x2d\x31\x2e\x32\x20\x2d\x30\x2e\
\x38\x38\x2c\x2d\x32\x2e\x31\x36\x20\x2d\x31\x2e\x39\x36\x2c\x2d\
\x32\x2e\x31\x36\x20\x2d\x31\x2e\x30\x34\x2c\x30\x20\x2d\x31\x2e\
\x39\x32\x2c\x30\x2e\x39\x36\x20\x2d\x31\x2e\x39\x32\x2c\x32\x2e\
\x31\x32\x20\x30\x2c\x30\x2e\x34\x34\x20\x30\x2e\x31\x32\x2c\x30\
\x2e\x39\x36\x20\x30\x2e\x34\x2c\x31\x2e\x34\x38\x20\x30\x2e\x39\
\x36\x2c\x32\x20\x31\x2e\x30\x34\x2c\x32\x2e\x32\x38\x20\x31\x2e\
\x30\x34\x2c\x33\x2e\x35\x36\x20\x76\x20\x30\x2e\x37\x36\x20\x6c\
\x20\x2d\x30\x2e\x36\x34\x2c\x2d\x30\x2e\x34\x20\x63\x20\x2d\x30\
\x2e\x39\x32\x2c\x2d\x30\x2e\x35\x32\x20\x2d\x31\x2e\x34\x34\x2c\
\x2d\x31\x2e\x30\x34\x20\x2d\x32\x2e\x30\x34\x2c\x2d\x31\x2e\x38\
\x38\x20\x2d\x30\x2e\x38\x2c\x2d\x31\x2e\x32\x20\x2d\x30\x2e\x38\
\x2c\x2d\x31\x2e\x32\x20\x2d\x31\x2e\x31\x32\x2c\x2d\x31\x2e\x35\
\x32\x20\x2d\x30\x2e\x34\x34\x2c\x2d\x30\x2e\x34\x20\x2d\x31\x2e\
\x30\x38\x2c\x2d\x30\x2e\x36\x34\x20\x2d\x31\x2e\x36\x2c\x2d\x30\
\x2e\x36\x34\x20\x2d\x31\x2e\x30\x38\x2c\x30\x20\x2d\x31\x2e\x39\
\x32\x2c\x30\x2e\x38\x34\x20\x2d\x31\x2e\x39\x32\x2c\x31\x2e\x38\
\x34\x20\x30\x2c\x31\x2e\x32\x34\x20\x31\x2c\x32\x2e\x31\x32\x20\
\x32\x2e\x35\x36\x2c\x32\x2e\x32\x34\x20\x32\x2e\x30\x34\x2c\x30\
\x2e\x31\x32\x20\x32\x2e\x33\x36\x2c\x30\x2e\x32\x20\x33\x2e\x36\
\x2c\x30\x2e\x38\x38\x20\x6c\x20\x30\x2e\x36\x34\x2c\x30\x2e\x33\
\x36\x20\x2d\x30\x2e\x36\x34\x2c\x30\x2e\x34\x20\x63\x20\x2d\x30\
\x2e\x38\x34\x2c\x30\x2e\x34\x38\x20\x2d\x31\x2e\x36\x34\x2c\x30\
\x2e\x37\x32\x20\x2d\x32\x2e\x36\x34\x2c\x30\x2e\x38\x20\x2d\x31\
\x2e\x35\x36\x2c\x30\x2e\x30\x38\x20\x2d\x31\x2e\x36\x38\x2c\x30\
\x2e\x31\x32\x20\x2d\x32\x2e\x32\x2c\x30\x2e\x33\x32\x20\x2d\x30\
\x2e\x38\x2c\x30\x2e\x33\x36\x20\x2d\x31\x2e\x33\x32\x2c\x31\x2e\
\x31\x32\x20\x2d\x31\x2e\x33\x32\x2c\x31\x2e\x39\x36\x20\x30\x2c\
\x31\x20\x30\x2e\x38\x34\x2c\x31\x2e\x38\x34\x20\x31\x2e\x38\x38\
\x2c\x31\x2e\x38\x34\x20\x30\x2e\x38\x38\x2c\x30\x20\x31\x2e\x36\
\x34\x2c\x2d\x30\x2e\x34\x38\x20\x32\x2e\x32\x34\x2c\x2d\x31\x2e\
\x34\x20\x31\x2e\x30\x38\x2c\x2d\x31\x2e\x36\x20\x31\x2e\x34\x2c\
\x2d\x31\x2e\x39\x36\x20\x32\x2e\x35\x36\x2c\x2d\x32\x2e\x36\x34\
\x20\x7a\x22\x0a\x20\x20\x20\x20\x20\x20\x20\x66\x69\x6c\x6c\x3d\
\x22\x23\x66\x66\x66\x66\x66\x66\x22\x0a\x20\x20\x20\x20\x20\x20\
\x20\x73\x74\x72\x6f\x6b\x65\x3d\x22\x23\x66\x66\x66\x66\x66\x66\
\x22\x0a\x20\x20\x20\x20\x20\x20\x20\x73\x74\x72\x6f\x6b\x65\x2d\
\x77\x69\x64\x74\x68\x3d\x22\x30\x2e\x33\x30\x31\x37\x32\x34\x22\
\x0a\x20\x20\x20\x20\x20\x20\x20\x74\x72\x61\x6e\x73\x66\x6f\x72\
\x6d\x3d\x22\x6d\x61\x74\x72\x69\x78\x28\x30\x2e\x36\x30\x32\x37\
\x32\x2c\x30\x2c\x30\x2c\x30\x2e\x36\x30\x33\x36\x36\x2c\x32\x39\
\x2e\x30\x39\x2c\x32\x39\x2e\x35\x34\x29\x22\x0a\x20\x20\x20\x20\
\x20\x20\x20\x69\x64\x3d\x22\x70\x61\x74\x68\x36\x22\x20\x2f\x3e\
\x0a\x20\x20\x3c\x2f\x67\x3e\x0a\x3c\x2f\x73\x76\x67\x3e\x0a\
\x00\x00\x05\x3e\
\x00\
\x00\x14\xa0\x78\x9c\xed\x58\xdd\x6f\xdb\x36\x10\x7f\xcf\x5f\x41\
\x68\x2f\x0d\x60\xd1\x24\x25\x4a\x94\x13\xb7\x18\x56\x0c\x7d\x48\
\xdf\xba\x62\x7b\x1a\x14\x89\x96\xb5\xc8\xa2\x41\xd1\x76\x92\xbf\
\xbe\x47\x49\x94\xe5\xf8\x03\x6b\x97\x00\x7b\xa8\xd2\x20\xe2\x7d\
\xf1\x78\xf7\xbb\x3b\xb1\xb7\x1f\x1e\x57\x15\xda\x4a\xdd\x94\xaa\
\x9e\x7b\x14\x13\x0f\xc9\x3a\x53\x79\x59\x17\x73\xef\x8f\x2f\xbf\
\xfb\xc2\x43\x8d\x49\xeb\x3c\xad\x54\x2d\xe7\x5e\xad\xbc\x0f\xef\
\xaf\x6e\x9b\x6d\x71\x85\x10\x5a\xca\xb2\x58\x9a\xb9\xc7\x42\xcf\
\x2e\x77\x65\x6e\x96\xc3\x6a\x64\x95\xb6\x84\x32\x9f\x7b\xa0\x48\
\x3b\x76\x03\x9b\xac\xe1\x77\x96\xab\xac\x4e\x57\x60\x7b\xa5\xb6\
\xf2\xef\x46\x16\x2b\x59\x1b\x0c\x82\x9d\x52\xfd\xd0\x64\xe9\x5a\
\xce\xc6\xe6\x30\x43\xef\x48\x4a\x48\xb6\xe0\x41\x90\x4c\x10\x23\
\x8c\xf9\x04\xfe\x85\xd7\xad\x12\x1c\xaa\x6e\x66\x4e\x75\xee\x2d\
\x8d\x59\xcf\xa6\xd3\xdd\x6e\x87\x1d\x11\x2b\x5d\x4c\xed\xbe\xcd\
\x3a\xcd\x64\x33\x75\xf4\x91\xbe\xf3\x70\xd0\x77\x04\xdc\xa8\x8d\
\xce\xe4\x02\x4c\x48\x5c\x4b\x33\xfd\xf8\xe5\xe3\xc0\xf4\x09\xce\
\x4d\xbe\x37\x73\xb0\xfb\x2e\x68\xf7\x65\x84\x90\xa9\x3b\x61\xbf\
\xd9\xb6\xb8\x28\xf9\x1e\x44\x6f\x73\xb9\x68\xac\x4a\x17\x4b\xbb\
\xa2\xa2\xe5\x00\x6f\x95\xea\x07\xa9\x3b\x2e\x44\xd7\x3c\x55\x70\
\x70\x88\xa8\x5e\x54\x6a\x37\xdb\x96\x4d\x79\x5f\xc9\x1b\xcf\x09\
\x58\x03\xbf\x6a\xad\x76\xec\xb3\xac\xf3\x81\xac\xe5\xe2\xcf\xb9\
\x47\x00\x07\x23\xca\x5f\x87\x14\xa5\x4b\xc8\xd0\xdc\x4b\x37\x46\
\xed\xed\xb9\x3c\x35\x46\x65\x0f\x67\xac\x0f\x42\x65\xd3\x8a\xcd\
\x3d\xa3\x37\xb2\x3f\x01\x9c\x61\x9d\x9a\xa5\x93\x45\xc8\xe8\xb4\
\x6e\x20\xc8\x2b\x80\x4d\x96\x56\xf2\x1d\xc1\xd1\x35\xd2\xca\xa4\
\x46\xbe\xa3\x82\x5c\x77\x12\x95\x5d\x92\x09\xb9\xf6\xf6\xaa\xb0\
\xfd\x67\x24\x70\x4c\x05\x17\xb1\x98\x84\x98\x04\x41\x1c\x70\x86\
\xee\x90\xcf\x30\x23\x31\x13\x09\x9f\xc0\xa1\x68\x44\x68\xc0\x78\
\x04\x8c\x5e\x5c\x84\x13\x1f\xe4\x09\x8d\x49\x2c\xd0\x6f\x28\xc2\
\x49\x1c\x90\x84\x90\x89\x4f\x71\xc4\x92\x28\x8c\x12\x4b\x14\x01\
\x0d\xe3\x68\x02\x34\xca\xe3\x30\xa4\x27\xb7\x7b\x46\x23\xa7\xfa\
\x9c\x34\x46\xab\x07\x39\xcb\x54\x6d\xe4\xa3\xf1\xbb\xe5\xcd\xa2\
\xac\x2a\x5f\x6f\x2a\x39\x93\x5b\x59\xab\x3c\x6f\x29\x2f\xa5\xba\
\x3f\x7e\x5b\x68\x33\x08\x07\xe3\xc4\x3e\x8e\x5e\x95\xb5\xfc\x47\
\x95\xf5\x4c\xab\x4d\x9d\xdf\x8c\xf6\xb6\x09\xb1\xd1\x0d\x02\xc1\
\x3d\x34\xed\x31\x33\xed\x40\xf3\xe3\x08\xea\x54\x82\x28\x0c\xdf\
\x0e\x41\x77\xaf\x88\x20\xe8\x1d\xe7\x10\x44\x7f\x22\xe8\xdf\x21\
\x28\x0a\xd9\x7f\x42\xd0\x89\x16\x74\x07\x23\x46\x9b\x37\x84\xd0\
\xa1\xfd\xd7\x00\xd1\x4f\xe0\x5c\x02\xce\xc9\xce\x13\x47\xaf\xd8\
\x79\xda\xc4\xd2\xbb\xb7\x9c\x5d\xf4\x35\x3b\x0f\xc1\xe2\x6c\xe7\
\x61\x98\x1f\x62\xa8\x8f\xc0\xf7\x24\xe6\x62\xba\xe0\xbb\x6e\x6d\
\x6e\x5e\x82\x14\xe2\x62\x71\x08\xf8\xe3\xf0\xe6\xf3\xf6\xd5\xef\
\xbc\x19\xc8\x1d\xd5\x89\x1e\x80\x6a\x9f\xd9\x88\xbe\x76\x66\xd9\
\x9b\x66\xf6\xe7\x4c\xf9\x9f\xcd\x94\x20\x4e\x4e\x22\xe8\x76\x6a\
\x3f\x72\xdb\xb7\xe1\xbe\x60\x3f\xda\xf3\x6d\x29\x77\xfb\x2f\xe1\
\x81\x44\xa3\xde\xfa\x3a\x2d\x64\xa6\x2a\xa5\xe7\xde\x2f\x8b\xf6\
\xe9\x19\xf7\x4a\xe7\x52\x3b\x56\xd4\x3e\x07\x2c\x05\xf7\x81\xd2\
\x3c\x75\x97\xa1\xab\x43\x80\x58\xab\xcd\x32\xcd\xd5\x0e\x6e\x39\
\xa7\x98\x83\x32\x39\xad\x9c\x2d\x65\x06\x47\xbb\x57\xa9\x06\xb7\
\x9d\x48\xb3\x54\xbb\x42\xdb\x83\x2c\xd2\xaa\x91\x2f\x15\x9f\x95\
\x02\xb0\x41\x5d\x42\xea\x19\x17\x2f\xd9\xd9\x23\x30\x63\x1c\x90\
\x40\x1c\xf9\x94\x81\x2b\x02\xf2\x4e\x12\x9e\x84\x2f\x99\xbb\xb2\
\x86\x93\xf8\xfd\xad\x8d\xf2\x30\x39\x23\xe1\xae\x79\x71\x7c\xb4\
\x79\x2f\x01\x2e\x30\x96\xd0\x33\x5c\x1b\x4c\x71\x8e\xb9\x4a\x1f\
\xcb\x55\xf9\x2c\x47\xf1\xd8\xbb\xbf\xd1\x1a\x8a\xda\xaf\xd2\x27\
\xa9\xc7\x97\xc7\x71\x65\xd7\xe9\xda\x2f\x2a\x75\x9f\x56\x7d\xe1\
\x9e\x12\x00\xec\xca\xe6\x4c\x7c\x5b\x01\x9b\x9d\x0b\xfa\xca\x2c\
\xe1\xfe\x79\xc9\x80\x4d\xe0\x45\x01\xa3\xfc\x62\x53\x5e\x70\x03\
\x50\x70\x11\x60\xa0\xfa\xe0\x80\x9b\x53\xfb\xd3\xd7\xcc\xa8\x43\
\x8d\x26\xc7\xac\x86\x1b\xbb\x9b\x0e\x50\x04\x69\xba\x2f\xc9\xae\
\x54\xb9\x5b\xe6\x29\x6c\xaa\x75\xfa\xd4\xea\xf4\xfb\xb6\xdd\x8a\
\x63\x11\x41\x63\x4a\xa0\xa5\xc4\x58\x24\x41\xc2\x43\x64\xdf\xc2\
\xc8\x5e\xbc\x23\x4c\x44\x0c\xfc\x01\x38\x7d\x3d\xbb\x5c\xef\x6b\
\x16\xc2\x6f\x9e\xd6\xf6\xec\x59\xe6\xbc\x2e\xf6\x4a\x85\xd3\x18\
\x75\xd7\x55\x6a\x74\xf9\x08\x83\x33\x89\x38\x27\x2c\x86\xce\x68\
\x7f\x46\x4b\x1c\xd2\x20\x89\xe2\xe1\x85\xf0\x6b\x77\x1b\x1e\xf7\
\x6c\x7b\x4f\x41\x34\xc0\x21\x0f\xe0\x99\x08\xdc\x16\x7d\x8c\xa2\
\x89\x1f\xa1\x4f\x88\x86\x1d\x21\x42\x5f\x11\x81\x35\x0b\xe1\x25\
\xc1\x41\xfb\xd8\x35\x75\xef\x5f\x51\x88\x79\xd8\xea\x56\xc8\x8f\
\x60\x36\x26\xf6\x11\xe8\xf9\x60\x80\xd9\xbd\x19\x07\xa4\x0e\x1d\
\xed\xc8\x9b\xde\x07\x31\x19\xdc\x42\x14\x8b\x18\x8c\xc5\xd0\xbb\
\x85\x40\xbe\xb3\x3d\xb1\x2e\x26\x7b\x0f\xc0\xbb\x4f\xe0\xe6\x16\
\xf9\x3d\x31\x44\x4b\xc4\xdc\x91\xb6\xe0\x61\x2c\x7a\x0f\x21\x3b\
\xf6\xa1\x70\xcc\x63\xff\x5c\x12\xa6\x45\xfb\x47\xcb\xcc\x1c\x23\
\xa8\x6f\x9d\xdd\x18\xe8\x7b\xdb\x8c\x0e\x98\xa2\x8b\x94\x11\x71\
\x88\x29\xf8\x7a\x70\x84\x55\x69\xa4\xae\xa0\xb8\xcd\x2c\x3c\x8d\
\x34\x47\x1d\x4c\x8f\x70\x64\x3d\x62\x8c\xf0\x9e\xd4\x77\x29\x8e\
\x1d\xc1\x35\xa5\x3d\xe5\xd1\x2e\xc2\x24\xe0\x51\x10\xf7\xa4\xa7\
\xb6\x6f\xc2\x04\x0c\x8f\xda\xcf\x80\x34\x3f\x83\x16\x23\xb5\xed\
\x61\xd0\xb5\x23\x4a\xa3\x98\xf3\xa3\xe2\x3b\x12\x07\xd3\x3e\xc1\
\x41\x4c\x02\x0e\x1b\xba\x70\xfe\x50\x1c\x17\x8b\xf1\xb8\x7c\xa3\
\x38\xfa\xc1\x77\x45\x12\xc2\x06\xdf\x12\x82\x05\xfb\x48\x02\x3f\
\xa4\x30\x82\x8e\xc6\xc4\xa5\x50\x86\xc7\x53\xe1\x62\x28\xe3\xae\
\x6c\x6e\xed\x7f\x7a\xbd\xbf\xfa\x06\x12\xd2\xbb\xae\
\x00\x00\x05\x7a\
\x3c\
\x73\x76\x67\x20\x68\x65\x69\x67\x68\x74\x3d\x22\x32\x34\x22\x20\
\x77\x69\x64\x74\x68\x3d\x22\x32\x34\x22\x20\x78\x6d\x6c\x6e\x73\
\x3d\x22\x68\x74\x74\x70\x3a\x2f\x2f\x77\x77\x77\x2e\x77\x33\x2e\
\x6f\x72\x67\x2f\x32\x30\x30\x30\x2f\x73\x76\x67\x22\x3e\x3c\x67\
\x20\x65\x6e\x61\x62\x6c\x65\x2d\x62\x61\x63\x6b\x67\x72\x6f\x75\
\x6e\x64\x3d\x22\x6e\x65\x77\x22\x20\x73\x74\x72\x6f\x6b\x65\x2d\
\x64\x61\x73\x68\x6f\x66\x66\x73\x65\x74\x3d\x22\x2e\x35\x22\x20\
\x73\x74\x72\x6f\x6b\x65\x2d\x6c\x69\x6e\x65\x6a\x6f\x69\x6e\x3d\
\x22\x72\x6f\x75\x6e\x64\x22\x20\x74\x72\x61\x6e\x73\x66\x6f\x72\
\x6d\x3d\x22\x6d\x61\x74\x72\x69\x78\x28\x2e\x38\x36\x36\x30\x32\
\x35\x34\x20\x2e\x34\x39\x39\x39\x39\x39\x39\x20\x2d\x2e\x34\x39\
\x39\x39\x39\x39\x39\x20\x2e\x38\x36\x36\x30\x32\x35\x34\x20\x37\
\x2e\x33\x34\x31\x31\x34\x32\x20\x2d\x33\x2e\x35\x36\x37\x35\x34\
\x35\x29\x22\x3e\x3c\x70\x61\x74\x68\x20\x64\x3d\x22\x6d\x38\x2e\
\x30\x39\x36\x31\x30\x32\x33\x20\x31\x38\x2e\x30\x32\x38\x34\x31\
\x39\x68\x35\x2e\x39\x39\x39\x39\x39\x39\x37\x6c\x2d\x33\x2e\x31\
\x32\x34\x39\x31\x20\x36\x2e\x39\x39\x30\x39\x35\x36\x7a\x22\x20\
\x66\x69\x6c\x6c\x3d\x22\x23\x35\x30\x35\x30\x35\x30\x22\x20\x73\
\x74\x72\x6f\x6b\x65\x3d\x22\x23\x35\x30\x35\x30\x35\x30\x22\x20\
\x73\x74\x72\x6f\x6b\x65\x2d\x6c\x69\x6e\x65\x63\x61\x70\x3d\x22\
\x72\x6f\x75\x6e\x64\x22\x20\x73\x74\x72\x6f\x6b\x65\x2d\x77\x69\
\x64\x74\x68\x3d\x22\x2e\x37\x35\x22\x2f\x3e\x3c\x70\x61\x74\x68\
\x20\x64\x3d\x22\x6d\x38\x2e\x30\x39\x36\x31\x30\x30\x34\x20\x31\
\x2e\x30\x32\x38\x34\x31\x39\x39\x20\x36\x2e\x30\x30\x30\x30\x30\
\x30\x36\x2d\x2e\x30\x30\x30\x30\x30\x31\x2e\x30\x30\x30\x30\x30\
\x31\x20\x31\x37\x2e\x30\x30\x30\x30\x30\x30\x31\x68\x2d\x35\x2e\
\x39\x39\x39\x39\x39\x39\x37\x7a\x22\x20\x66\x69\x6c\x6c\x3d\x22\
\x23\x66\x63\x65\x39\x34\x66\x22\x20\x73\x74\x72\x6f\x6b\x65\x3d\
\x22\x23\x38\x62\x37\x36\x31\x37\x22\x20\x73\x74\x72\x6f\x6b\x65\
\x2d\x6c\x69\x6e\x65\x63\x61\x70\x3d\x22\x72\x6f\x75\x6e\x64\x22\
\x20\x73\x74\x72\x6f\x6b\x65\x2d\x77\x69\x64\x74\x68\x3d\x22\x2e\
\x37\x35\x22\x2f\x3e\x3c\x70\x61\x74\x68\x20\x64\x3d\x22\x6d\x31\
\x30\x2e\x35\x39\x36\x31\x30\x31\x20\x32\x2e\x30\x32\x38\x34\x31\
\x39\x34\x2e\x30\x30\x30\x30\x30\x31\x20\x31\x34\x2e\x39\x39\x39\
\x39\x39\x39\x36\x22\x20\x66\x69\x6c\x6c\x3d\x22\x6e\x6f\x6e\x65\
\x22\x20\x6f\x70\x61\x63\x69\x74\x79\x3d\x22\x2e\x35\x22\x20\x73\
\x74\x72\x6f\x6b\x65\x3d\x22\x23\x66\x63\x66\x66\x66\x66\x22\x20\
\x73\x74\x72\x6f\x6b\x65\x2d\x77\x69\x64\x74\x68\x3d\x22\x32\x22\
\x2f\x3e\x3c\x70\x61\x74\x68\x20\x64\x3d\x22\x6d\x31\x32\x2e\x35\
\x39\x36\x31\x30\x31\x20\x32\x2e\x30\x32\x38\x34\x31\x39\x32\x2e\
\x30\x30\x30\x30\x30\x32\x20\x31\x34\x2e\x39\x39\x39\x39\x39\x39\
\x38\x22\x20\x66\x69\x6c\x6c\x2d\x6f\x70\x61\x63\x69\x74\x79\x3d\
\x22\x2e\x35\x38\x38\x32\x33\x35\x22\x20\x6f\x70\x61\x63\x69\x74\
\x79\x3d\x22\x2e\x32\x35\x22\x20\x73\x74\x72\x6f\x6b\x65\x3d\x22\
\x23\x30\x30\x30\x22\x20\x73\x74\x72\x6f\x6b\x65\x2d\x77\x69\x64\
\x74\x68\x3d\x22\x32\x22\x2f\x3e\x3c\x70\x61\x74\x68\x20\x64\x3d\
\x22\x6d\x31\x32\x2e\x30\x39\x36\x31\x30\x31\x20\x32\x2e\x30\x32\
\x38\x34\x31\x39\x33\x2e\x30\x30\x30\x30\x30\x31\x20\x31\x35\x2e\
\x39\x39\x39\x39\x39\x39\x37\x22\x20\x66\x69\x6c\x6c\x3d\x22\x23\
\x66\x63\x65\x39\x34\x66\x22\x20\x6f\x70\x61\x63\x69\x74\x79\x3d\
\x22\x2e\x35\x22\x20\x73\x74\x72\x6f\x6b\x65\x3d\x22\x23\x38\x62\
\x37\x36\x31\x37\x22\x20\x73\x74\x72\x6f\x6b\x65\x2d\x6c\x69\x6e\
\x65\x63\x61\x70\x3d\x22\x72\x6f\x75\x6e\x64\x22\x20\x73\x74\x72\
\x6f\x6b\x65\x2d\x77\x69\x64\x74\x68\x3d\x22\x2e\x37\x35\x22\x2f\
\x3e\x3c\x70\x61\x74\x68\x20\x64\x3d\x22\x6d\x31\x31\x2e\x34\x36\
\x33\x32\x39\x32\x20\x32\x33\x2e\x32\x32\x38\x39\x36\x38\x20\x31\
\x2e\x39\x39\x36\x39\x35\x37\x2d\x34\x2e\x39\x34\x33\x37\x37\x39\
\x2d\x31\x2e\x39\x39\x36\x39\x35\x37\x2d\x2e\x30\x30\x30\x30\x30\
\x31\x7a\x22\x20\x66\x69\x6c\x6c\x3d\x22\x23\x39\x36\x39\x36\x39\
\x36\x22\x20\x73\x74\x72\x6f\x6b\x65\x3d\x22\x23\x39\x36\x39\x36\
\x39\x36\x22\x20\x73\x74\x72\x6f\x6b\x65\x2d\x6c\x69\x6e\x65\x63\
\x61\x70\x3d\x22\x73\x71\x75\x61\x72\x65\x22\x20\x73\x74\x72\x6f\
\x6b\x65\x2d\x77\x69\x64\x74\x68\x3d\x22\x2e\x35\x22\x2f\x3e\x3c\
\x70\x61\x74\x68\x20\x64\x3d\x22\x6d\x39\x2e\x35\x39\x36\x31\x30\
\x30\x37\x20\x32\x2e\x30\x32\x38\x34\x31\x39\x38\x2e\x30\x30\x30\
\x30\x30\x31\x35\x20\x31\x35\x2e\x39\x39\x39\x39\x39\x38\x32\x22\
\x20\x66\x69\x6c\x6c\x3d\x22\x23\x66\x63\x65\x39\x34\x66\x22\x20\
\x6f\x70\x61\x63\x69\x74\x79\x3d\x22\x2e\x35\x22\x20\x73\x74\x72\
\x6f\x6b\x65\x3d\x22\x23\x38\x62\x37\x36\x31\x37\x22\x20\x73\x74\
\x72\x6f\x6b\x65\x2d\x6c\x69\x6e\x65\x63\x61\x70\x3d\x22\x72\x6f\
\x75\x6e\x64\x22\x20\x73\x74\x72\x6f\x6b\x65\x2d\x77\x69\x64\x74\
\x68\x3d\x22\x2e\x37\x35\x22\x2f\x3e\x3c\x67\x20\x66\x69\x6c\x6c\
\x3d\x22\x23\x65\x36\x65\x36\x65\x36\x22\x20\x73\x74\x72\x6f\x6b\
\x65\x2d\x77\x69\x64\x74\x68\x3d\x22\x2e\x35\x22\x3e\x3c\x70\x61\
\x74\x68\x20\x64\x3d\x22\x6d\x37\x2e\x38\x36\x35\x33\x33\x31\x36\
\x2d\x2e\x30\x38\x37\x32\x37\x37\x30\x34\x68\x36\x2e\x34\x36\x31\
\x35\x33\x37\x34\x76\x32\x2e\x31\x37\x39\x31\x33\x31\x33\x68\x2d\
\x36\x2e\x34\x36\x31\x35\x33\x37\x34\x7a\x22\x20\x73\x74\x72\x6f\
\x6b\x65\x3d\x22\x23\x39\x36\x39\x36\x39\x36\x22\x20\x73\x74\x72\
\x6f\x6b\x65\x2d\x6c\x69\x6e\x65\x63\x61\x70\x3d\x22\x72\x6f\x75\
\x6e\x64\x22\x2f\x3e\x3c\x70\x61\x74\x68\x20\x64\x3d\x22\x6d\x31\
\x30\x2e\x37\x32\x38\x39\x31\x32\x20\x32\x33\x2e\x33\x38\x37\x32\
\x38\x2d\x31\x2e\x39\x39\x36\x39\x35\x35\x36\x2d\x35\x2e\x31\x30\
\x32\x30\x39\x31\x68\x31\x2e\x39\x39\x36\x39\x35\x35\x36\x7a\x22\
\x20\x73\x74\x72\x6f\x6b\x65\x3d\x22\x23\x65\x36\x65\x36\x65\x36\
\x22\x20\x73\x74\x72\x6f\x6b\x65\x2d\x6c\x69\x6e\x65\x63\x61\x70\
\x3d\x22\x73\x71\x75\x61\x72\x65\x22\x2f\x3e\x3c\x2f\x67\x3e\x3c\
\x2f\x67\x3e\x3c\x2f\x73\x76\x67\x3e\
\x00\x00\x0b\x39\
\x3c\
\x73\x76\x67\x20\x78\x6d\x6c\x6e\x73\x3d\x22\x68\x74\x74\x70\x3a\
\x2f\x2f\x77\x77\x77\x2e\x77\x33\x2e\x6f\x72\x67\x2f\x32\x30\x30\
\x30\x2f\x73\x76\x67\x22\x20\x68\x65\x69\x67\x68\x74\x3d\x22\x32\
\x34\x22\x20\x77\x69\x64\x74\x68\x3d\x22\x32\x34\x22\x3e\x3c\x6c\
\x69\x6e\x65\x61\x72\x47\x72\x61\x64\x69\x65\x6e\x74\x20\x69\x64\
\x3d\x22\x61\x22\x20\x67\x72\x61\x64\x69\x65\x6e\x74\x54\x72\x61\
\x6e\x73\x66\x6f\x72\x6d\x3d\x22\x6d\x61\x74\x72\x69\x78\x28\x2d\
\x2e\x31\x30\x37\x38\x37\x20\x2e\x38\x37\x38\x35\x20\x2e\x38\x37\
\x34\x30\x38\x20\x2e\x31\x30\x37\x33\x32\x20\x2d\x31\x2e\x38\x31\
\x32\x20\x37\x35\x38\x2e\x36\x35\x38\x29\x22\x20\x67\x72\x61\x64\
\x69\x65\x6e\x74\x55\x6e\x69\x74\x73\x3d\x22\x75\x73\x65\x72\x53\
\x70\x61\x63\x65\x4f\x6e\x55\x73\x65\x22\x20\x78\x31\x3d\x22\x33\
\x30\x34\x2e\x37\x36\x22\x20\x78\x32\x3d\x22\x33\x33\x35\x2e\x33\
\x22\x20\x79\x31\x3d\x22\x36\x34\x2e\x32\x39\x35\x22\x20\x79\x32\
\x3d\x22\x38\x31\x2e\x39\x32\x36\x22\x3e\x3c\x73\x74\x6f\x70\x20\
\x6f\x66\x66\x73\x65\x74\x3d\x22\x30\x22\x20\x73\x74\x6f\x70\x2d\
\x63\x6f\x6c\x6f\x72\x3d\x22\x23\x64\x33\x64\x37\x63\x66\x22\x2f\
\x3e\x3c\x73\x74\x6f\x70\x20\x6f\x66\x66\x73\x65\x74\x3d\x22\x2e\
\x31\x38\x33\x22\x20\x73\x74\x6f\x70\x2d\x63\x6f\x6c\x6f\x72\x3d\
\x22\x23\x62\x61\x62\x64\x62\x36\x22\x2f\x3e\x3c\x73\x74\x6f\x70\
\x20\x6f\x66\x66\x73\x65\x74\x3d\x22\x2e\x33\x31\x39\x22\x20\x73\
\x74\x6f\x70\x2d\x63\x6f\x6c\x6f\x72\x3d\x22\x23\x66\x66\x66\x22\
\x2f\x3e\x3c\x73\x74\x6f\x70\x20\x6f\x66\x66\x73\x65\x74\x3d\x22\
\x2e\x38\x37\x36\x22\x20\x73\x74\x6f\x70\x2d\x63\x6f\x6c\x6f\x72\
\x3d\x22\x23\x62\x61\x62\x64\x62\x36\x22\x2f\x3e\x3c\x73\x74\x6f\
\x70\x20\x6f\x66\x66\x73\x65\x74\x3d\x22\x31\x22\x20\x73\x74\x6f\
\x70\x2d\x63\x6f\x6c\x6f\x72\x3d\x22\x23\x65\x65\x65\x65\x65\x63\
\x22\x2f\x3e\x3c\x2f\x6c\x69\x6e\x65\x61\x72\x47\x72\x61\x64\x69\
\x65\x6e\x74\x3e\x3c\x6c\x69\x6e\x65\x61\x72\x47\x72\x61\x64\x69\
\x65\x6e\x74\x20\x69\x64\x3d\x22\x62\x22\x20\x67\x72\x61\x64\x69\
\x65\x6e\x74\x54\x72\x61\x6e\x73\x66\x6f\x72\x6d\x3d\x22\x6d\x61\
\x74\x72\x69\x78\x28\x2d\x2e\x33\x34\x31\x31\x32\x20\x2e\x32\x36\
\x36\x39\x20\x2e\x33\x34\x37\x31\x20\x2e\x34\x34\x36\x33\x33\x20\
\x37\x2e\x33\x38\x36\x20\x31\x30\x32\x37\x2e\x36\x34\x33\x29\x22\
\x20\x67\x72\x61\x64\x69\x65\x6e\x74\x55\x6e\x69\x74\x73\x3d\x22\
\x75\x73\x65\x72\x53\x70\x61\x63\x65\x4f\x6e\x55\x73\x65\x22\x20\
\x78\x31\x3d\x22\x2d\x36\x2e\x33\x30\x38\x22\x20\x78\x32\x3d\x22\
\x2d\x39\x2e\x37\x37\x35\x22\x20\x79\x31\x3d\x22\x34\x34\x2e\x32\
\x32\x39\x22\x20\x79\x32\x3d\x22\x34\x34\x2e\x31\x34\x22\x3e\x3c\
\x73\x74\x6f\x70\x20\x6f\x66\x66\x73\x65\x74\x3d\x22\x30\x22\x2f\
\x3e\x3c\x73\x74\x6f\x70\x20\x6f\x66\x66\x73\x65\x74\x3d\x22\x31\
\x22\x20\x73\x74\x6f\x70\x2d\x6f\x70\x61\x63\x69\x74\x79\x3d\x22\
\x30\x22\x2f\x3e\x3c\x2f\x6c\x69\x6e\x65\x61\x72\x47\x72\x61\x64\
\x69\x65\x6e\x74\x3e\x3c\x6c\x69\x6e\x65\x61\x72\x47\x72\x61\x64\
\x69\x65\x6e\x74\x20\x69\x64\x3d\x22\x63\x22\x20\x67\x72\x61\x64\
\x69\x65\x6e\x74\x54\x72\x61\x6e\x73\x66\x6f\x72\x6d\x3d\x22\x6d\
\x61\x74\x72\x69\x78\x28\x2d\x2e\x36\x37\x34\x38\x32\x20\x2e\x35\
\x32\x37\x33\x37\x20\x2e\x32\x39\x34\x33\x32\x20\x2e\x33\x37\x38\
\x33\x36\x20\x37\x37\x2e\x37\x31\x38\x20\x39\x38\x31\x2e\x31\x32\
\x32\x29\x22\x20\x67\x72\x61\x64\x69\x65\x6e\x74\x55\x6e\x69\x74\
\x73\x3d\x22\x75\x73\x65\x72\x53\x70\x61\x63\x65\x4f\x6e\x55\x73\
\x65\x22\x20\x78\x31\x3d\x22\x39\x37\x2e\x34\x34\x32\x22\x20\x78\
\x32\x3d\x22\x39\x30\x2e\x32\x32\x31\x22\x20\x79\x31\x3d\x22\x33\
\x35\x2e\x31\x35\x32\x22\x20\x79\x32\x3d\x22\x33\x35\x2e\x30\x37\
\x39\x22\x3e\x3c\x73\x74\x6f\x70\x20\x6f\x66\x66\x73\x65\x74\x3d\
\x22\x30\x22\x20\x73\x74\x6f\x70\x2d\x63\x6f\x6c\x6f\x72\x3d\x22\
\x23\x66\x38\x65\x32\x37\x65\x22\x2f\x3e\x3c\x73\x74\x6f\x70\x20\
\x6f\x66\x66\x73\x65\x74\x3d\x22\x31\x22\x20\x73\x74\x6f\x70\x2d\
\x63\x6f\x6c\x6f\x72\x3d\x22\x23\x65\x33\x64\x31\x38\x39\x22\x2f\
\x3e\x3c\x2f\x6c\x69\x6e\x65\x61\x72\x47\x72\x61\x64\x69\x65\x6e\
\x74\x3e\x3c\x70\x61\x74\x68\x20\x64\x3d\x22\x4d\x31\x30\x2e\x34\
\x35\x37\x20\x31\x30\x33\x32\x2e\x33\x31\x63\x2d\x2e\x30\x35\x35\
\x2d\x2e\x38\x35\x37\x2e\x36\x33\x34\x2d\x2e\x32\x35\x2e\x38\x37\
\x36\x20\x30\x20\x31\x2e\x30\x32\x35\x2e\x37\x34\x32\x20\x32\x2e\
\x30\x33\x20\x31\x2e\x35\x31\x35\x20\x33\x2e\x30\x36\x37\x20\x32\
\x2e\x32\x34\x2e\x37\x32\x35\x2e\x32\x35\x35\x20\x31\x2e\x34\x32\
\x32\x2d\x2e\x33\x31\x33\x20\x31\x2e\x39\x30\x35\x2d\x2e\x37\x39\
\x33\x2e\x36\x39\x2d\x2e\x37\x37\x32\x20\x31\x2e\x33\x36\x35\x2d\
\x31\x2e\x37\x37\x20\x31\x2e\x32\x34\x2d\x32\x2e\x38\x35\x35\x2d\
\x2e\x31\x2d\x2e\x35\x35\x2d\x2e\x36\x38\x2d\x2e\x37\x35\x36\x2d\
\x31\x2e\x30\x36\x2d\x31\x2e\x30\x38\x37\x2d\x2e\x39\x35\x2d\x2e\
\x37\x2d\x31\x2e\x39\x30\x36\x2d\x31\x2e\x33\x39\x34\x2d\x32\x2e\
\x38\x35\x2d\x32\x2e\x31\x2e\x30\x35\x2d\x2e\x35\x33\x36\x2e\x39\
\x32\x2d\x2e\x34\x33\x20\x31\x2e\x33\x35\x32\x2d\x2e\x34\x35\x33\
\x20\x31\x2e\x38\x2e\x30\x33\x32\x20\x33\x2e\x37\x36\x2e\x36\x32\
\x20\x34\x2e\x38\x34\x38\x20\x32\x2e\x31\x34\x38\x2e\x38\x39\x34\
\x20\x31\x2e\x32\x34\x33\x20\x31\x2e\x30\x39\x36\x20\x32\x2e\x39\
\x31\x2e\x36\x34\x35\x20\x34\x2e\x33\x36\x2e\x32\x35\x20\x31\x2e\
\x33\x35\x35\x2e\x37\x35\x20\x32\x2e\x36\x38\x33\x20\x31\x2e\x36\
\x30\x35\x20\x33\x2e\x37\x37\x35\x6c\x2d\x33\x2e\x31\x36\x35\x20\
\x32\x2e\x33\x32\x36\x63\x2d\x2e\x37\x34\x34\x2d\x2e\x39\x37\x2d\
\x31\x2e\x36\x36\x36\x2d\x31\x2e\x38\x31\x32\x2d\x32\x2e\x37\x34\
\x33\x2d\x32\x2e\x33\x39\x37\x2d\x31\x2e\x35\x39\x37\x2e\x32\x33\
\x33\x2d\x33\x2e\x32\x33\x2d\x2e\x35\x32\x2d\x34\x2e\x31\x39\x34\
\x2d\x31\x2e\x37\x39\x32\x2d\x2e\x37\x36\x32\x2d\x2e\x39\x37\x34\
\x2d\x31\x2e\x33\x32\x37\x2d\x32\x2e\x31\x34\x33\x2d\x31\x2e\x35\
\x32\x36\x2d\x33\x2e\x33\x36\x36\x7a\x22\x20\x66\x69\x6c\x6c\x2d\
\x72\x75\x6c\x65\x3d\x22\x65\x76\x65\x6e\x6f\x64\x64\x22\x20\x73\
\x74\x72\x6f\x6b\x65\x3d\x22\x23\x34\x30\x34\x30\x34\x30\x22\x20\
\x73\x74\x72\x6f\x6b\x65\x2d\x77\x69\x64\x74\x68\x3d\x22\x31\x2e\
\x30\x32\x37\x22\x20\x73\x74\x72\x6f\x6b\x65\x2d\x6c\x69\x6e\x65\
\x63\x61\x70\x3d\x22\x72\x6f\x75\x6e\x64\x22\x20\x73\x74\x72\x6f\
\x6b\x65\x2d\x6c\x69\x6e\x65\x6a\x6f\x69\x6e\x3d\x22\x72\x6f\x75\
\x6e\x64\x22\x20\x73\x74\x72\x6f\x6b\x65\x2d\x64\x61\x73\x68\x6f\
\x66\x66\x73\x65\x74\x3d\x22\x2e\x33\x36\x31\x22\x20\x66\x69\x6c\
\x6c\x3d\x22\x75\x72\x6c\x28\x23\x61\x29\x22\x20\x74\x72\x61\x6e\
\x73\x66\x6f\x72\x6d\x3d\x22\x72\x6f\x74\x61\x74\x65\x28\x2d\x31\
\x30\x20\x2d\x35\x36\x35\x36\x2e\x38\x39\x35\x20\x35\x35\x37\x2e\
\x30\x37\x33\x29\x20\x73\x63\x61\x6c\x65\x28\x2e\x39\x36\x36\x34\
\x32\x29\x22\x2f\x3e\x3c\x70\x61\x74\x68\x20\x64\x3d\x22\x4d\x32\
\x30\x2e\x35\x37\x20\x31\x30\x33\x38\x2e\x39\x35\x34\x63\x2d\x2e\
\x33\x37\x38\x2e\x32\x39\x35\x2d\x2e\x34\x35\x2e\x38\x33\x32\x2d\
\x2e\x31\x36\x20\x31\x2e\x32\x30\x34\x6c\x35\x2e\x32\x37\x35\x20\
\x37\x2e\x37\x32\x37\x63\x2e\x32\x39\x2e\x33\x37\x20\x31\x2e\x32\
\x38\x2e\x30\x37\x36\x20\x31\x2e\x36\x36\x2d\x2e\x32\x32\x2e\x33\
\x37\x37\x2d\x2e\x32\x39\x36\x2e\x39\x30\x35\x2d\x31\x2e\x31\x39\
\x2e\x36\x31\x36\x2d\x31\x2e\x35\x36\x6c\x2d\x36\x2e\x31\x38\x2d\
\x37\x2e\x30\x31\x35\x63\x2d\x2e\x32\x39\x2d\x2e\x33\x37\x2d\x2e\
\x38\x32\x36\x2d\x2e\x34\x33\x32\x2d\x31\x2e\x32\x30\x34\x2d\x2e\
\x31\x33\x36\x7a\x22\x20\x66\x69\x6c\x6c\x3d\x22\x75\x72\x6c\x28\
\x23\x62\x29\x22\x20\x6f\x70\x61\x63\x69\x74\x79\x3d\x22\x2e\x32\
\x33\x31\x22\x20\x74\x72\x61\x6e\x73\x66\x6f\x72\x6d\x3d\x22\x72\
\x6f\x74\x61\x74\x65\x28\x2d\x31\x30\x20\x2d\x35\x36\x35\x36\x2e\
\x38\x39\x35\x20\x35\x35\x37\x2e\x30\x37\x33\x29\x20\x73\x63\x61\
\x6c\x65\x28\x2e\x39\x36\x36\x34\x32\x29\x22\x2f\x3e\x3c\x70\x61\
\x74\x68\x20\x64\x3d\x22\x4d\x2e\x38\x32\x37\x20\x36\x2e\x38\x37\
\x32\x63\x2e\x30\x30\x36\x2e\x30\x31\x36\x2e\x30\x32\x36\x2e\x30\
\x30\x35\x2e\x30\x32\x36\x2d\x2e\x30\x30\x34\x4c\x34\x2e\x33\x38\
\x20\x38\x2e\x36\x31\x63\x2e\x34\x37\x35\x2e\x32\x33\x35\x20\x31\
\x2e\x30\x31\x2e\x30\x32\x20\x31\x2e\x34\x34\x38\x2d\x2e\x33\x31\
\x37\x2e\x34\x34\x32\x2d\x2e\x33\x34\x2e\x38\x36\x2d\x2e\x38\x35\
\x32\x20\x31\x2e\x31\x37\x32\x2d\x31\x2e\x35\x30\x37\x2e\x33\x31\
\x33\x2d\x2e\x36\x35\x36\x2e\x34\x34\x34\x2d\x31\x2e\x33\x33\x34\
\x2e\x34\x33\x34\x2d\x31\x2e\x38\x39\x37\x2d\x2e\x30\x31\x2d\x2e\
\x35\x36\x2d\x2e\x31\x39\x37\x2d\x31\x2e\x30\x37\x38\x2d\x2e\x36\
\x35\x35\x2d\x31\x2e\x33\x30\x35\x6c\x2d\x33\x2e\x35\x35\x34\x2d\
\x31\x2e\x37\x34\x63\x2d\x2e\x30\x30\x32\x2d\x2e\x30\x31\x32\x20\
\x30\x2d\x2e\x30\x33\x2d\x2e\x30\x30\x32\x2d\x2e\x30\x32\x38\x2d\
\x2e\x30\x31\x37\x2e\x30\x32\x2e\x30\x31\x35\x2e\x30\x30\x38\x2e\
\x30\x32\x37\x2d\x2e\x30\x30\x34\x20\x31\x2e\x35\x30\x32\x2d\x2e\
\x34\x33\x34\x20\x33\x2e\x32\x36\x38\x2d\x2e\x33\x34\x33\x20\x34\
\x2e\x34\x36\x2e\x32\x34\x38\x43\x39\x2e\x33\x34\x34\x20\x32\x2e\
\x38\x37\x20\x31\x30\x2e\x32\x20\x34\x2e\x36\x39\x20\x39\x2e\x39\
\x37\x20\x36\x2e\x35\x34\x37\x63\x2d\x2e\x32\x33\x20\x31\x2e\x38\
\x35\x2d\x31\x2e\x37\x33\x36\x20\x33\x2e\x35\x2d\x33\x2e\x32\x32\
\x37\x20\x33\x2e\x39\x37\x2d\x2e\x39\x36\x36\x2e\x33\x2d\x32\x2e\
\x30\x32\x33\x2e\x32\x35\x2d\x32\x2e\x39\x36\x38\x2d\x2e\x32\x32\
\x2d\x31\x2e\x31\x39\x2d\x2e\x35\x38\x38\x2d\x32\x2e\x33\x35\x34\
\x2d\x31\x2e\x39\x36\x2d\x32\x2e\x39\x35\x2d\x33\x2e\x34\x33\x7a\
\x22\x20\x66\x69\x6c\x6c\x3d\x22\x23\x66\x30\x66\x33\x66\x32\x22\
\x20\x66\x69\x6c\x6c\x2d\x72\x75\x6c\x65\x3d\x22\x65\x76\x65\x6e\
\x6f\x64\x64\x22\x2f\x3e\x3c\x70\x61\x74\x68\x20\x64\x3d\x22\x4d\
\x32\x31\x2e\x39\x37\x20\x31\x30\x33\x36\x2e\x39\x31\x6c\x39\x2e\
\x35\x38\x20\x31\x31\x2e\x31\x63\x2e\x35\x37\x32\x2e\x37\x33\x35\
\x2d\x2e\x30\x33\x20\x32\x2e\x31\x34\x2d\x31\x2e\x33\x34\x20\x33\
\x2e\x31\x36\x32\x2d\x31\x2e\x33\x30\x38\x20\x31\x2e\x30\x32\x32\
\x2d\x32\x2e\x38\x31\x34\x20\x31\x2e\x32\x36\x36\x2d\x33\x2e\x33\
\x38\x35\x2e\x35\x33\x33\x6c\x2d\x38\x2e\x34\x2d\x31\x32\x2e\x30\
\x32\x35\x20\x33\x2e\x35\x34\x37\x2d\x32\x2e\x37\x37\x7a\x6d\x36\
\x2e\x33\x34\x35\x20\x31\x31\x2e\x38\x32\x63\x2d\x2e\x36\x35\x2e\
\x35\x31\x2d\x2e\x37\x38\x36\x20\x31\x2e\x34\x33\x33\x2d\x2e\x34\
\x36\x20\x31\x2e\x38\x35\x2e\x33\x32\x33\x2e\x34\x31\x37\x20\x31\
\x2e\x32\x38\x2e\x34\x38\x35\x20\x31\x2e\x39\x33\x32\x2d\x2e\x30\
\x32\x33\x2e\x36\x35\x2d\x2e\x35\x31\x2e\x37\x35\x34\x2d\x31\x2e\
\x34\x30\x37\x2e\x34\x33\x2d\x31\x2e\x38\x32\x34\x2d\x2e\x33\x32\
\x35\x2d\x2e\x34\x31\x37\x2d\x31\x2e\x32\x35\x2d\x2e\x35\x31\x2d\
\x31\x2e\x39\x30\x32\x20\x30\x7a\x22\x20\x73\x74\x72\x6f\x6b\x65\
\x3d\x22\x23\x34\x30\x34\x30\x34\x30\x22\x20\x73\x74\x72\x6f\x6b\
\x65\x2d\x77\x69\x64\x74\x68\x3d\x22\x2e\x38\x36\x37\x22\x20\x73\
\x74\x72\x6f\x6b\x65\x2d\x6c\x69\x6e\x65\x63\x61\x70\x3d\x22\x72\
\x6f\x75\x6e\x64\x22\x20\x73\x74\x72\x6f\x6b\x65\x2d\x6c\x69\x6e\
\x65\x6a\x6f\x69\x6e\x3d\x22\x72\x6f\x75\x6e\x64\x22\x20\x73\x74\
\x72\x6f\x6b\x65\x2d\x64\x61\x73\x68\x6f\x66\x66\x73\x65\x74\x3d\
\x22\x2e\x37\x22\x20\x66\x69\x6c\x6c\x3d\x22\x75\x72\x6c\x28\x23\
\x63\x29\x22\x20\x74\x72\x61\x6e\x73\x66\x6f\x72\x6d\x3d\x22\x72\
\x6f\x74\x61\x74\x65\x28\x2d\x31\x30\x20\x2d\x35\x36\x35\x36\x2e\
\x38\x39\x35\x20\x35\x35\x37\x2e\x30\x37\x33\x29\x20\x73\x63\x61\
\x6c\x65\x28\x2e\x39\x36\x36\x34\x32\x29\x22\x2f\x3e\x3c\x70\x61\
\x74\x68\x20\x64\x3d\x22\x4d\x2d\x36\x37\x39\x2e\x31\x30\x38\x20\
\x38\x37\x34\x2e\x36\x37\x68\x33\x2e\x35\x37\x76\x2e\x35\x37\x38\
\x68\x2d\x33\x2e\x35\x37\x7a\x22\x20\x66\x69\x6c\x6c\x3d\x22\x23\
\x66\x66\x66\x22\x20\x66\x69\x6c\x6c\x2d\x6f\x70\x61\x63\x69\x74\
\x79\x3d\x22\x2e\x35\x37\x38\x22\x20\x73\x74\x72\x6f\x6b\x65\x3d\
\x22\x23\x34\x30\x34\x30\x34\x30\x22\x20\x73\x74\x72\x6f\x6b\x65\
\x2d\x77\x69\x64\x74\x68\x3d\x22\x31\x2e\x32\x38\x39\x22\x20\x74\
\x72\x61\x6e\x73\x66\x6f\x72\x6d\x3d\x22\x6d\x61\x74\x72\x69\x78\
\x28\x2e\x36\x38\x39\x38\x32\x20\x2d\x2e\x36\x37\x36\x38\x35\x20\
\x2e\x37\x35\x35\x38\x38\x20\x2e\x36\x30\x32\x31\x38\x20\x2d\x31\
\x38\x32\x2e\x36\x36\x34\x20\x2d\x39\x37\x33\x2e\x38\x35\x29\x22\
\x2f\x3e\x3c\x2f\x73\x76\x67\x3e\
\x00\x00\x05\x46\
\x00\
\x00\x14\xff\x78\x9c\xed\x58\xdd\x6f\xdb\x36\x10\x7f\xcf\x5f\x41\
\x68\x2f\x0d\x60\xd1\x24\x45\x4a\x94\x13\xb7\x18\x56\x0c\x7d\x48\
\xdf\xba\x62\x7b\x1a\x14\x89\x96\xb5\xc8\xa2\x41\x31\x76\x92\xbf\
\x7e\x47\x7d\x3b\xb5\x8d\xb4\x4b\x80\x3d\x94\x41\x10\xf2\xbe\x78\
\xbc\xfb\xdd\x51\xcc\xf5\x87\x87\x4d\x89\x76\xca\xd4\x85\xae\x96\
\x1e\xc5\xc4\x43\xaa\x4a\x75\x56\x54\xf9\xd2\xfb\xe3\xcb\xef\xbe\
\xf4\x50\x6d\x93\x2a\x4b\x4a\x5d\xa9\xa5\x57\x69\xef\xc3\xfb\x8b\
\xeb\x7a\x97\x5f\x20\x84\xd6\xaa\xc8\xd7\x76\xe9\x31\xee\xb9\xe5\
\xbe\xc8\xec\x7a\x58\x4d\xac\xd2\x86\x50\x64\x4b\x0f\x14\x69\xcb\
\xae\x61\x93\x2d\xfc\x2e\x32\x9d\x56\xc9\x06\x6c\x6f\xf4\x4e\xfd\
\x5d\xab\x7c\xa3\x2a\x8b\x41\xb0\x55\xaa\xee\xea\x34\xd9\xaa\xc5\
\xc4\x1c\xc3\x0c\xbd\xbb\x25\x89\xe4\x32\x14\x9c\xce\x10\x23\x8c\
\xf9\x94\xf9\x84\x5e\x36\x4a\x70\xa8\xaa\x5e\xf4\xaa\x4b\x6f\x6d\
\xed\x76\x31\x9f\xef\xf7\x7b\xdc\x13\xb1\x36\xf9\xdc\xed\x5b\x6f\
\x93\x54\xd5\xf3\x9e\x3e\xd1\xef\x3d\x1c\xf4\x7b\x02\xae\xf5\xbd\
\x49\xd5\x0a\x4c\x28\x5c\x29\x3b\xff\xf8\xe5\xe3\xc0\xf4\x09\xce\
\x6c\x36\x9a\x39\xd8\x7d\x1f\x34\xfb\x32\x42\xc8\xbc\x3f\x61\xb7\
\xd9\x2e\x3f\x2b\xf9\x1e\x44\xaf\x33\xb5\xaa\x9d\x4a\x1b\x4b\xb7\
\xa2\xb2\xe1\x00\x6f\x93\x98\x3b\x65\x5a\x2e\x44\xd7\x3e\x96\x70\
\x70\x88\xa8\x59\x95\x7a\xbf\xd8\x15\x75\x71\x5b\xaa\x2b\xaf\x17\
\x70\x06\x7e\x35\x46\xef\xd9\x67\x55\x65\x03\xd9\xa8\xd5\x9f\x4b\
\x8f\x00\x0e\x26\x94\xbf\x0e\x29\xda\x14\x90\xa1\xa5\x97\xdc\x5b\
\x3d\xda\xeb\xf3\x54\x5b\x9d\xde\x9d\xb0\x3e\x08\x15\x75\x23\xb6\
\xf4\xac\xb9\x57\xdd\x09\xe0\x0c\xdb\xc4\xae\x7b\x59\x84\xac\x49\
\xaa\x1a\x82\xbc\x01\xd8\xa4\x49\xa9\xde\x11\x1c\x5e\x22\xa3\x6d\
\x62\xd5\x3b\x2a\xc9\x65\x2b\x51\xba\x25\x99\x91\x4b\x6f\x54\x85\
\xed\x3f\x23\x89\x23\x2a\x85\x8c\xe4\x8c\x63\x12\x04\x51\x20\x18\
\xba\x41\x3e\xa0\x87\x44\x4c\xc6\x62\x06\x87\xa2\x21\xa1\x01\x13\
\x21\x30\x3a\x71\xc9\x67\x3e\xc8\x13\x1a\x91\x48\xa2\xdf\x50\x88\
\xe3\x28\x20\x31\x21\x33\x9f\xe2\x90\xc5\x21\x0f\x63\x47\x94\x01\
\xe5\x51\x38\x03\x1a\x15\x11\xe7\xf4\xe8\x76\x4f\x68\xe2\x54\x97\
\x93\xda\x1a\x7d\xa7\x16\xa9\xae\xac\x7a\xb0\x7e\xbb\xbc\x5a\x15\
\x65\xe9\x9b\xfb\x52\x2d\xd4\x4e\x55\x3a\xcb\x1a\xca\x73\xa9\xf6\
\x8f\xdf\x14\xda\x02\xc2\xc1\x04\x71\xa3\xa7\x97\x45\xa5\xfe\xd1\
\x45\xb5\x30\xfa\xbe\xca\xae\x26\x7b\xbb\x84\xb8\xe8\x06\x81\x14\
\x1e\x9a\x77\x98\x99\xb7\xa0\xf9\x71\x04\xb5\x2a\x41\xc8\xf9\xdb\
\x21\xe8\xe6\x15\x11\x04\xad\xe8\x14\x82\xe8\x4f\x04\xbd\x0c\x41\
\x21\x67\xff\x09\x41\x47\x5a\xd0\x0d\x5c\x31\xc6\xbe\x21\x84\x0e\
\xed\xbf\x06\x88\x7e\x02\xe7\x1c\x70\x8e\x76\x9e\x28\x7c\xc5\xce\
\xd3\x24\x96\xde\xbc\xe5\xdd\x45\x5f\xb3\xf3\x10\x2c\x4f\x76\x1e\
\x86\xc5\x21\x86\xba\x08\x7c\x4f\x62\xce\xa6\x0b\xbe\xeb\xb6\xf6\
\xea\x39\x48\x21\x2e\x0e\x87\x80\x3f\x01\x33\x5f\x34\x53\xbf\xf5\
\x66\x20\xb7\xd4\x5e\xf4\x00\x54\x63\x66\x43\xfa\xda\x99\x65\x6f\
\x9a\xd9\x9f\x77\xca\xff\xec\x4e\x09\xa2\xf8\x28\x82\xae\xe7\xee\
\x23\xb7\x99\x0d\xef\x05\xf7\xd1\x9e\xed\x0a\xb5\x1f\xbf\x84\x07\
\x12\x0d\x3b\xeb\xdb\x24\x57\xa9\x2e\xb5\x59\x7a\xbf\xac\x9a\xd1\
\x31\x6e\xb5\xc9\x94\xe9\x59\x61\x33\x0e\x58\x1a\xde\x03\x85\x7d\
\x6c\x1f\x43\x17\x87\x00\x71\x56\xeb\x75\x92\xe9\x3d\xbc\x72\x8e\
\x31\x07\x65\x72\x5c\x39\x5d\xab\x14\x8e\x76\xab\x13\x03\x6e\xf7\
\x22\xf5\x5a\xef\x73\xe3\x0e\xb2\x4a\xca\x5a\x3d\x57\x7c\xd2\x1a\
\xc0\x06\x75\x09\xa9\x67\x42\x3e\x67\xa7\x0f\xc0\x14\x38\x10\x92\
\x46\xe2\x1b\x26\xf8\x22\x21\xf1\x24\x16\x31\x7f\xce\xdc\x17\x15\
\x1c\xc5\xef\x9e\x6d\x54\xf0\xf8\x84\x44\xff\xce\x8b\xa2\x6f\x76\
\xef\x24\xc0\x07\xc6\x62\x7a\x82\xeb\xa2\x29\x4f\x31\x37\xc9\x43\
\xb1\x29\x9e\xd4\x24\x20\xa3\xfb\xf7\xc6\x40\x55\xfb\x65\xf2\xa8\
\xcc\xf4\xf5\x38\x2d\xed\x2a\xd9\xfa\x79\xa9\x6f\x93\xb2\xab\xdc\
\x63\x02\x00\x5e\x55\x9f\x08\x70\x23\xe0\xd2\x73\x46\x5f\xdb\x35\
\x3c\x40\xcf\x19\x70\x19\x3c\x2b\x60\xb5\x9f\xdf\x17\x67\xdc\x00\
\x18\x9c\x45\x18\xa8\xde\xf5\xc8\xcd\xa8\xfb\xe9\x8a\xe6\x3a\x1f\
\x6b\x21\x0f\xd8\xf0\x26\x9c\x76\xae\xc9\x9d\xb2\xa8\xe0\x2d\xdf\
\xdf\x1b\x50\x1e\x49\x32\x16\x6b\x5b\xc4\xa2\x5f\x66\x09\x78\x63\
\x4c\xf2\xd8\xe8\x0c\xa5\xdb\x74\x32\x81\x65\x08\x4d\x2b\x86\x76\
\x13\x61\x19\x07\xb1\xe0\xc8\xcd\x78\x18\x04\xf1\x2c\xc4\x44\x46\
\xc0\x8f\xc7\x3e\xdb\x55\x3b\x1d\x28\x63\x4d\x43\x76\xec\xe3\xd6\
\x85\x26\x4d\xc7\x4e\x90\x4f\x55\xf3\x51\x6f\xd2\x83\x37\x89\x35\
\xc5\x03\x5c\xaf\x71\x28\x04\x61\x11\xf4\x4f\xf7\x33\x59\x62\x4e\
\x83\x38\x8c\x86\x09\x11\x97\xa7\x7a\xbb\x7b\xd1\x20\x1a\x60\x2e\
\x02\x18\x33\x89\x9b\xf6\x10\xa1\x70\xe6\x87\xe8\x13\xa2\xbc\x25\
\x84\xe8\x2b\x22\xb0\x66\x1c\x26\x31\x0e\x9a\xe1\xd6\xb4\x9f\x7f\
\x45\x1c\x0b\xde\xe8\x96\xc8\x0f\xe1\x16\x8d\xdd\x90\xe8\xe9\x48\
\xf7\x63\x02\x40\xdd\x9f\xf9\xb8\x4f\x9d\x27\x72\x36\x38\x87\x28\
\x96\x11\x98\x8c\xa0\xd7\x4b\x89\xfc\x7e\x87\x99\x73\x34\x1e\xfd\
\x00\x1f\x3f\x81\xb3\x3b\xe4\x77\x44\x8e\xd6\x88\xf5\x07\xdb\x81\
\x9f\x91\xec\xfc\x84\x8c\xb9\x41\xe1\xb0\xc7\xbc\x9c\x34\xe8\xbc\
\x9b\x18\x95\xda\x63\xf8\xea\x5a\x6e\x7b\x7d\x74\x3d\x71\x41\x07\
\xc4\xd1\x55\xc2\x88\x3c\x44\x1c\x7c\x75\xf4\x84\x4d\x61\x95\x29\
\xa1\x27\xd8\x05\x3f\x8e\xc3\x9e\x3a\x98\x3e\xc0\x98\xf3\x8a\x31\
\x22\x06\x62\xd7\xe0\x04\x1e\x49\x7d\x47\x9b\xd2\x1e\xdc\x92\xc7\
\x81\x08\x83\x68\x20\x3e\x36\x9d\x17\xee\x50\x3e\xd9\xa4\x2f\xc8\
\x01\x87\x7e\x0a\x5d\x4a\x19\xd7\x06\xa1\xf3\x87\x94\x86\x91\x10\
\xec\x05\x0a\x60\xde\x27\x38\x88\x48\x20\x60\xdb\x31\xc4\x3f\x18\
\xd9\xd5\x6a\x7a\xf1\xbe\x59\x64\xfd\xe0\x07\x62\x0b\x61\x84\xaf\
\x13\xc9\x82\x69\x6c\x41\x86\x53\xb8\xd6\xe2\xef\x0b\x2e\x8f\x5f\
\x92\x8d\x69\x70\xa3\xbe\xc4\x1a\xf4\x5e\xbb\xff\xa9\xbd\xbf\xf8\
\x17\x8a\xe2\xc9\x82\
\x00\x00\x0d\x91\
\x3c\
\x3f\x78\x6d\x6c\x20\x76\x65\x72\x73\x69\x6f\x6e\x3d\x22\x31\x2e\
\x30\x22\x20\x65\x6e\x63\x6f\x64\x69\x6e\x67\x3d\x22\x55\x54\x46\
\x2d\x38\x22\x20\x73\x74\x61\x6e\x64\x61\x6c\x6f\x6e\x65\x3d\x22\
\x6e\x6f\x22\x3f\x3e\x0a\x3c\x21\x2d\x2d\x20\x43\x72\x65\x61\x74\
\x65\x64\x20\x77\x69\x74\x68\x20\x49\x6e\x6b\x73\x63\x61\x70\x65\
\x20\x28\x68\x74\x74\x70\x3a\x2f\x2f\x77\x77\x77\x2e\x69\x6e\x6b\
\x73\x63\x61\x70\x65\x2e\x6f\x72\x67\x2f\x29\x20\x2d\x2d\x3e\x0a\
\x0a\x3c\x73\x76\x67\x0a\x20\x20\x20\x77\x69\x64\x74\x68\x3d\x22\
\x32\x34\x22\x0a\x20\x20\x20\x68\x65\x69\x67\x68\x74\x3d\x22\x32\
\x34\x22\x0a\x20\x20\x20\x76\x69\x65\x77\x42\x6f\x78\x3d\x22\x30\
\x20\x30\x20\x32\x34\x20\x32\x34\x22\x0a\x20\x20\x20\x76\x65\x72\
\x73\x69\x6f\x6e\x3d\x22\x31\x2e\x31\x22\x0a\x20\x20\x20\x69\x64\
\x3d\x22\x73\x76\x67\x35\x22\x0a\x20\x20\x20\x69\x6e\x6b\x73\x63\
\x61\x70\x65\x3a\x76\x65\x72\x73\x69\x6f\x6e\x3d\x22\x31\x2e\x32\
\x2e\x32\x20\x28\x62\x30\x61\x38\x34\x38\x36\x35\x34\x31\x2c\x20\
\x32\x30\x32\x32\x2d\x31\x32\x2d\x30\x31\x29\x22\x0a\x20\x20\x20\
\x73\x6f\x64\x69\x70\x6f\x64\x69\x3a\x64\x6f\x63\x6e\x61\x6d\x65\
\x3d\x22\x73\x65\x6c\x65\x63\x74\x5f\x6c\x6f\x6c\x5f\x66\x65\x61\
\x74\x75\x72\x65\x2e\x73\x76\x67\x22\x0a\x20\x20\x20\x78\x6d\x6c\
\x6e\x73\x3a\x69\x6e\x6b\x73\x63\x61\x70\x65\x3d\x22\x68\x74\x74\
\x70\x3a\x2f\x2f\x77\x77\x77\x2e\x69\x6e\x6b\x73\x63\x61\x70\x65\
\x2e\x6f\x72\x67\x2f\x6e\x61\x6d\x65\x73\x70\x61\x63\x65\x73\x2f\
\x69\x6e\x6b\x73\x63\x61\x70\x65\x22\x0a\x20\x20\x20\x78\x6d\x6c\
\x6e\x73\x3a\x73\x6f\x64\x69\x70\x6f\x64\x69\x3d\x22\x68\x74\x74\
\x70\x3a\x2f\x2f\x73\x6f\x64\x69\x70\x6f\x64\x69\x2e\x73\x6f\x75\
\x72\x63\x65\x66\x6f\x72\x67\x65\x2e\x6e\x65\x74\x2f\x44\x54\x44\
\x2f\x73\x6f\x64\x69\x70\x6f\x64\x69\x2d\x30\x2e\x64\x74\x64\x22\
\x0a\x20\x20\x20\x78\x6d\x6c\x6e\x73\x3d\x22\x68\x74\x74\x70\x3a\
\x2f\x2f\x77\x77\x77\x2e\x77\x33\x2e\x6f\x72\x67\x2f\x32\x30\x30\
\x30\x2f\x73\x76\x67\x22\x0a\x20\x20\x20\x78\x6d\x6c\x6e\x73\x3a\
\x73\x76\x67\x3d\x22\x68\x74\x74\x70\x3a\x2f\x2f\x77\x77\x77\x2e\
\x77\x33\x2e\x6f\x72\x67\x2f\x32\x30\x30\x30\x2f\x73\x76\x67\x22\
\x3e\x0a\x20\x20\x3c\x73\x6f\x64\x69\x70\x6f\x64\x69\x3a\x6e\x61\
\x6d\x65\x64\x76\x69\x65\x77\x0a\x20\x20\x20\x20\x20\x69\x64\x3d\
\x22\x6e\x61\x6d\x65\x64\x76\x69\x65\x77\x37\x22\x0a\x20\x20\x20\
\x20\x20\x70\x61\x67\x65\x63\x6f\x6c\x6f\x72\x3d\x22\x23\x66\x66\
\x66\x66\x66\x66\x22\x0a\x20\x20\x20\x20\x20\x62\x6f\x72\x64\x65\
\x72\x63\x6f\x6c\x6f\x72\x3d\x22\x23\x36\x36\x36\x36\x36\x36\x22\
\x0a\x20\x20\x20\x20\x20\x62\x6f\x72\x64\x65\x72\x6f\x70\x61\x63\
\x69\x74\x79\x3d\x22\x31\x2e\x30\x22\x0a\x20\x20\x20\x20\x20\x69\
\x6e\x6b\x73\x63\x61\x70\x65\x3a\x70\x61\x67\x65\x73\x68\x61\x64\
\x6f\x77\x3d\x22\x32\x22\x0a\x20\x20\x20\x20\x20\x69\x6e\x6b\x73\
\x63\x61\x70\x65\x3a\x70\x61\x67\x65\x6f\x70\x61\x63\x69\x74\x79\
\x3d\x22\x30\x2e\x30\x22\x0a\x20\x20\x20\x20\x20\x69\x6e\x6b\x73\
\x63\x61\x70\x65\x3a\x70\x61\x67\x65\x63\x68\x65\x63\x6b\x65\x72\
\x62\x6f\x61\x72\x64\x3d\x22\x30\x22\x0a\x20\x20\x20\x20\x20\x69\
\x6e\x6b\x73\x63\x61\x70\x65\x3a\x64\x6f\x63\x75\x6d\x65\x6e\x74\
\x2d\x75\x6e\x69\x74\x73\x3d\x22\x70\x78\x22\x0a\x20\x20\x20\x20\
\x20\x73\x68\x6f\x77\x67\x72\x69\x64\x3d\x22\x66\x61\x6c\x73\x65\
\x22\x0a\x20\x20\x20\x20\x20\x69\x6e\x6b\x73\x63\x61\x70\x65\x3a\
\x7a\x6f\x6f\x6d\x3d\x22\x31\x2e\x36\x32\x35\x22\x0a\x20\x20\x20\
\x20\x20\x69\x6e\x6b\x73\x63\x61\x70\x65\x3a\x63\x78\x3d\x22\x35\
\x36\x22\x0a\x20\x20\x20\x20\x20\x69\x6e\x6b\x73\x63\x61\x70\x65\
\x3a\x63\x79\x3d\x22\x31\x36\x34\x2e\x39\x32\x33\x30\x38\x22\x0a\
\x20\x20\x20\x20\x20\x69\x6e\x6b\x73\x63\x61\x70\x65\x3a\x77\x69\
\x6e\x64\x6f\x77\x2d\x77\x69\x64\x74\x68\x3d\x22\x31\x39\x32\x30\
\x22\x0a\x20\x20\x20\x20\x20\x69\x6e\x6b\x73\x63\x61\x70\x65\x3a\
\x77\x69\x6e\x64\x6f\x77\x2d\x68\x65\x69\x67\x68\x74\x3d\x22\x31\
\x30\x34\x38\x22\x0a\x20\x20\x20\x20\x20\x69\x6e\x6b\x73\x63\x61\
\x70\x65\x3a\x77\x69\x6e\x64\x6f\x77\x2d\x78\x3d\x22\x31\x39\x32\
\x30\x22\x0a\x20\x20\x20\x20\x20\x69\x6e\x6b\x73\x63\x61\x70\x65\
\x3a\x77\x69\x6e\x64\x6f\x77\x2d\x79\x3d\x22\x30\x22\x0a\x20\x20\
\x20\x20\x20\x69\x6e\x6b\x73\x63\x61\x70\x65\x3a\x77\x69\x6e\x64\
\x6f\x77\x2d\x6d\x61\x78\x69\x6d\x69\x7a\x65\x64\x3d\x22\x31\x22\
\x0a\x20\x20\x20\x20\x20\x69\x6e\x6b\x73\x63\x61\x70\x65\x3a\x63\
\x75\x72\x72\x65\x6e\x74\x2d\x6c\x61\x79\x65\x72\x3d\x22\x6c\x61\
\x79\x65\x72\x31\x22\x0a\x20\x20\x20\x20\x20\x69\x6e\x6b\x73\x63\
\x61\x70\x65\x3a\x73\x68\x6f\x77\x70\x61\x67\x65\x73\x68\x61\x64\
\x6f\x77\x3d\x22\x32\x22\x0a\x20\x20\x20\x20\x20\x69\x6e\x6b\x73\
\x63\x61\x70\x65\x3a\x64\x65\x73\x6b\x63\x6f\x6c\x6f\x72\x3d\x22\
\x23\x64\x31\x64\x31\x64\x31\x22\x20\x2f\x3e\x0a\x20\x20\x3c\x64\
\x65\x66\x73\x0a\x20\x20\x20\x20\x20\x69\x64\x3d\x22\x64\x65\x66\
\x73\x32\x22\x3e\x0a\x20\x20\x20\x20\x3c\x6c\x69\x6e\x65\x61\x72\
\x47\x72\x61\x64\x69\x65\x6e\x74\x0a\x20\x20\x20\x20\x20\x20\x20\
\x69\x64\x3d\x22\x6c\x69\x6e\x65\x61\x72\x47\x72\x61\x64\x69\x65\
\x6e\x74\x33\x30\x35\x36\x22\x0a\x20\x20\x20\x20\x20\x20\x20\x69\
\x6e\x6b\x73\x63\x61\x70\x65\x3a\x73\x77\x61\x74\x63\x68\x3d\x22\
\x73\x6f\x6c\x69\x64\x22\x3e\x0a\x20\x20\x20\x20\x20\x20\x3c\x73\
\x74\x6f\x70\x0a\x20\x20\x20\x20\x20\x20\x20\x20\x20\x73\x74\x79\
\x6c\x65\x3d\x22\x73\x74\x6f\x70\x2d\x63\x6f\x6c\x6f\x72\x3a\x23\
\x30\x30\x30\x30\x30\x30\x3b\x73\x74\x6f\x70\x2d\x6f\x70\x61\x63\
\x69\x74\x79\x3a\x31\x3b\x22\x0a\x20\x20\x20\x20\x20\x20\x20\x20\
\x20\x6f\x66\x66\x73\x65\x74\x3d\x22\x30\x22\x0a\x20\x20\x20\x20\
\x20\x20\x20\x20\x20\x69\x64\x3d\x22\x73\x74\x6f\x70\x33\x30\x35\
\x34\x22\x20\x2f\x3e\x0a\x20\x20\x20\x20\x3c\x2f\x6c\x69\x6e\x65\
\x61\x72\x47\x72\x61\x64\x69\x65\x6e\x74\x3e\x0a\x20\x20\x20\x20\
\x3c\x6c\x69\x6e\x65\x61\x72\x47\x72\x61\x64\x69\x65\x6e\x74\x0a\
\x20\x20\x20\x20\x20\x20\x20\x69\x64\x3d\x22\x6c\x69\x6e\x65\x61\
\x72\x47\x72\x61\x64\x69\x65\x6e\x74\x39\x37\x34\x22\x0a\x20\x20\
\x20\x20\x20\x20\x20\x69\x6e\x6b\x73\x63\x61\x70\x65\x3a\x73\x77\
\x61\x74\x63\x68\x3d\x22\x73\x6f\x6c\x69\x64\x22\x3e\x0a\x20\x20\
\x20\x20\x20\x20\x3c\x73\x74\x6f\x70\x0a\x20\x20\x20\x20\x20\x20\
\x20\x20\x20\x73\x74\x79\x6c\x65\x3d\x22\x73\x74\x6f\x70\x2d\x63\
\x6f\x6c\x6f\x72\x3a\x23\x30\x30\x66\x66\x30\x30\x3b\x73\x74\x6f\
\x70\x2d\x6f\x70\x61\x63\x69\x74\x79\x3a\x31\x3b\x22\x0a\x20\x20\
\x20\x20\x20\x20\x20\x20\x20\x6f\x66\x66\x73\x65\x74\x3d\x22\x30\
\x22\x0a\x20\x20\x20\x20\x20\x20\x20\x20\x20\x69\x64\x3d\x22\x73\
\x74\x6f\x70\x39\x37\x32\x22\x20\x2f\x3e\x0a\x20\x20\x20\x20\x3c\
\x2f\x6c\x69\x6e\x65\x61\x72\x47\x72\x61\x64\x69\x65\x6e\x74\x3e\
\x0a\x20\x20\x3c\x2f\x64\x65\x66\x73\x3e\x0a\x20\x20\x3c\x67\x0a\
\x20\x20\x20\x20\x20\x69\x6e\x6b\x73\x63\x61\x70\x65\x3a\x6c\x61\
\x62\x65\x6c\x3d\x22\x45\x62\x65\x6e\x65\x20\x31\x22\x0a\x20\x20\
\x20\x20\x20\x69\x6e\x6b\x73\x63\x61\x70\x65\x3a\x67\x72\x6f\x75\
\x70\x6d\x6f\x64\x65\x3d\x22\x6c\x61\x79\x65\x72\x22\x0a\x20\x20\
\x20\x20\x20\x69\x64\x3d\x22\x6c\x61\x79\x65\x72\x31\x22\x3e\x0a\
\x20\x20\x20\x20\x3c\x67\x0a\x20\x20\x20\x20\x20\x20\x20\x69\x64\
\x3d\x22\x67\x39\x36\x39\x22\x0a\x20\x20\x20\x20\x20\x20\x20\x74\
\x72\x61\x6e\x73\x66\x6f\x72\x6d\x3d\x22\x74\x72\x61\x6e\x73\x6c\
\x61\x74\x65\x28\x2d\x30\x2e\x34\x32\x34\x39\x39\x32\x38\x34\x2c\
\x2d\x30\x2e\x34\x32\x34\x39\x35\x34\x33\x36\x29\x22\x3e\x0a\x20\
\x20\x20\x20\x20\x20\x3c\x70\x61\x74\x68\x0a\x20\x20\x20\x20\x20\
\x20\x20\x20\x20\x64\x3d\x22\x4d\x20\x31\x2e\x34\x37\x39\x38\x37\
\x35\x38\x2c\x31\x2e\x34\x37\x39\x38\x20\x48\x20\x32\x32\x2e\x35\
\x32\x30\x31\x32\x33\x20\x56\x20\x32\x30\x2e\x35\x32\x20\x48\x20\
\x31\x2e\x34\x37\x39\x38\x37\x35\x38\x20\x5a\x22\x0a\x20\x20\x20\
\x20\x20\x20\x20\x20\x20\x66\x69\x6c\x6c\x3d\x22\x23\x65\x35\x65\
\x35\x65\x35\x22\x0a\x20\x20\x20\x20\x20\x20\x20\x20\x20\x73\x74\
\x72\x6f\x6b\x65\x3d\x22\x23\x34\x32\x34\x32\x34\x32\x22\x0a\x20\
\x20\x20\x20\x20\x20\x20\x20\x20\x73\x74\x72\x6f\x6b\x65\x2d\x64\
\x61\x73\x68\x61\x72\x72\x61\x79\x3d\x22\x31\x2e\x39\x31\x39\x35\
\x2c\x20\x30\x2e\x39\x35\x39\x37\x35\x32\x22\x0a\x20\x20\x20\x20\
\x20\x20\x20\x20\x20\x73\x74\x72\x6f\x6b\x65\x2d\x77\x69\x64\x74\
\x68\x3d\x22\x30\x2e\x39\x35\x39\x37\x35\x32\x22\x0a\x20\x20\x20\
\x20\x20\x20\x20\x20\x20\x69\x64\x3d\x22\x70\x61\x74\x68\x37\x36\
\x33\x22\x20\x2f\x3e\x0a\x20\x20\x20\x20\x20\x20\x3c\x67\x0a\x20\
\x20\x20\x20\x20\x20\x20\x20\x20\x69\x64\x3d\x22\x67\x34\x35\x39\
\x22\x0a\x20\x20\x20\x20\x20\x20\x20\x20\x20\x74\x72\x61\x6e\x73\
\x66\x6f\x72\x6d\x3d\x22\x6d\x61\x74\x72\x69\x78\x28\x30\x2e\x36\
\x37\x37\x36\x31\x37\x32\x31\x2c\x30\x2c\x30\x2c\x30\x2e\x36\x37\
\x37\x36\x31\x37\x32\x31\x2c\x31\x2e\x37\x31\x39\x36\x31\x36\x2c\
\x31\x2e\x38\x30\x33\x33\x36\x36\x36\x29\x22\x3e\x0a\x20\x20\x20\
\x20\x20\x20\x20\x20\x3c\x70\x61\x74\x68\x0a\x20\x20\x20\x20\x20\
\x20\x20\x20\x20\x20\x20\x73\x74\x79\x6c\x65\x3d\x22\x66\x69\x6c\
\x6c\x3a\x6e\x6f\x6e\x65\x3b\x73\x74\x72\x6f\x6b\x65\x3a\x23\x66\
\x66\x61\x61\x30\x30\x3b\x73\x74\x72\x6f\x6b\x65\x2d\x77\x69\x64\
\x74\x68\x3a\x35\x3b\x73\x74\x72\x6f\x6b\x65\x2d\x64\x61\x73\x68\
\x61\x72\x72\x61\x79\x3a\x6e\x6f\x6e\x65\x22\x0a\x20\x20\x20\x20\
\x20\x20\x20\x20\x20\x20\x20\x64\x3d\x22\x4d\x20\x32\x2e\x37\x33\
\x32\x31\x38\x32\x31\x2c\x32\x31\x2e\x33\x36\x30\x36\x39\x37\x20\
\x32\x31\x2e\x33\x36\x30\x36\x39\x37\x2c\x32\x2e\x34\x30\x31\x30\
\x30\x38\x35\x22\x0a\x20\x20\x20\x20\x20\x20\x20\x20\x20\x20\x20\
\x69\x64\x3d\x22\x70\x61\x74\x68\x31\x22\x0a\x20\x20\x20\x20\x20\
\x20\x20\x20\x20\x20\x20\x73\x6f\x64\x69\x70\x6f\x64\x69\x3a\x6e\
\x6f\x64\x65\x74\x79\x70\x65\x73\x3d\x22\x63\x63\x22\x20\x2f\x3e\
\x0a\x20\x20\x20\x20\x20\x20\x20\x20\x3c\x72\x65\x63\x74\x0a\x20\
\x20\x20\x20\x20\x20\x20\x20\x20\x20\x20\x73\x74\x79\x6c\x65\x3d\
\x22\x66\x69\x6c\x6c\x3a\x23\x66\x66\x66\x66\x66\x66\x3b\x66\x69\
\x6c\x6c\x2d\x6f\x70\x61\x63\x69\x74\x79\x3a\x31\x3b\x73\x74\x72\
\x6f\x6b\x65\x3a\x23\x31\x66\x61\x32\x30\x38\x3b\x73\x74\x72\x6f\
\x6b\x65\x2d\x77\x69\x64\x74\x68\x3a\x32\x2e\x35\x3b\x73\x74\x72\
\x6f\x6b\x65\x2d\x6d\x69\x74\x65\x72\x6c\x69\x6d\x69\x74\x3a\x34\
\x3b\x73\x74\x72\x6f\x6b\x65\x2d\x64\x61\x73\x68\x61\x72\x72\x61\
\x79\x3a\x6e\x6f\x6e\x65\x3b\x73\x74\x72\x6f\x6b\x65\x2d\x6f\x70\
\x61\x63\x69\x74\x79\x3a\x31\x22\x0a\x20\x20\x20\x20\x20\x20\x20\
\x20\x20\x20\x20\x69\x64\x3d\x22\x72\x65\x63\x74\x32\x32\x30\x35\
\x22\x0a\x20\x20\x20\x20\x20\x20\x20\x20\x20\x20\x20\x77\x69\x64\
\x74\x68\x3d\x22\x35\x2e\x35\x22\x0a\x20\x20\x20\x20\x20\x20\x20\
\x20\x20\x20\x20\x68\x65\x69\x67\x68\x74\x3d\x22\x35\x2e\x35\x22\
\x0a\x20\x20\x20\x20\x20\x20\x20\x20\x20\x20\x20\x78\x3d\x22\x32\
\x2e\x30\x35\x31\x39\x35\x37\x36\x22\x0a\x20\x20\x20\x20\x20\x20\
\x20\x20\x20\x20\x20\x79\x3d\x22\x31\x36\x2e\x33\x36\x38\x33\x34\
\x22\x0a\x20\x20\x20\x20\x20\x20\x20\x20\x20\x20\x20\x69\x6e\x6b\
\x73\x63\x61\x70\x65\x3a\x74\x72\x61\x6e\x73\x66\x6f\x72\x6d\x2d\
\x63\x65\x6e\x74\x65\x72\x2d\x78\x3d\x22\x30\x2e\x30\x36\x31\x31\
\x36\x37\x35\x35\x32\x22\x0a\x20\x20\x20\x20\x20\x20\x20\x20\x20\
\x20\x20\x69\x6e\x6b\x73\x63\x61\x70\x65\x3a\x74\x72\x61\x6e\x73\
\x66\x6f\x72\x6d\x2d\x63\x65\x6e\x74\x65\x72\x2d\x79\x3d\x22\x2d\
\x30\x2e\x33\x37\x30\x33\x35\x35\x36\x33\x22\x20\x2f\x3e\x0a\x20\
\x20\x20\x20\x20\x20\x20\x20\x3c\x72\x65\x63\x74\x0a\x20\x20\x20\
\x20\x20\x20\x20\x20\x20\x20\x20\x73\x74\x79\x6c\x65\x3d\x22\x66\
\x69\x6c\x6c\x3a\x23\x66\x66\x66\x66\x66\x66\x3b\x66\x69\x6c\x6c\
\x2d\x6f\x70\x61\x63\x69\x74\x79\x3a\x31\x3b\x73\x74\x72\x6f\x6b\
\x65\x3a\x23\x66\x66\x30\x30\x30\x30\x3b\x73\x74\x72\x6f\x6b\x65\
\x2d\x77\x69\x64\x74\x68\x3a\x32\x2e\x35\x3b\x73\x74\x72\x6f\x6b\
\x65\x2d\x6d\x69\x74\x65\x72\x6c\x69\x6d\x69\x74\x3a\x34\x3b\x73\
\x74\x72\x6f\x6b\x65\x2d\x64\x61\x73\x68\x61\x72\x72\x61\x79\x3a\
\x6e\x6f\x6e\x65\x3b\x73\x74\x72\x6f\x6b\x65\x2d\x6f\x70\x61\x63\
\x69\x74\x79\x3a\x31\x22\x0a\x20\x20\x20\x20\x20\x20\x20\x20\x20\
\x20\x20\x69\x64\x3d\x22\x72\x65\x63\x74\x32\x32\x30\x35\x2d\x33\
\x22\x0a\x20\x20\x20\x20\x20\x20\x20\x20\x20\x20\x20\x77\x69\x64\
\x74\x68\x3d\x22\x35\x2e\x35\x22\x0a\x20\x20\x20\x20\x20\x20\x20\
\x20\x20\x20\x20\x68\x65\x69\x67\x68\x74\x3d\x22\x35\x2e\x35\x22\
\x0a\x20\x20\x20\x20\x20\x20\x20\x20\x20\x20\x20\x78\x3d\x22\x31\
\x36\x2e\x34\x37\x39\x31\x33\x39\x22\x0a\x20\x20\x20\x20\x20\x20\
\x20\x20\x20\x20\x20\x79\x3d\x22\x31\x2e\x39\x39\x33\x31\x32\x32\
\x33\x22\x0a\x20\x20\x20\x20\x20\x20\x20\x20\x20\x20\x20\x69\x6e\
\x6b\x73\x63\x61\x70\x65\x3a\x74\x72\x61\x6e\x73\x66\x6f\x72\x6d\
\x2d\x63\x65\x6e\x74\x65\x72\x2d\x78\x3d\x22\x30\x2e\x30\x36\x31\
\x31\x36\x37\x34\x39\x31\x22\x0a\x20\x20\x20\x20\x20\x20\x20\x20\
\x20\x20\x20\x69\x6e\x6b\x73\x63\x61\x70\x65\x3a\x74\x72\x61\x6e\
\x73\x66\x6f\x72\x6d\x2d\x63\x65\x6e\x74\x65\x72\x2d\x79\x3d\x22\
\x2d\x30\x2e\x33\x37\x30\x33\x35\x35\x37\x34\x22\x20\x2f\x3e\x0a\
\x20\x20\x20\x20\x20\x20\x3c\x2f\x67\x3e\x0a\x20\x20\x20\x20\x20\
\x20\x3c\x70\x61\x74\x68\x0a\x20\x20\x20\x20\x20\x20\x20\x20\x20\
\x64\x3d\x22\x4d\x20\x32\x32\x2e\x36\x35\x32\x37\x34\x33\x2c\x31\
\x35\x2e\x36\x39\x35\x35\x20\x39\x2e\x38\x39\x36\x32\x37\x39\x2c\
\x38\x2e\x37\x31\x36\x34\x20\x31\x35\x2e\x33\x37\x33\x38\x33\x32\
\x2c\x32\x32\x2e\x33\x31\x37\x38\x20\x31\x37\x2e\x35\x35\x34\x37\
\x31\x39\x2c\x31\x38\x2e\x37\x38\x36\x36\x20\x32\x31\x2e\x38\x36\
\x36\x38\x37\x38\x2c\x32\x33\x2e\x35\x20\x32\x33\x2e\x35\x2c\x32\
\x31\x2e\x39\x30\x38\x37\x20\x31\x39\x2e\x30\x39\x31\x34\x30\x31\
\x2c\x31\x37\x2e\x32\x34\x30\x34\x20\x32\x32\x2e\x36\x35\x32\x37\
\x34\x34\x2c\x31\x35\x2e\x36\x39\x35\x35\x20\x5a\x22\x0a\x20\x20\
\x20\x20\x20\x20\x20\x20\x20\x66\x69\x6c\x6c\x3d\x22\x23\x66\x66\
\x66\x66\x66\x66\x22\x0a\x20\x20\x20\x20\x20\x20\x20\x20\x20\x66\
\x69\x6c\x6c\x2d\x72\x75\x6c\x65\x3d\x22\x65\x76\x65\x6e\x6f\x64\
\x64\x22\x0a\x20\x20\x20\x20\x20\x20\x20\x20\x20\x73\x74\x72\x6f\
\x6b\x65\x3d\x22\x23\x30\x30\x30\x30\x30\x30\x22\x0a\x20\x20\x20\
\x20\x20\x20\x20\x20\x20\x73\x74\x72\x6f\x6b\x65\x2d\x6c\x69\x6e\
\x65\x6a\x6f\x69\x6e\x3d\x22\x72\x6f\x75\x6e\x64\x22\x0a\x20\x20\
\x20\x20\x20\x20\x20\x20\x20\x73\x74\x72\x6f\x6b\x65\x2d\x77\x69\
\x64\x74\x68\x3d\x22\x30\x2e\x37\x22\x0a\x20\x20\x20\x20\x20\x20\
\x20\x20\x20\x69\x64\x3d\x22\x70\x61\x74\x68\x37\x36\x37\x22\x0a\
\x20\x20\x20\x20\x20\x20\x20\x20\x20\x73\x74\x79\x6c\x65\x3d\x22\
\x73\x74\x72\x6f\x6b\x65\x2d\x6c\x69\x6e\x65\x63\x61\x70\x3a\x72\
\x6f\x75\x6e\x64\x22\x20\x2f\x3e\x0a\x20\x20\x20\x20\x3c\x2f\x67\
\x3e\x0a\x20\x20\x3c\x2f\x67\x3e\x0a\x3c\x2f\x73\x76\x67\x3e\x0a\
\
\x00\x00\x0a\xd3\
\x3c\
\x3f\x78\x6d\x6c\x20\x76\x65\x72\x73\x69\x6f\x6e\x3d\x22\x31\x2e\
\x30\x22\x20\x65\x6e\x63\x6f\x64\x69\x6e\x67\x3d\x22\x55\x54\x46\
\x2d\x38\x22\x20\x73\x74\x61\x6e\x64\x61\x6c\x6f\x6e\x65\x3d\x22\
\x6e\x6f\x22\x3f\x3e\x0a\x3c\x21\x2d\x2d\x20\x43\x72\x65\x61\x74\
\x65\x64\x20\x77\x69\x74\x68\x20\x49\x6e\x6b\x73\x63\x61\x70\x65\
\x20\x28\x68\x74\x74\x70\x3a\x2f\x2f\x77\x77\x77\x2e\x69\x6e\x6b\
\x73\x63\x61\x70\x65\x2e\x6f\x72\x67\x2f\x29\x20\x2d\x2d\x3e\x0a\
\x0a\x3c\x73\x76\x67\x0a\x20\x20\x20\x77\x69\x64\x74\x68\x3d\x22\
\x32\x34\x22\x0a\x20\x20\x20\x68\x65\x69\x67\x68\x74\x3d\x22\x32\
\x34\x22\x0a\x20\x20\x20\x76\x69\x65\x77\x42\x6f\x78\x3d\x22\x30\
\x20\x30\x20\x32\x34\x20\x32\x34\x22\x0a\x20\x20\x20\x76\x65\x72\
\x73\x69\x6f\x6e\x3d\x22\x31\x2e\x31\x22\x0a\x20\x20\x20\x69\x64\
\x3d\x22\x73\x76\x67\x35\x22\x0a\x20\x20\x20\x69\x6e\x6b\x73\x63\
\x61\x70\x65\x3a\x76\x65\x72\x73\x69\x6f\x6e\x3d\x22\x31\x2e\x32\
\x2e\x32\x20\x28\x62\x30\x61\x38\x34\x38\x36\x35\x34\x31\x2c\x20\
\x32\x30\x32\x32\x2d\x31\x32\x2d\x30\x31\x29\x22\x0a\x20\x20\x20\
\x73\x6f\x64\x69\x70\x6f\x64\x69\x3a\x64\x6f\x63\x6e\x61\x6d\x65\
\x3d\x22\x73\x65\x6c\x65\x63\x74\x5f\x70\x6f\x6c\x5f\x66\x65\x61\
\x74\x75\x72\x65\x2e\x73\x76\x67\x22\x0a\x20\x20\x20\x78\x6d\x6c\
\x6e\x73\x3a\x69\x6e\x6b\x73\x63\x61\x70\x65\x3d\x22\x68\x74\x74\
\x70\x3a\x2f\x2f\x77\x77\x77\x2e\x69\x6e\x6b\x73\x63\x61\x70\x65\
\x2e\x6f\x72\x67\x2f\x6e\x61\x6d\x65\x73\x70\x61\x63\x65\x73\x2f\
\x69\x6e\x6b\x73\x63\x61\x70\x65\x22\x0a\x20\x20\x20\x78\x6d\x6c\
\x6e\x73\x3a\x73\x6f\x64\x69\x70\x6f\x64\x69\x3d\x22\x68\x74\x74\
\x70\x3a\x2f\x2f\x73\x6f\x64\x69\x70\x6f\x64\x69\x2e\x73\x6f\x75\
\x72\x63\x65\x66\x6f\x72\x67\x65\x2e\x6e\x65\x74\x2f\x44\x54\x44\
\x2f\x73\x6f\x64\x69\x70\x6f\x64\x69\x2d\x30\x2e\x64\x74\x64\x22\
\x0a\x20\x20\x20\x78\x6d\x6c\x6e\x73\x3d\x22\x68\x74\x74\x70\x3a\
\x2f\x2f\x77\x77\x77\x2e\x77\x33\x2e\x6f\x72\x67\x2f\x32\x30\x30\
\x30\x2f\x73\x76\x67\x22\x0a\x20\x20\x20\x78\x6d\x6c\x6e\x73\x3a\
\x73\x76\x67\x3d\x22\x68\x74\x74\x70\x3a\x2f\x2f\x77\x77\x77\x2e\
\x77\x33\x2e\x6f\x72\x67\x2f\x32\x30\x30\x30\x2f\x73\x76\x67\x22\
\x3e\x0a\x20\x20\x3c\x73\x6f\x64\x69\x70\x6f\x64\x69\x3a\x6e\x61\
\x6d\x65\x64\x76\x69\x65\x77\x0a\x20\x20\x20\x20\x20\x69\x64\x3d\
\x22\x6e\x61\x6d\x65\x64\x76\x69\x65\x77\x37\x22\x0a\x20\x20\x20\
\x20\x20\x70\x61\x67\x65\x63\x6f\x6c\x6f\x72\x3d\x22\x23\x66\x66\
\x66\x66\x66\x66\x22\x0a\x20\x20\x20\x20\x20\x62\x6f\x72\x64\x65\
\x72\x63\x6f\x6c\x6f\x72\x3d\x22\x23\x36\x36\x36\x36\x36\x36\x22\
\x0a\x20\x20\x20\x20\x20\x62\x6f\x72\x64\x65\x72\x6f\x70\x61\x63\
\x69\x74\x79\x3d\x22\x31\x2e\x30\x22\x0a\x20\x20\x20\x20\x20\x69\
\x6e\x6b\x73\x63\x61\x70\x65\x3a\x70\x61\x67\x65\x73\x68\x61\x64\
\x6f\x77\x3d\x22\x32\x22\x0a\x20\x20\x20\x20\x20\x69\x6e\x6b\x73\
\x63\x61\x70\x65\x3a\x70\x61\x67\x65\x6f\x70\x61\x63\x69\x74\x79\
\x3d\x22\x30\x2e\x30\x22\x0a\x20\x20\x20\x20\x20\x69\x6e\x6b\x73\
\x63\x61\x70\x65\x3a\x70\x61\x67\x65\x63\x68\x65\x63\x6b\x65\x72\
\x62\x6f\x61\x72\x64\x3d\x22\x30\x22\x0a\x20\x20\x20\x20\x20\x69\
\x6e\x6b\x73\x63\x61\x70\x65\x3a\x64\x6f\x63\x75\x6d\x65\x6e\x74\
\x2d\x75\x6e\x69\x74\x73\x3d\x22\x70\x78\x22\x0a\x20\x20\x20\x20\
\x20\x73\x68\x6f\x77\x67\x72\x69\x64\x3d\x22\x66\x61\x6c\x73\x65\
\x22\x0a\x20\x20\x20\x20\x20\x69\x6e\x6b\x73\x63\x61\x70\x65\x3a\
\x7a\x6f\x6f\x6d\x3d\x22\x34\x2e\x35\x39\x36\x31\x39\x34\x31\x22\
\x0a\x20\x20\x20\x20\x20\x69\x6e\x6b\x73\x63\x61\x70\x65\x3a\x63\
\x78\x3d\x22\x32\x38\x2e\x35\x30\x31\x38\x34\x33\x22\x0a\x20\x20\
\x20\x20\x20\x69\x6e\x6b\x73\x63\x61\x70\x65\x3a\x63\x79\x3d\x22\
\x37\x30\x2e\x37\x31\x30\x36\x37\x38\x22\x0a\x20\x20\x20\x20\x20\
\x69\x6e\x6b\x73\x63\x61\x70\x65\x3a\x77\x69\x6e\x64\x6f\x77\x2d\
\x77\x69\x64\x74\x68\x3d\x22\x31\x39\x32\x30\x22\x0a\x20\x20\x20\
\x20\x20\x69\x6e\x6b\x73\x63\x61\x70\x65\x3a\x77\x69\x6e\x64\x6f\
\x77\x2d\x68\x65\x69\x67\x68\x74\x3d\x22\x31\x30\x34\x38\x22\x0a\
\x20\x20\x20\x20\x20\x69\x6e\x6b\x73\x63\x61\x70\x65\x3a\x77\x69\
\x6e\x64\x6f\x77\x2d\x78\x3d\x22\x31\x39\x32\x30\x22\x0a\x20\x20\
\x20\x20\x20\x69\x6e\x6b\x73\x63\x61\x70\x65\x3a\x77\x69\x6e\x64\
\x6f\x77\x2d\x79\x3d\x22\x30\x22\x0a\x20\x20\x20\x20\x20\x69\x6e\
\x6b\x73\x63\x61\x70\x65\x3a\x77\x69\x6e\x64\x6f\x77\x2d\x6d\x61\
\x78\x69\x6d\x69\x7a\x65\x64\x3d\x22\x31\x22\x0a\x20\x20\x20\x20\
\x20\x69\x6e\x6b\x73\x63\x61\x70\x65\x3a\x63\x75\x72\x72\x65\x6e\
\x74\x2d\x6c\x61\x79\x65\x72\x3d\x22\x6c\x61\x79\x65\x72\x31\x22\
\x0a\x20\x20\x20\x20\x20\x69\x6e\x6b\x73\x63\x61\x70\x65\x3a\x73\
\x68\x6f\x77\x70\x61\x67\x65\x73\x68\x61\x64\x6f\x77\x3d\x22\x32\
\x22\x0a\x20\x20\x20\x20\x20\x69\x6e\x6b\x73\x63\x61\x70\x65\x3a\
\x64\x65\x73\x6b\x63\x6f\x6c\x6f\x72\x3d\x22\x23\x64\x31\x64\x31\
\x64\x31\x22\x20\x2f\x3e\x0a\x20\x20\x3c\x64\x65\x66\x73\x0a\x20\
\x20\x20\x20\x20\x69\x64\x3d\x22\x64\x65\x66\x73\x32\x22\x3e\x0a\
\x20\x20\x20\x20\x3c\x6c\x69\x6e\x65\x61\x72\x47\x72\x61\x64\x69\
\x65\x6e\x74\x0a\x20\x20\x20\x20\x20\x20\x20\x69\x64\x3d\x22\x6c\
\x69\x6e\x65\x61\x72\x47\x72\x61\x64\x69\x65\x6e\x74\x33\x30\x35\
\x36\x22\x0a\x20\x20\x20\x20\x20\x20\x20\x69\x6e\x6b\x73\x63\x61\
\x70\x65\x3a\x73\x77\x61\x74\x63\x68\x3d\x22\x73\x6f\x6c\x69\x64\
\x22\x3e\x0a\x20\x20\x20\x20\x20\x20\x3c\x73\x74\x6f\x70\x0a\x20\
\x20\x20\x20\x20\x20\x20\x20\x20\x73\x74\x79\x6c\x65\x3d\x22\x73\
\x74\x6f\x70\x2d\x63\x6f\x6c\x6f\x72\x3a\x23\x30\x30\x30\x30\x30\
\x30\x3b\x73\x74\x6f\x70\x2d\x6f\x70\x61\x63\x69\x74\x79\x3a\x31\
\x3b\x22\x0a\x20\x20\x20\x20\x20\x20\x20\x20\x20\x6f\x66\x66\x73\
\x65\x74\x3d\x22\x30\x22\x0a\x20\x20\x20\x20\x20\x20\x20\x20\x20\
\x69\x64\x3d\x22\x73\x74\x6f\x70\x33\x30\x35\x34\x22\x20\x2f\x3e\
\x0a\x20\x20\x20\x20\x3c\x2f\x6c\x69\x6e\x65\x61\x72\x47\x72\x61\
\x64\x69\x65\x6e\x74\x3e\x0a\x20\x20\x20\x20\x3c\x6c\x69\x6e\x65\
\x61\x72\x47\x72\x61\x64\x69\x65\x6e\x74\x0a\x20\x20\x20\x20\x20\
\x20\x20\x69\x64\x3d\x22\x6c\x69\x6e\x65\x61\x72\x47\x72\x61\x64\
\x69\x65\x6e\x74\x39\x37\x34\x22\x0a\x20\x20\x20\x20\x20\x20\x20\
\x69\x6e\x6b\x73\x63\x61\x70\x65\x3a\x73\x77\x61\x74\x63\x68\x3d\
\x22\x73\x6f\x6c\x69\x64\x22\x3e\x0a\x20\x20\x20\x20\x20\x20\x3c\
\x73\x74\x6f\x70\x0a\x20\x20\x20\x20\x20\x20\x20\x20\x20\x73\x74\
\x79\x6c\x65\x3d\x22\x73\x74\x6f\x70\x2d\x63\x6f\x6c\x6f\x72\x3a\
\x23\x30\x30\x66\x66\x30\x30\x3b\x73\x74\x6f\x70\x2d\x6f\x70\x61\
\x63\x69\x74\x79\x3a\x31\x3b\x22\x0a\x20\x20\x20\x20\x20\x20\x20\
\x20\x20\x6f\x66\x66\x73\x65\x74\x3d\x22\x30\x22\x0a\x20\x20\x20\
\x20\x20\x20\x20\x20\x20\x69\x64\x3d\x22\x73\x74\x6f\x70\x39\x37\
\x32\x22\x20\x2f\x3e\x0a\x20\x20\x20\x20\x3c\x2f\x6c\x69\x6e\x65\
\x61\x72\x47\x72\x61\x64\x69\x65\x6e\x74\x3e\x0a\x20\x20\x3c\x2f\
\x64\x65\x66\x73\x3e\x0a\x20\x20\x3c\x67\x0a\x20\x20\x20\x20\x20\
\x69\x6e\x6b\x73\x63\x61\x70\x65\x3a\x6c\x61\x62\x65\x6c\x3d\x22\
\x45\x62\x65\x6e\x65\x20\x31\x22\x0a\x20\x20\x20\x20\x20\x69\x6e\
\x6b\x73\x63\x61\x70\x65\x3a\x67\x72\x6f\x75\x70\x6d\x6f\x64\x65\
\x3d\x22\x6c\x61\x79\x65\x72\x22\x0a\x20\x20\x20\x20\x20\x69\x64\
\x3d\x22\x6c\x61\x79\x65\x72\x31\x22\x3e\x0a\x20\x20\x20\x20\x3c\
\x67\x0a\x20\x20\x20\x20\x20\x20\x20\x69\x64\x3d\x22\x67\x31\x31\
\x37\x38\x22\x0a\x20\x20\x20\x20\x20\x20\x20\x74\x72\x61\x6e\x73\
\x66\x6f\x72\x6d\x3d\x22\x74\x72\x61\x6e\x73\x6c\x61\x74\x65\x28\
\x2d\x30\x2e\x34\x32\x34\x39\x39\x32\x38\x34\x2c\x2d\x30\x2e\x34\
\x32\x34\x39\x35\x34\x33\x36\x29\x22\x3e\x0a\x20\x20\x20\x20\x20\
\x20\x3c\x70\x61\x74\x68\x0a\x20\x20\x20\x20\x20\x20\x20\x20\x20\
\x64\x3d\x22\x4d\x20\x31\x2e\x34\x37\x39\x38\x37\x35\x38\x2c\x31\
\x2e\x34\x37\x39\x38\x20\x48\x20\x32\x32\x2e\x35\x32\x30\x31\x32\
\x33\x20\x56\x20\x32\x30\x2e\x35\x32\x20\x48\x20\x31\x2e\x34\x37\
\x39\x38\x37\x35\x38\x20\x5a\x22\x0a\x20\x20\x20\x20\x20\x20\x20\
\x20\x20\x66\x69\x6c\x6c\x3d\x22\x23\x65\x35\x65\x35\x65\x35\x22\
\x0a\x20\x20\x20\x20\x20\x20\x20\x20\x20\x73\x74\x72\x6f\x6b\x65\
\x3d\x22\x23\x34\x32\x34\x32\x34\x32\x22\x0a\x20\x20\x20\x20\x20\
\x20\x20\x20\x20\x73\x74\x72\x6f\x6b\x65\x2d\x64\x61\x73\x68\x61\
\x72\x72\x61\x79\x3d\x22\x31\x2e\x39\x31\x39\x35\x2c\x20\x30\x2e\
\x39\x35\x39\x37\x35\x32\x22\x0a\x20\x20\x20\x20\x20\x20\x20\x20\
\x20\x73\x74\x72\x6f\x6b\x65\x2d\x77\x69\x64\x74\x68\x3d\x22\x30\
\x2e\x39\x35\x39\x37\x35\x32\x22\x0a\x20\x20\x20\x20\x20\x20\x20\
\x20\x20\x69\x64\x3d\x22\x70\x61\x74\x68\x37\x36\x33\x22\x20\x2f\
\x3e\x0a\x20\x20\x20\x20\x20\x20\x3c\x72\x65\x63\x74\x0a\x20\x20\
\x20\x20\x20\x20\x20\x20\x20\x73\x74\x79\x6c\x65\x3d\x22\x66\x69\
\x6c\x6c\x3a\x23\x66\x66\x66\x66\x66\x66\x3b\x66\x69\x6c\x6c\x2d\
\x6f\x70\x61\x63\x69\x74\x79\x3a\x31\x3b\x73\x74\x72\x6f\x6b\x65\
\x3a\x23\x31\x66\x61\x32\x30\x38\x3b\x73\x74\x72\x6f\x6b\x65\x2d\
\x77\x69\x64\x74\x68\x3a\x32\x2e\x36\x34\x34\x33\x38\x3b\x73\x74\
\x72\x6f\x6b\x65\x2d\x6d\x69\x74\x65\x72\x6c\x69\x6d\x69\x74\x3a\
\x34\x3b\x73\x74\x72\x6f\x6b\x65\x2d\x64\x61\x73\x68\x61\x72\x72\
\x61\x79\x3a\x6e\x6f\x6e\x65\x3b\x73\x74\x72\x6f\x6b\x65\x2d\x6f\
\x70\x61\x63\x69\x74\x79\x3a\x31\x22\x0a\x20\x20\x20\x20\x20\x20\
\x20\x20\x20\x69\x64\x3d\x22\x72\x65\x63\x74\x32\x32\x30\x35\x22\
\x0a\x20\x20\x20\x20\x20\x20\x20\x20\x20\x77\x69\x64\x74\x68\x3d\
\x22\x36\x2e\x39\x32\x39\x37\x37\x32\x34\x22\x0a\x20\x20\x20\x20\
\x20\x20\x20\x20\x20\x68\x65\x69\x67\x68\x74\x3d\x22\x36\x2e\x37\
\x34\x33\x36\x35\x22\x0a\x20\x20\x20\x20\x20\x20\x20\x20\x20\x78\
\x3d\x22\x34\x2e\x31\x39\x36\x31\x39\x35\x31\x22\x0a\x20\x20\x20\
\x20\x20\x20\x20\x20\x20\x79\x3d\x22\x33\x2e\x38\x38\x33\x35\x39\
\x38\x33\x22\x0a\x20\x20\x20\x20\x20\x20\x20\x20\x20\x69\x6e\x6b\
\x73\x63\x61\x70\x65\x3a\x74\x72\x61\x6e\x73\x66\x6f\x72\x6d\x2d\
\x63\x65\x6e\x74\x65\x72\x2d\x78\x3d\x22\x30\x2e\x30\x37\x37\x30\
\x37\x30\x34\x36\x38\x22\x0a\x20\x20\x20\x20\x20\x20\x20\x20\x20\
\x69\x6e\x6b\x73\x63\x61\x70\x65\x3a\x74\x72\x61\x6e\x73\x66\x6f\
\x72\x6d\x2d\x63\x65\x6e\x74\x65\x72\x2d\x79\x3d\x22\x2d\x30\x2e\
\x34\x35\x34\x30\x39\x35\x38\x33\x22\x20\x2f\x3e\x0a\x20\x20\x20\
\x20\x20\x20\x3c\x70\x61\x74\x68\x0a\x20\x20\x20\x20\x20\x20\x20\
\x20\x20\x64\x3d\x22\x4d\x20\x32\x32\x2e\x36\x35\x32\x37\x34\x33\
\x2c\x31\x35\x2e\x36\x39\x35\x35\x20\x39\x2e\x38\x39\x36\x32\x37\
\x39\x2c\x38\x2e\x37\x31\x36\x34\x20\x31\x35\x2e\x33\x37\x33\x38\
\x33\x32\x2c\x32\x32\x2e\x33\x31\x37\x38\x20\x31\x37\x2e\x35\x35\
\x34\x37\x31\x39\x2c\x31\x38\x2e\x37\x38\x36\x36\x20\x32\x31\x2e\
\x38\x36\x36\x38\x37\x38\x2c\x32\x33\x2e\x35\x20\x32\x33\x2e\x35\
\x2c\x32\x31\x2e\x39\x30\x38\x37\x20\x31\x39\x2e\x30\x39\x31\x34\
\x30\x31\x2c\x31\x37\x2e\x32\x34\x30\x34\x20\x32\x32\x2e\x36\x35\
\x32\x37\x34\x34\x2c\x31\x35\x2e\x36\x39\x35\x35\x20\x5a\x22\x0a\
\x20\x20\x20\x20\x20\x20\x20\x20\x20\x66\x69\x6c\x6c\x3d\x22\x23\
\x66\x66\x66\x66\x66\x66\x22\x0a\x20\x20\x20\x20\x20\x20\x20\x20\
\x20\x66\x69\x6c\x6c\x2d\x72\x75\x6c\x65\x3d\x22\x65\x76\x65\x6e\
\x6f\x64\x64\x22\x0a\x20\x20\x20\x20\x20\x20\x20\x20\x20\x73\x74\
\x72\x6f\x6b\x65\x3d\x22\x23\x30\x30\x30\x30\x30\x30\x22\x0a\x20\
\x20\x20\x20\x20\x20\x20\x20\x20\x73\x74\x72\x6f\x6b\x65\x2d\x6c\
\x69\x6e\x65\x6a\x6f\x69\x6e\x3d\x22\x72\x6f\x75\x6e\x64\x22\x0a\
\x20\x20\x20\x20\x20\x20\x20\x20\x20\x73\x74\x72\x6f\x6b\x65\x2d\
\x77\x69\x64\x74\x68\x3d\x22\x30\x2e\x37\x22\x0a\x20\x20\x20\x20\
\x20\x20\x20\x20\x20\x69\x64\x3d\x22\x70\x61\x74\x68\x37\x36\x37\
\x22\x0a\x20\x20\x20\x20\x20\x20\x20\x20\x20\x73\x74\x79\x6c\x65\
\x3d\x22\x73\x74\x72\x6f\x6b\x65\x2d\x6c\x69\x6e\x65\x63\x61\x70\
\x3a\x72\x6f\x75\x6e\x64\x22\x20\x2f\x3e\x0a\x20\x20\x20\x20\x3c\
\x2f\x67\x3e\x0a\x20\x20\x3c\x2f\x67\x3e\x0a\x3c\x2f\x73\x76\x67\
\x3e\x0a\
\x00\x00\x04\x01\
\x00\
\x00\x0e\xe6\x78\x9c\xed\x57\x4b\x6f\xe3\x36\x10\xfe\x2b\x84\x72\
\xd9\x1c\x48\x4b\x7c\xe8\xe5\x38\x87\x5e\xb6\x87\x2e\x0a\xb4\xbb\
\xb9\xd3\x12\x65\xb1\xd6\xc3\xa0\xe4\x47\xfc\xeb\x3b\x94\x2c\x5b\
\x71\xdc\xc4\xd9\xa4\x8b\x45\x51\x18\x89\x39\x2f\x72\xe6\xfb\x66\
\x28\xf9\xae\xd9\x2c\xd0\xae\x2c\xaa\x66\xe6\xe4\x6d\xbb\x8a\x27\
\x93\xed\x76\x4b\xb6\x8c\xd4\x66\x31\xa1\xae\xeb\x4e\xc0\xc3\xe9\
\x5d\xe2\x5d\xa1\xab\xe5\x25\x47\x2f\x8a\xa2\x49\x67\x75\x50\xae\
\xf4\x22\x6f\x67\x0e\xe5\x0e\xda\xea\xb4\xcd\xbb\xe5\xfd\x5d\xaa\
\xb2\xe6\xfe\x0e\x7c\x94\x34\x9f\x8d\x4c\xb5\xaa\x5a\xa4\xd3\x99\
\x93\x80\xb1\x69\xeb\x15\xaa\xb3\xac\x51\x10\xe9\x3a\xa8\x69\x1f\
\x0b\x35\x73\xac\x1a\x27\x75\x51\x9b\xf8\x06\x72\x99\x76\x72\xbd\
\x92\x89\x6e\x1f\x63\xcf\x99\x9c\x05\x7a\xd7\x05\xba\x36\x70\xf2\
\x34\x93\x8b\x99\xcd\xaf\xcb\x2c\x72\xd3\xb9\x4a\x5e\x4b\x8e\x50\
\x9f\x5e\x0c\x17\x22\xf1\xae\x08\x0f\x5c\x71\x31\x9c\xf9\x61\xa4\
\xfc\xef\x83\x86\xce\x7d\x26\x2f\xc1\xfa\x1a\x3a\x3b\x6f\xe6\x30\
\x4e\xa8\x08\x1c\xf4\x08\x6b\xdf\x25\x61\x08\x67\xec\x28\xb0\x1d\
\x10\x57\x84\xa0\xa7\x27\xbd\x45\x33\x03\xb3\x6d\x91\x38\x37\x2a\
\x9b\x39\x37\xd2\x41\x8b\xc3\x7e\xdf\x2a\xdd\x42\x07\xae\x1b\x65\
\xfe\x84\x34\xd4\xef\xd5\xb7\x46\x9d\xcc\x5f\x8d\xac\x9a\xac\x36\
\xe5\xcc\x29\x65\x6b\xf4\xee\x93\x8b\x30\xe1\x9c\x51\x8e\x08\x17\
\x61\x80\x40\xf6\x22\xc2\x42\x81\x28\x27\x51\xc4\x6e\x6d\x11\x17\
\x18\x95\x03\xa3\x17\xc0\xc8\xb2\xec\x1c\x89\x11\xf1\x93\x37\x04\
\x12\xca\x04\x8d\xb8\x47\x4f\x1b\x10\x16\xb0\xb7\xed\xe1\x09\x3f\
\xf4\x69\x20\x46\x7b\xf8\x61\xf0\xb6\x3d\x58\x44\xed\x36\x81\x33\
\xea\x83\x2b\xd9\xa5\x8c\x04\x8c\xf6\xec\x0a\xd8\x88\x1f\xc8\x1d\
\xd4\xb0\x66\x11\xac\x45\x4f\xae\x3a\x23\x77\xfe\x0e\x72\x09\x77\
\xfd\x90\x01\xa7\x2e\x02\xd8\x42\x3f\x40\x98\x01\xcd\x14\x71\x4b\
\x76\x47\xad\x8d\x95\xc5\x31\xe1\x64\x67\x2f\x19\x12\x32\xa8\x34\
\x79\x84\xcc\x7c\xc2\x29\xd0\x67\xa0\x60\x41\x7c\x0e\x49\x66\x23\
\x97\x6c\xe4\x62\x93\x4f\xcf\x92\x4f\xde\x91\x3c\x26\x4c\x78\x8c\
\x76\xd9\x63\x20\x31\x82\x4a\x20\x87\xc8\x85\xd6\x74\x89\x38\xb4\
\xe6\xa4\xbf\x0d\x57\xb2\xcd\x11\x24\xf0\xc5\xe3\x88\x6d\xbc\x9c\
\x3e\xb0\x1c\xd3\xfd\x17\x8e\x04\x48\xe1\x83\xf8\x95\xef\x4b\x0f\
\xb6\x02\x29\x7a\x10\x39\x8e\xac\xcd\xf3\xad\x71\x83\xbd\xb1\x15\
\xc4\xc1\x1c\x3e\x37\xb3\xce\xcc\xf6\xa5\x8b\xa8\x3d\xa7\x13\xe9\
\xfe\x78\x29\x8c\xae\xca\xa4\xd0\x2b\x6c\xd6\x85\x8a\xab\xba\xda\
\x2b\x53\x4f\x53\xdd\xac\x0a\xf9\x18\xeb\xca\xf6\xc9\xb4\xde\x28\
\x93\x15\xf5\x36\xde\xe8\x46\xcf\x0b\x35\xed\xbe\x75\x61\x3b\x6e\
\x50\x1d\x3b\x90\x4f\x75\x53\x17\xb2\xd5\x75\x15\xcb\x75\x5b\x4f\
\x4b\xbd\xc3\xe0\x51\xa5\xb8\xac\x53\x7b\x86\x29\x65\x31\xed\xce\
\xc7\xba\x6a\x95\x59\x0d\xee\xcd\x1f\x9f\x7f\xb9\x64\xc0\x99\x2e\
\x40\x6c\xe2\xbe\x6b\xad\x17\x1c\xa1\xd3\x27\xf7\x7d\xa7\x38\x0e\
\xf2\x14\x42\x8a\xf8\x86\xa7\xf6\xd3\x09\x67\xb6\xa7\x05\x37\xad\
\xa9\x97\x9d\xa8\x0e\x6b\xdc\x3d\xc9\xc0\xf9\x20\xda\xa3\x13\xb9\
\x8a\xe7\xeb\xb6\x1d\xeb\xfe\xaa\x75\x15\x97\x1a\xd2\x1b\xb4\x9d\
\x50\x68\xf8\x8a\xf9\xa0\x4b\x65\x93\x4b\x63\x00\xd2\xf1\x11\x56\
\xdb\x8f\x69\xec\x0e\xba\x53\x96\xa5\x34\x4b\x65\xfa\x80\x1e\x14\
\x03\x20\x2a\xa3\xab\x45\x0f\xac\x2e\xe5\x42\x9d\x2b\xe1\x9c\xd5\
\x33\x65\xab\x76\xed\xb9\x4e\x55\x12\x58\xc1\x73\x99\x2c\x17\xa6\
\x5e\x57\x69\x2c\x93\x64\x5d\xae\x01\x72\x65\x1b\xb6\xeb\xd4\x43\
\xb3\xbc\xa7\x1f\x68\x4f\xc5\xda\x14\x9f\x6e\xd2\xdb\x7f\xa6\x42\
\x6d\x54\x55\xa7\xe9\x4b\x54\x8c\x10\x71\xfa\x21\x82\x0b\x92\x22\
\x8f\x93\x20\xa0\x52\x10\x1e\xf9\x88\x12\x01\x73\xe8\xd9\x8f\x6b\
\x9f\x0b\x20\x8c\x0d\x60\xc2\x83\x61\x7f\x2c\xf3\x30\x90\xe1\x86\
\xc2\xd0\x85\x76\xaa\x60\x6c\x38\x48\xc1\x06\xd3\x1c\x07\xff\xfe\
\xd8\x78\xff\x4f\xcd\x7f\x6e\x6a\x46\x38\x0f\x9d\x31\x2f\xea\x64\
\x79\x55\x63\x9c\x86\x46\xbd\x30\x34\xaf\x32\x41\x22\x1f\x5e\x09\
\x78\xc8\x9e\x00\xf3\x62\x15\x76\x1a\x4a\x1f\xa6\xc5\xb3\xff\x7c\
\x2c\x30\xfc\x6d\xe0\x31\x25\x36\x3c\x17\xfb\x0f\xad\xf2\x78\x4b\
\x88\xbe\xe0\x51\x01\x76\x4b\xce\x02\xfa\x3d\x9d\xd5\xd5\x74\xa1\
\xb3\x82\x8f\xea\xac\x9f\x0f\x40\xee\x7a\xb0\x83\x4b\x9f\xe3\xd8\
\x35\x51\x76\xfb\x91\x13\xfa\x03\x71\x0c\x2c\x8e\x9c\x30\x0e\xef\
\x4b\xf0\x32\x28\x30\x25\x21\xe7\xbf\x59\x75\x48\x7c\x3f\x78\x80\
\xdb\x5c\x58\x68\xe9\x01\x5a\xfb\xf3\xf5\xfe\x6f\x03\x17\x1a\x39\
\
\x00\x00\x02\x08\
\x3c\
\x73\x76\x67\x20\x68\x65\x69\x67\x68\x74\x3d\x22\x32\x34\x22\x20\
\x77\x69\x64\x74\x68\x3d\x22\x32\x34\x22\x20\x78\x6d\x6c\x6e\x73\
\x3d\x22\x68\x74\x74\x70\x3a\x2f\x2f\x77\x77\x77\x2e\x77\x33\x2e\
\x6f\x72\x67\x2f\x32\x30\x30\x30\x2f\x73\x76\x67\x22\x3e\x3c\x67\
\x20\x74\x72\x61\x6e\x73\x66\x6f\x72\x6d\x3d\x22\x74\x72\x61\x6e\
\x73\x6c\x61\x74\x65\x28\x30\x20\x2d\x38\x29\x22\x3e\x3c\x70\x61\
\x74\x68\x20\x64\x3d\x22\x6d\x32\x2e\x35\x20\x31\x30\x2e\x34\x39\
\x39\x39\x39\x38\x68\x31\x39\x76\x31\x39\x68\x2d\x31\x39\x7a\x22\
\x20\x66\x69\x6c\x6c\x3d\x22\x23\x65\x36\x65\x36\x65\x36\x22\x20\
\x73\x74\x72\x6f\x6b\x65\x3d\x22\x23\x36\x65\x39\x37\x63\x34\x22\
\x2f\x3e\x3c\x67\x20\x66\x69\x6c\x6c\x2d\x72\x75\x6c\x65\x3d\x22\
\x65\x76\x65\x6e\x6f\x64\x64\x22\x3e\x3c\x70\x61\x74\x68\x20\x64\
\x3d\x22\x6d\x35\x20\x31\x36\x68\x34\x22\x20\x66\x69\x6c\x6c\x3d\
\x22\x23\x34\x36\x36\x31\x37\x65\x22\x20\x73\x74\x72\x6f\x6b\x65\
\x3d\x22\x23\x34\x35\x35\x65\x37\x38\x22\x20\x73\x74\x72\x6f\x6b\
\x65\x2d\x77\x69\x64\x74\x68\x3d\x22\x32\x22\x2f\x3e\x3c\x72\x65\
\x63\x74\x20\x66\x69\x6c\x6c\x3d\x22\x23\x66\x61\x66\x65\x66\x65\
\x22\x20\x68\x65\x69\x67\x68\x74\x3d\x22\x35\x22\x20\x72\x78\x3d\
\x22\x2e\x35\x22\x20\x73\x74\x72\x6f\x6b\x65\x3d\x22\x23\x36\x65\
\x39\x37\x63\x34\x22\x20\x77\x69\x64\x74\x68\x3d\x22\x38\x22\x20\
\x78\x3d\x22\x31\x30\x2e\x35\x22\x20\x79\x3d\x22\x31\x33\x2e\x35\
\x22\x2f\x3e\x3c\x70\x61\x74\x68\x20\x64\x3d\x22\x6d\x35\x20\x32\
\x34\x2e\x30\x30\x30\x30\x30\x31\x68\x34\x22\x20\x66\x69\x6c\x6c\
\x3d\x22\x23\x39\x31\x39\x36\x39\x39\x22\x20\x73\x74\x72\x6f\x6b\
\x65\x3d\x22\x23\x34\x35\x35\x65\x37\x38\x22\x20\x73\x74\x72\x6f\
\x6b\x65\x2d\x77\x69\x64\x74\x68\x3d\x22\x32\x22\x2f\x3e\x3c\x72\
\x65\x63\x74\x20\x66\x69\x6c\x6c\x3d\x22\x23\x66\x61\x66\x65\x66\
\x65\x22\x20\x68\x65\x69\x67\x68\x74\x3d\x22\x35\x22\x20\x72\x78\
\x3d\x22\x2e\x35\x22\x20\x73\x74\x72\x6f\x6b\x65\x3d\x22\x23\x36\
\x65\x39\x37\x63\x34\x22\x20\x77\x69\x64\x74\x68\x3d\x22\x38\x22\
\x20\x78\x3d\x22\x31\x30\x2e\x35\x30\x30\x30\x30\x31\x22\x20\x79\
\x3d\x22\x32\x31\x2e\x35\x22\x2f\x3e\x3c\x2f\x67\x3e\x3c\x2f\x67\
\x3e\x3c\x2f\x73\x76\x67\x3e\
\x00\x00\x08\x0a\
\x3c\
\x73\x76\x67\x20\x68\x65\x69\x67\x68\x74\x3d\x22\x34\x38\x22\x20\
\x77\x69\x64\x74\x68\x3d\x22\x34\x38\x22\x20\x78\x6d\x6c\x6e\x73\
\x3d\x22\x68\x74\x74\x70\x3a\x2f\x2f\x77\x77\x77\x2e\x77\x33\x2e\
\x6f\x72\x67\x2f\x32\x30\x30\x30\x2f\x73\x76\x67\x22\x3e\x3c\x63\
\x69\x72\x63\x6c\x65\x20\x63\x78\x3d\x22\x31\x37\x2e\x32\x30\x38\
\x39\x38\x35\x30\x34\x22\x20\x63\x79\x3d\x22\x31\x37\x2e\x37\x30\
\x39\x30\x31\x35\x30\x34\x22\x20\x66\x69\x6c\x6c\x3d\x22\x23\x36\
\x64\x39\x37\x63\x34\x22\x20\x72\x3d\x22\x31\x36\x2e\x34\x32\x32\
\x36\x35\x36\x30\x31\x33\x22\x20\x73\x74\x72\x6f\x6b\x65\x3d\x22\
\x23\x34\x34\x35\x65\x37\x35\x22\x20\x73\x74\x72\x6f\x6b\x65\x2d\
\x6d\x69\x74\x65\x72\x6c\x69\x6d\x69\x74\x3d\x22\x31\x30\x22\x20\
\x73\x74\x72\x6f\x6b\x65\x2d\x77\x69\x64\x74\x68\x3d\x22\x2e\x35\
\x37\x32\x36\x35\x36\x39\x37\x22\x2f\x3e\x3c\x67\x20\x66\x69\x6c\
\x6c\x3d\x22\x23\x66\x66\x66\x22\x3e\x3c\x70\x61\x74\x68\x20\x64\
\x3d\x22\x6d\x33\x2e\x39\x30\x37\x38\x38\x31\x37\x20\x32\x30\x2e\
\x36\x38\x35\x36\x38\x36\x63\x2e\x34\x31\x39\x31\x38\x35\x2d\x34\
\x2e\x38\x32\x31\x31\x39\x39\x20\x31\x2e\x33\x36\x30\x36\x33\x33\
\x2d\x37\x2e\x37\x31\x33\x36\x38\x39\x20\x34\x2e\x33\x35\x34\x34\
\x38\x33\x2d\x31\x30\x2e\x37\x30\x37\x35\x33\x38\x38\x20\x33\x2e\
\x32\x33\x33\x32\x32\x31\x33\x2d\x33\x2e\x32\x33\x33\x32\x32\x32\
\x20\x36\x2e\x32\x32\x37\x36\x34\x35\x33\x2d\x34\x2e\x37\x33\x33\
\x35\x38\x33\x20\x31\x31\x2e\x38\x38\x35\x34\x39\x36\x33\x2d\x36\
\x2e\x30\x32\x30\x39\x31\x37\x20\x32\x2e\x37\x37\x39\x36\x37\x37\
\x2d\x2e\x36\x33\x32\x32\x31\x33\x2d\x32\x2e\x30\x33\x35\x32\x32\
\x33\x2d\x32\x2e\x37\x32\x38\x31\x33\x36\x31\x2d\x38\x2e\x36\x39\
\x38\x30\x38\x37\x2d\x2e\x32\x33\x35\x33\x36\x32\x2d\x33\x2e\x35\
\x37\x39\x31\x30\x37\x33\x20\x31\x2e\x33\x33\x38\x38\x37\x32\x2d\
\x37\x2e\x32\x31\x32\x30\x34\x32\x33\x20\x34\x2e\x38\x33\x33\x32\
\x32\x35\x2d\x38\x2e\x34\x38\x36\x37\x37\x37\x33\x20\x39\x2e\x39\
\x32\x35\x32\x39\x31\x38\x2d\x31\x2e\x35\x34\x34\x34\x35\x34\x39\
\x20\x36\x2e\x31\x36\x35\x32\x32\x33\x2e\x37\x35\x33\x30\x34\x34\
\x20\x39\x2e\x32\x34\x36\x31\x31\x39\x2e\x39\x34\x34\x38\x38\x35\
\x20\x37\x2e\x30\x33\x38\x35\x32\x36\x7a\x22\x20\x6f\x70\x61\x63\
\x69\x74\x79\x3d\x22\x2e\x33\x22\x2f\x3e\x3c\x70\x61\x74\x68\x20\
\x64\x3d\x22\x6d\x32\x31\x2e\x31\x34\x36\x30\x30\x31\x20\x32\x34\
\x2e\x36\x32\x31\x35\x35\x37\x2d\x2e\x34\x30\x36\x35\x38\x36\x2d\
\x2e\x34\x30\x35\x34\x34\x32\x63\x2d\x2e\x33\x37\x30\x35\x30\x38\
\x2d\x2e\x33\x36\x39\x39\x33\x35\x2d\x31\x2e\x30\x38\x30\x30\x33\
\x31\x2d\x2e\x32\x39\x36\x36\x33\x35\x2d\x31\x2e\x33\x37\x33\x32\
\x33\x31\x2e\x31\x34\x32\x30\x32\x2d\x2e\x31\x38\x33\x38\x32\x33\
\x2e\x32\x37\x35\x34\x34\x38\x2d\x31\x2e\x30\x33\x33\x36\x34\x36\
\x20\x31\x2e\x31\x35\x35\x30\x34\x39\x2d\x31\x2e\x35\x36\x39\x30\
\x38\x20\x31\x2e\x35\x36\x38\x35\x30\x37\x2e\x30\x36\x36\x34\x33\
\x2d\x2e\x32\x37\x34\x33\x30\x33\x2e\x31\x39\x33\x35\x35\x37\x2d\
\x2e\x36\x39\x33\x34\x38\x37\x2e\x34\x33\x32\x39\x32\x38\x2d\x31\
\x2e\x33\x37\x33\x38\x30\x33\x6c\x32\x2e\x31\x34\x37\x34\x36\x33\
\x2d\x36\x2e\x30\x39\x36\x35\x30\x37\x63\x2e\x35\x30\x34\x35\x31\
\x31\x2d\x31\x2e\x34\x34\x33\x36\x36\x38\x2e\x38\x30\x39\x31\x36\
\x36\x2d\x32\x2e\x33\x31\x35\x32\x35\x32\x2e\x38\x30\x39\x31\x36\
\x36\x2d\x33\x2e\x30\x35\x38\x35\x36\x20\x30\x2d\x31\x2e\x31\x37\
\x36\x32\x33\x38\x2d\x2e\x38\x36\x37\x30\x30\x33\x2d\x31\x2e\x39\
\x33\x36\x37\x32\x37\x2d\x32\x2e\x32\x30\x37\x35\x39\x34\x2d\x31\
\x2e\x39\x33\x36\x37\x32\x37\x2d\x33\x2e\x33\x38\x36\x31\x32\x20\
\x30\x2d\x36\x2e\x30\x33\x36\x33\x37\x37\x20\x33\x2e\x30\x35\x37\
\x39\x38\x38\x2d\x37\x2e\x30\x31\x37\x33\x33\x38\x20\x34\x2e\x33\
\x37\x31\x36\x36\x34\x2d\x2e\x30\x31\x32\x36\x2e\x30\x31\x36\x36\
\x2d\x2e\x30\x32\x34\x30\x35\x2e\x30\x33\x32\x36\x35\x2d\x2e\x30\
\x33\x34\x33\x36\x2e\x30\x34\x36\x39\x36\x2d\x2e\x31\x36\x38\x39\
\x33\x33\x2e\x31\x39\x31\x38\x33\x39\x2d\x2e\x32\x33\x35\x39\x33\
\x34\x2e\x34\x34\x37\x38\x31\x37\x2d\x2e\x31\x38\x33\x32\x34\x39\
\x2e\x37\x31\x30\x30\x39\x34\x2e\x30\x34\x30\x36\x36\x2e\x32\x30\
\x32\x37\x32\x2e\x31\x35\x31\x37\x35\x34\x2e\x33\x39\x39\x31\x34\
\x32\x2e\x33\x32\x31\x38\x33\x34\x2e\x35\x36\x39\x32\x32\x32\x6c\
\x2e\x33\x30\x34\x36\x35\x33\x2e\x33\x30\x34\x30\x38\x31\x63\x2e\
\x31\x38\x32\x31\x30\x34\x2e\x31\x38\x32\x31\x30\x34\x2e\x34\x31\
\x38\x36\x31\x31\x2e\x32\x38\x32\x33\x31\x39\x2e\x36\x36\x36\x35\
\x37\x32\x2e\x32\x38\x32\x33\x31\x39\x2e\x31\x38\x34\x39\x36\x38\
\x20\x30\x20\x2e\x34\x36\x32\x31\x33\x34\x2d\x2e\x30\x35\x37\x38\
\x35\x2e\x37\x33\x34\x37\x31\x38\x2d\x2e\x33\x33\x33\x32\x38\x36\
\x6c\x2e\x30\x35\x30\x34\x31\x2d\x2e\x30\x35\x38\x39\x38\x63\x2e\
\x33\x35\x33\x33\x33\x2d\x2e\x34\x37\x30\x37\x32\x33\x20\x31\x2e\
\x30\x31\x33\x36\x30\x33\x2d\x31\x2e\x31\x38\x32\x35\x33\x36\x20\
\x31\x2e\x34\x39\x36\x33\x35\x33\x2d\x31\x2e\x36\x32\x30\x36\x31\
\x39\x2d\x2e\x30\x38\x33\x30\x34\x2e\x32\x38\x31\x37\x34\x37\x2d\
\x2e\x32\x30\x30\x34\x33\x31\x2e\x36\x32\x37\x36\x33\x32\x2d\x2e\
\x33\x33\x38\x34\x34\x31\x20\x31\x2e\x30\x32\x35\x36\x32\x39\x6c\
\x2d\x31\x2e\x34\x39\x32\x39\x31\x35\x20\x34\x2e\x33\x35\x31\x36\
\x32\x31\x63\x2d\x31\x2e\x30\x36\x33\x34\x32\x35\x20\x33\x2e\x30\
\x37\x34\x35\x39\x34\x2d\x31\x2e\x34\x36\x31\x34\x32\x31\x20\x34\
\x2e\x32\x32\x35\x30\x36\x32\x2d\x31\x2e\x34\x36\x31\x34\x32\x31\
\x20\x34\x2e\x38\x36\x35\x38\x36\x36\x20\x30\x20\x2e\x38\x33\x37\
\x37\x39\x36\x2e\x35\x33\x35\x34\x33\x34\x20\x31\x2e\x37\x33\x32\
\x32\x38\x36\x20\x32\x2e\x30\x33\x38\x30\x38\x36\x20\x31\x2e\x37\
\x33\x32\x32\x38\x36\x20\x34\x2e\x36\x37\x30\x30\x31\x38\x20\x30\
\x20\x36\x2e\x39\x37\x32\x30\x39\x38\x2d\x33\x2e\x34\x36\x39\x31\
\x35\x35\x20\x37\x2e\x32\x32\x34\x36\x33\x39\x2d\x33\x2e\x38\x37\
\x32\x38\x37\x39\x2e\x32\x35\x37\x31\x32\x34\x2d\x2e\x34\x33\x30\
\x36\x33\x38\x2e\x32\x30\x37\x38\x37\x36\x2d\x2e\x38\x36\x30\x37\
\x30\x33\x2d\x2e\x31\x34\x32\x35\x39\x32\x2d\x31\x2e\x32\x31\x33\
\x34\x36\x7a\x22\x20\x73\x74\x72\x6f\x6b\x65\x3d\x22\x23\x33\x34\
\x34\x39\x37\x64\x22\x20\x73\x74\x72\x6f\x6b\x65\x2d\x6d\x69\x74\
\x65\x72\x6c\x69\x6d\x69\x74\x3d\x22\x31\x30\x22\x20\x73\x74\x72\
\x6f\x6b\x65\x2d\x77\x69\x64\x74\x68\x3d\x22\x2e\x35\x37\x32\x36\
\x35\x37\x22\x2f\x3e\x3c\x70\x61\x74\x68\x20\x64\x3d\x22\x6d\x31\
\x39\x2e\x32\x34\x39\x33\x36\x32\x20\x36\x2e\x34\x37\x34\x30\x35\
\x38\x32\x63\x2d\x31\x2e\x35\x30\x31\x35\x30\x37\x20\x30\x2d\x32\
\x2e\x38\x31\x38\x30\x34\x35\x20\x31\x2e\x33\x30\x30\x35\x30\x34\
\x2d\x32\x2e\x38\x31\x38\x30\x34\x35\x20\x32\x2e\x37\x38\x33\x36\
\x38\x36\x20\x30\x20\x31\x2e\x36\x39\x31\x30\x35\x35\x38\x20\x31\
\x2e\x31\x33\x32\x37\x31\x35\x20\x32\x2e\x37\x38\x33\x36\x38\x34\
\x38\x20\x32\x2e\x38\x38\x35\x36\x31\x39\x20\x32\x2e\x37\x38\x33\
\x36\x38\x34\x38\x20\x31\x2e\x37\x32\x30\x38\x33\x34\x20\x30\x20\
\x33\x2e\x30\x35\x35\x31\x32\x34\x2d\x31\x2e\x35\x38\x37\x34\x30\
\x35\x20\x33\x2e\x30\x35\x35\x31\x32\x34\x2d\x32\x2e\x39\x35\x33\
\x31\x39\x31\x38\x2e\x30\x30\x30\x35\x37\x32\x2d\x31\x2e\x32\x30\
\x35\x34\x34\x33\x2d\x2e\x38\x31\x37\x31\x38\x32\x2d\x32\x2e\x36\
\x31\x34\x31\x37\x39\x2d\x33\x2e\x31\x32\x32\x36\x39\x38\x2d\x32\
\x2e\x36\x31\x34\x31\x37\x39\x7a\x22\x20\x73\x74\x72\x6f\x6b\x65\
\x3d\x22\x23\x33\x34\x34\x39\x37\x64\x22\x20\x73\x74\x72\x6f\x6b\
\x65\x2d\x6d\x69\x74\x65\x72\x6c\x69\x6d\x69\x74\x3d\x22\x31\x30\
\x22\x20\x73\x74\x72\x6f\x6b\x65\x2d\x77\x69\x64\x74\x68\x3d\x22\
\x2e\x35\x37\x32\x36\x35\x37\x22\x2f\x3e\x3c\x70\x61\x74\x68\x20\
\x64\x3d\x22\x6d\x34\x35\x2e\x33\x32\x33\x36\x37\x31\x20\x33\x32\
\x2e\x39\x30\x35\x32\x33\x32\x2d\x32\x32\x2e\x33\x31\x30\x36\x37\
\x34\x2d\x31\x32\x2e\x32\x30\x39\x32\x33\x37\x20\x39\x2e\x35\x38\
\x30\x30\x37\x35\x20\x32\x33\x2e\x37\x39\x34\x33\x35\x32\x20\x33\
\x2e\x38\x31\x34\x33\x30\x37\x2d\x36\x2e\x31\x37\x37\x34\x36\x20\
\x37\x2e\x35\x34\x31\x38\x33\x37\x20\x38\x2e\x32\x34\x35\x36\x33\
\x34\x20\x32\x2e\x38\x35\x36\x32\x38\x31\x2d\x32\x2e\x37\x38\x33\
\x38\x35\x36\x2d\x37\x2e\x37\x31\x30\x35\x30\x36\x2d\x38\x2e\x31\
\x36\x36\x36\x34\x31\x20\x36\x2e\x32\x32\x38\x36\x38\x32\x2d\x32\
\x2e\x37\x30\x32\x37\x39\x32\x7a\x22\x20\x66\x69\x6c\x6c\x2d\x72\
\x75\x6c\x65\x3d\x22\x65\x76\x65\x6e\x6f\x64\x64\x22\x20\x73\x74\
\x72\x6f\x6b\x65\x3d\x22\x23\x30\x30\x30\x22\x20\x73\x74\x72\x6f\
\x6b\x65\x2d\x6c\x69\x6e\x65\x63\x61\x70\x3d\x22\x72\x6f\x75\x6e\
\x64\x22\x20\x73\x74\x72\x6f\x6b\x65\x2d\x6c\x69\x6e\x65\x6a\x6f\
\x69\x6e\x3d\x22\x72\x6f\x75\x6e\x64\x22\x20\x73\x74\x72\x6f\x6b\
\x65\x2d\x77\x69\x64\x74\x68\x3d\x22\x31\x2e\x32\x22\x2f\x3e\x3c\
\x2f\x67\x3e\x3c\x2f\x73\x76\x67\x3e\
\x00\x00\x05\x2f\
\x00\
\x00\x14\xa0\x78\x9c\xed\x58\x49\x6f\xe3\x36\x14\xbe\xe7\x57\x08\
\x9a\xc3\x24\x80\x25\x93\xd4\x46\xc9\xcb\xa0\xed\xa0\xa7\xcc\x6d\
\x0a\xb4\x47\x46\xa2\x6c\x35\x32\x69\x50\xb4\x9d\xcc\xaf\x9f\x47\
\x49\x94\xd7\x18\x9d\x4e\x52\xf4\x10\x27\x81\xa5\xb7\xf1\x2d\xdf\
\xe3\x23\x33\xfd\xf4\xb4\xaa\x9d\x2d\x57\x4d\x25\xc5\xcc\xc5\x3e\
\x72\x1d\x2e\x72\x59\x54\x62\x31\x73\xff\xf8\xfa\xbb\x47\x5d\xa7\
\xd1\x4c\x14\xac\x96\x82\xcf\x5c\x21\xdd\x4f\xf3\x9b\x69\xb3\x5d\
\xdc\x38\x8e\xb3\xe4\xd5\x62\xa9\x67\x2e\x09\x5d\xf3\xba\xab\x0a\
\xbd\x1c\xde\x0e\xac\xe2\x96\x50\x15\x33\x17\x14\x71\xc7\x6e\x60\
\x91\x35\xfc\x65\x85\xcc\x05\x5b\x81\xed\x75\xbd\x59\x54\xc2\x5b\
\xf2\x7a\xed\x83\x5c\xa7\x23\x1e\x9b\x9c\xad\x79\x76\x68\xcd\x27\
\xce\x2d\x62\x08\xe5\x65\x14\x04\xe9\xc8\x21\x88\x10\x0f\xc1\x6f\
\x78\xd7\x2a\x41\x4c\xa2\xc9\xac\xea\xcc\x5d\x6a\xbd\xce\xc6\xe3\
\xdd\x6e\xe7\x5b\xa2\x2f\xd5\x62\x6c\x96\x6d\xd6\x2c\xe7\xcd\xd8\
\xd2\x0f\xf4\xad\x83\x83\xbe\x25\xf8\x8d\xdc\xa8\x9c\x97\x60\x82\
\xfb\x82\xeb\xf1\xe7\xaf\x9f\x07\xa6\x87\xfc\x42\x17\x7b\x33\x47\
\xab\xef\x82\x76\x5d\x82\x10\x1a\xdb\x08\xfb\xc5\xb6\x8b\xab\x92\
\x73\x10\x9d\x16\xbc\x6c\x8c\x4a\x97\x4a\xf3\x86\x69\xcb\x01\xde\
\x8a\xa9\x47\xae\x3a\x2e\x24\x57\x3f\xd7\x10\xb8\x84\xac\x95\xb5\
\xdc\x65\xdb\xaa\xa9\x1e\x6a\x3e\x71\xad\x80\x31\xf0\x8b\x52\x72\
\x47\xbe\x70\x51\x0c\x64\xc5\xcb\x3f\x67\x2e\x02\x18\x1c\x50\xfe\
\x3a\xa6\x48\x55\x71\x01\x45\x67\x1b\x2d\xf7\xf6\x6c\x9d\x1a\x2d\
\xf3\xc7\x17\xac\x0f\x42\x55\xd3\x8a\xcd\x5c\xad\x36\xbc\x8f\x00\
\x62\x58\x33\xbd\xb4\xb2\x8e\xa3\x15\x13\x0d\x24\x79\x05\xa8\xc9\
\x59\xcd\x6f\x91\x1f\xdf\x39\x4a\x6a\xa6\xf9\x2d\xa6\xe8\xae\x93\
\xa8\xcd\x2b\x1a\xa1\x3b\x77\xaf\x0a\xcb\x7f\x71\xa8\x9f\x60\x1a\
\xd1\x84\x8e\x42\x1f\x05\x41\x12\x44\xc4\xb9\x77\x3c\xe2\x13\x94\
\x10\x9a\x46\x23\x08\x0a\xc7\x08\x07\x24\x8a\x81\xd1\x8b\xd3\x70\
\xe4\x81\x3c\xc2\x09\x4a\xa8\xf3\x9b\x13\xfb\x69\x12\xa0\x14\xa1\
\x91\x87\xfd\x98\xa4\x71\x18\xa7\x86\x48\x03\x1c\x26\xf1\x08\x68\
\x38\x4a\xc2\x10\x5f\x5c\xee\x9b\x73\xe0\x54\x5f\x93\x46\x2b\xf9\
\xc8\xb3\x5c\x0a\xcd\x9f\xb4\xd7\xbd\x4e\xca\xaa\xae\x3d\xb5\xa9\
\x79\xc6\xb7\x5c\xc8\xa2\x68\x29\xa7\x52\xdd\x97\xd7\xf6\x59\x06\
\xe9\x20\x11\x32\x1f\x4b\xaf\x2b\xc1\xff\x96\x95\xc8\x94\xdc\x88\
\x62\x72\xb0\xb6\x29\x88\xc9\x6e\x10\xd0\xc8\x75\xc6\x3d\x66\xc6\
\x1d\x68\xfe\x3d\x82\x3a\x95\x20\x0e\xc3\xb7\x43\xd0\xfd\x2b\x22\
\x08\xf6\x8e\x97\x10\x84\xdf\x11\xf4\xcf\x10\x14\x87\xe4\xa7\x10\
\x74\x61\x0b\xba\x87\x09\xa3\xf4\x1b\x42\xe8\xd8\xfe\x6b\x80\xe8\
\x1d\x38\xd7\x80\x73\x71\xe7\x49\xe2\x57\xdc\x79\xda\xc2\xe2\xfb\
\xb7\x9c\x5d\xf8\x35\x77\x1e\xe4\xd3\x17\x77\x1e\xe2\x47\xc7\x18\
\xea\x33\xf0\x23\x85\xb9\x5a\x2e\x38\xd6\xad\xf5\xe4\x14\xa4\x90\
\x17\x83\x43\xc0\x5f\x04\x4f\x5e\xd4\x3e\x7a\x9d\x37\x03\xb9\xa3\
\x5a\xd1\x23\x50\xed\x2b\x1b\xe3\xd7\xae\x2c\x79\xd3\xca\xbe\xcf\
\x94\xff\xd9\x4c\x09\x92\xf4\x22\x82\xa6\x63\x73\xc8\x6d\x9f\x86\
\xeb\x82\x39\xb4\x17\xdb\x8a\xef\xf6\x27\xe1\x81\x84\xe3\xde\xfa\
\x9a\x2d\x78\x2e\x6b\xa9\x66\xee\x87\xb2\xfd\xf4\x8c\x07\xa9\x0a\
\xae\x2c\x2b\x6e\x3f\x47\x2c\x09\xf7\x81\x4a\x3f\x77\x77\xa1\x9b\
\x63\x80\x18\xab\xcd\x92\x15\x72\x07\x97\x9c\x4b\xcc\x41\x19\x5d\
\x56\xce\x97\x3c\x87\xd0\x1e\x24\x53\xe0\xb6\x15\x69\x96\x72\xb7\
\x50\x26\x90\x92\xd5\x0d\x3f\x55\xfc\x26\x25\x80\x2d\x86\xf2\xa5\
\x98\xa4\xa7\xdc\xfc\x69\xe6\x46\xd8\x0f\x31\x20\xe0\x9c\x09\xae\
\x78\x24\xf5\x71\x18\x90\x24\x3a\xe5\xee\x2a\x01\xa1\x78\xfd\xad\
\x0d\xa7\xe4\xcc\xe7\x5e\xc2\x5e\xf3\x30\x42\xf4\x05\x91\xa7\xab\
\x06\x9e\xf7\xc1\x9e\xb2\x56\xec\xa9\x5a\x55\xdf\x38\x44\x8f\xcf\
\xdc\xdf\x28\x05\x4d\xed\xd5\xec\x99\xab\xc3\xbb\xe3\x61\x67\x0b\
\xb6\xf6\x16\xb5\x7c\x60\x75\xdf\xb8\x97\x04\x00\xbb\xbc\x79\x21\
\xbf\xad\x80\xa9\xce\x15\x7d\xa9\x97\x70\xff\xbc\x66\xc0\x14\xf0\
\xaa\x80\x96\xde\x62\x53\x5d\x71\x03\x50\x70\x15\x60\xa0\xfa\x68\
\x81\x5b\x60\xf3\xd3\xf7\xcc\x54\xf1\x5c\xdf\x1c\x76\x73\xdb\xa5\
\x3d\xf0\xbb\x26\xee\x91\x99\x61\x3b\x2f\x3e\xe0\x92\x11\x44\x8f\
\x9b\x17\xf6\x7e\x4b\x58\x55\x9a\xab\x1a\x4a\xa3\xb3\xd0\xd2\x0a\
\x06\xce\x29\xc5\x9e\x33\x21\xc5\xd0\xf7\x7b\xd3\xf6\x09\xf9\x03\
\xd6\xa0\xac\xc6\x3b\x42\x90\x25\xf5\x70\x8b\x06\x19\x8b\xae\x3d\
\x05\xc0\x04\xfb\x21\x05\xd0\x52\x0b\x69\x40\x10\x85\x8d\x91\x52\
\x92\x06\xa7\x89\x19\xb6\x64\x2f\x07\xb4\x70\x65\xc0\x08\x0d\x18\
\x63\x1c\x27\x51\x74\x96\xc7\x33\x71\xd3\x24\xc8\x0f\x12\x14\x44\
\x51\x1c\xfc\x54\x52\xcb\xf2\x70\xe7\xfb\x0f\x92\xea\x05\x3f\x94\
\x56\xea\x87\x94\x22\x82\x0e\xd2\x8a\x7d\x8a\x23\x8a\xc2\xb3\xce\
\xba\x96\xd6\x30\x3d\x6b\xd6\xab\x69\x4d\x42\x9b\x56\x33\x38\x7a\
\x77\x56\x75\xd6\xfe\xf7\x05\x86\x80\xe2\x0d\x57\x5b\xdb\x13\x36\
\xe1\x30\x66\xbc\xf6\x19\x52\xa3\x56\xac\x9e\xb4\x94\x2d\x53\x15\
\x13\xfa\x88\xb6\x6b\x83\xcd\x1e\x64\x5d\x4c\x7a\x35\xc5\x75\xbe\
\x3c\x12\x6a\x60\x9b\xc9\x48\xb8\x7e\x9a\x98\x91\xd4\xef\x6a\x70\
\x38\x22\x51\xc7\x2f\xd9\xaa\xaa\x9f\xb3\x06\xe2\xf0\xc0\x9d\xaa\
\x9c\x78\x36\x3a\xaf\x33\xb0\xe6\x79\x55\x56\x39\xd3\x95\x14\xd9\
\xc7\xbd\xe0\xc8\xf9\x15\x56\xfe\x78\xe4\x1f\xcc\xbd\x05\xd3\x1b\
\x88\xec\x92\xf7\x1e\x58\xbd\xcc\x10\x9b\x15\x98\xcc\x2f\xf2\x38\
\x6b\xb4\xc7\x1a\x78\x1e\xd8\x2d\x28\x51\x37\x70\x2f\x83\xd2\xc0\
\x6a\x8f\x00\x8c\xfc\x94\xd0\x24\xa4\x7b\x04\x90\xc0\x0f\x49\x10\
\xee\x67\x0b\xe0\xcb\x94\x89\xc0\x19\x24\x70\xe7\x53\x0d\x55\x12\
\xc3\x19\xce\xce\x61\x25\x4d\x8d\x4c\x26\x8f\x8e\x6f\xad\xb0\xd1\
\xc4\x03\xf9\xc2\xaa\x27\xeb\xce\x3f\x4d\xc7\xad\xe2\x1c\xbe\x61\
\xe5\xf9\xcd\xd4\xfc\xd7\x6b\x7e\xf3\x1d\xf3\x7d\xef\x79\
"

qt_resource_name = b"\
\x00\x05\
\x00\x6f\xa6\x53\
\x00\x69\
\x00\x63\x00\x6f\x00\x6e\x00\x73\
\x00\x17\
\x00\x29\xeb\x47\
\x00\x73\
\x00\x68\x00\x6f\x00\x77\x00\x5f\x00\x6c\x00\x6f\x00\x6c\x00\x5f\x00\x64\x00\x69\x00\x66\x00\x66\x00\x65\x00\x72\x00\x65\x00\x6e\
\x00\x63\x00\x65\x00\x2e\x00\x73\x00\x76\x00\x67\
\x00\x11\
\x00\x6d\x7e\x87\
\x00\x61\
\x00\x6c\x00\x65\x00\x72\x00\x74\x00\x2d\x00\x6f\x00\x75\x00\x74\x00\x6c\x00\x69\x00\x6e\x00\x65\x00\x2e\x00\x73\x00\x76\x00\x67\
\
\x00\x10\
\x00\xcf\x57\x67\
\x00\x6d\
\x00\x49\x00\x63\x00\x6f\x00\x6e\x00\x53\x00\x75\x00\x63\x00\x63\x00\x65\x00\x73\x00\x73\x00\x2e\x00\x73\x00\x76\x00\x67\
\x00\x13\
\x00\xeb\xf6\xc7\
\x00\x72\
\x00\x65\x00\x5f\x00\x64\x00\x69\x00\x67\x00\x69\x00\x74\x00\x69\x00\x7a\x00\x65\x00\x5f\x00\x6c\x00\x6f\x00\x6c\x00\x2e\x00\x73\
\x00\x76\x00\x67\
\x00\x17\
\x01\x29\xeb\x47\
\x00\x73\
\x00\x68\x00\x6f\x00\x77\x00\x5f\x00\x70\x00\x6f\x00\x6c\x00\x5f\x00\x64\x00\x69\x00\x66\x00\x66\x00\x65\x00\x72\x00\x65\x00\x6e\
\x00\x63\x00\x65\x00\x2e\x00\x73\x00\x76\x00\x67\
\x00\x1b\
\x01\xb8\x6f\x07\
\x00\x6d\
\x00\x41\x00\x63\x00\x74\x00\x69\x00\x6f\x00\x6e\x00\x44\x00\x6f\x00\x75\x00\x62\x00\x6c\x00\x65\x00\x41\x00\x72\x00\x72\x00\x6f\
\x00\x77\x00\x52\x00\x69\x00\x67\x00\x68\x00\x74\x00\x2e\x00\x73\x00\x76\x00\x67\
\x00\x0c\
\x01\xee\xee\xe7\
\x00\x6d\
\x00\x44\x00\x6f\x00\x63\x00\x6b\x00\x69\x00\x66\x00\x79\x00\x2e\x00\x73\x00\x76\x00\x67\
\x00\x14\
\x02\xb7\x4e\x07\
\x00\x73\
\x00\x68\x00\x6f\x00\x77\x00\x5f\x00\x67\x00\x70\x00\x6b\x00\x67\x00\x5f\x00\x6c\x00\x61\x00\x79\x00\x65\x00\x72\x00\x73\x00\x2e\
\x00\x73\x00\x76\x00\x67\
\x00\x13\
\x02\xd7\xf5\x87\
\x00\x73\
\x00\x65\x00\x6c\x00\x65\x00\x63\x00\x74\x00\x5f\x00\x69\x00\x6e\x00\x5f\x00\x6c\x00\x61\x00\x79\x00\x65\x00\x72\x00\x2e\x00\x73\
\x00\x76\x00\x67\
\x00\x11\
\x03\x14\x42\x47\
\x00\x63\
\x00\x68\x00\x61\x00\x6e\x00\x67\x00\x65\x00\x5f\x00\x6f\x00\x66\x00\x66\x00\x73\x00\x65\x00\x74\x00\x2e\x00\x73\x00\x76\x00\x67\
\
\x00\x14\
\x03\x14\x8c\x07\
\x00\x6d\
\x00\x6f\x00\x76\x00\x65\x00\x5f\x00\x70\x00\x6f\x00\x6c\x00\x5f\x00\x66\x00\x65\x00\x61\x00\x74\x00\x75\x00\x72\x00\x65\x00\x2e\
\x00\x73\x00\x76\x00\x67\
\x00\x1e\
\x03\x25\x7f\xa7\
\x00\x6d\
\x00\x41\x00\x63\x00\x74\x00\x69\x00\x6f\x00\x6e\x00\x44\x00\x65\x00\x73\x00\x65\x00\x6c\x00\x65\x00\x63\x00\x74\x00\x41\x00\x63\
\x00\x74\x00\x69\x00\x76\x00\x65\x00\x4c\x00\x61\x00\x79\x00\x65\x00\x72\x00\x2e\x00\x73\x00\x76\x00\x67\
\x00\x17\
\x03\x5f\x76\xe7\
\x00\x6d\
\x00\x49\x00\x63\x00\x6f\x00\x6e\x00\x43\x00\x6c\x00\x65\x00\x61\x00\x72\x00\x54\x00\x65\x00\x78\x00\x74\x00\x48\x00\x6f\x00\x76\
\x00\x65\x00\x72\x00\x2e\x00\x73\x00\x76\x00\x67\
\x00\x21\
\x03\x96\xb5\x67\
\x00\x6d\
\x00\x41\x00\x63\x00\x74\x00\x69\x00\x6f\x00\x6e\x00\x44\x00\x65\x00\x6c\x00\x65\x00\x74\x00\x65\x00\x53\x00\x65\x00\x6c\x00\x65\
\x00\x63\x00\x74\x00\x65\x00\x64\x00\x46\x00\x65\x00\x61\x00\x74\x00\x75\x00\x72\x00\x65\x00\x73\x00\x2e\x00\x73\x00\x76\x00\x67\
\
\x00\x15\
\x04\x19\xca\xc7\
\x00\x6d\
\x00\x41\x00\x63\x00\x74\x00\x69\x00\x6f\x00\x6e\x00\x41\x00\x72\x00\x72\x00\x6f\x00\x77\x00\x52\x00\x69\x00\x67\x00\x68\x00\x74\
\x00\x2e\x00\x73\x00\x76\x00\x67\
\x00\x14\
\x04\x49\xb2\x87\
\x00\x6d\
\x00\x41\x00\x63\x00\x74\x00\x69\x00\x6f\x00\x6e\x00\x41\x00\x72\x00\x72\x00\x6f\x00\x77\x00\x4c\x00\x65\x00\x66\x00\x74\x00\x2e\
\x00\x73\x00\x76\x00\x67\
\x00\x12\
\x04\x52\xf1\xa7\
\x00\x6d\
\x00\x41\x00\x63\x00\x74\x00\x69\x00\x6f\x00\x6e\x00\x46\x00\x69\x00\x6c\x00\x74\x00\x65\x00\x72\x00\x32\x00\x2e\x00\x73\x00\x76\
\x00\x67\
\x00\x10\
\x05\x23\xe6\xe7\
\x00\x73\
\x00\x65\x00\x74\x00\x5f\x00\x74\x00\x6f\x00\x5f\x00\x70\x00\x6f\x00\x69\x00\x6e\x00\x74\x00\x2e\x00\x73\x00\x76\x00\x67\
\x00\x1a\
\x05\x2f\x8d\xc7\
\x00\x6d\
\x00\x6f\x00\x76\x00\x65\x00\x5f\x00\x70\x00\x6f\x00\x5f\x00\x70\x00\x72\x00\x6f\x00\x5f\x00\x66\x00\x72\x00\x6f\x00\x6d\x00\x5f\
\x00\x70\x00\x6f\x00\x69\x00\x6e\x00\x74\x00\x2e\x00\x73\x00\x76\x00\x67\
\x00\x12\
\x05\x63\x03\x27\
\x00\x73\
\x00\x65\x00\x74\x00\x5f\x00\x66\x00\x72\x00\x6f\x00\x6d\x00\x5f\x00\x70\x00\x6f\x00\x69\x00\x6e\x00\x74\x00\x2e\x00\x73\x00\x76\
\x00\x67\
\x00\x11\
\x05\x8b\x2a\xa7\
\x00\x69\
\x00\x6e\x00\x73\x00\x65\x00\x72\x00\x74\x00\x5f\x00\x72\x00\x65\x00\x63\x00\x6f\x00\x72\x00\x64\x00\x2e\x00\x73\x00\x76\x00\x67\
\
\x00\x18\
\x05\x91\xb8\x67\
\x00\x70\
\x00\x61\x00\x75\x00\x73\x00\x65\x00\x2d\x00\x63\x00\x69\x00\x72\x00\x63\x00\x6c\x00\x65\x00\x2d\x00\x6f\x00\x75\x00\x74\x00\x6c\
\x00\x69\x00\x6e\x00\x65\x00\x2e\x00\x73\x00\x76\x00\x67\
\x00\x15\
\x05\xa7\xe2\x87\
\x00\x6d\
\x00\x6f\x00\x76\x00\x65\x00\x5f\x00\x70\x00\x6f\x00\x5f\x00\x70\x00\x72\x00\x6f\x00\x5f\x00\x70\x00\x6f\x00\x69\x00\x6e\x00\x74\
\x00\x2e\x00\x73\x00\x76\x00\x67\
\x00\x18\
\x06\x52\x2a\x67\
\x00\x6d\
\x00\x6f\x00\x76\x00\x65\x00\x5f\x00\x70\x00\x6f\x00\x5f\x00\x70\x00\x72\x00\x6f\x00\x5f\x00\x74\x00\x6f\x00\x5f\x00\x70\x00\x6f\
\x00\x69\x00\x6e\x00\x74\x00\x2e\x00\x73\x00\x76\x00\x67\
\x00\x22\
\x06\x64\xcb\xe7\
\x00\x47\
\x00\x72\x00\x65\x00\x65\x00\x6e\x00\x5f\x00\x63\x00\x68\x00\x65\x00\x63\x00\x6b\x00\x5f\x00\x69\x00\x63\x00\x6f\x00\x6e\x00\x5f\
\x00\x77\x00\x69\x00\x74\x00\x68\x00\x5f\x00\x67\x00\x72\x00\x61\x00\x64\x00\x69\x00\x65\x00\x6e\x00\x74\x00\x2e\x00\x73\x00\x76\
\x00\x67\
\x00\x0c\
\x06\x6d\x9c\x27\
\x00\x7a\
\x00\x6f\x00\x6f\x00\x6d\x00\x5f\x00\x70\x00\x61\x00\x6e\x00\x2e\x00\x73\x00\x76\x00\x67\
\x00\x13\
\x06\xfb\xcd\x07\
\x00\x6d\
\x00\x41\x00\x63\x00\x74\x00\x69\x00\x6f\x00\x6e\x00\x46\x00\x69\x00\x6c\x00\x65\x00\x4f\x00\x70\x00\x65\x00\x6e\x00\x2e\x00\x73\
\x00\x76\x00\x67\
\x00\x11\
\x07\x47\x58\x07\
\x00\x6d\
\x00\x41\x00\x63\x00\x74\x00\x69\x00\x6f\x00\x6e\x00\x52\x00\x65\x00\x6d\x00\x6f\x00\x76\x00\x65\x00\x2e\x00\x73\x00\x76\x00\x67\
\
\x00\x1c\
\x07\x66\xcb\x27\
\x00\x6d\
\x00\x41\x00\x63\x00\x74\x00\x69\x00\x6f\x00\x6e\x00\x54\x00\x72\x00\x69\x00\x70\x00\x70\x00\x6c\x00\x65\x00\x41\x00\x72\x00\x72\
\x00\x6f\x00\x77\x00\x52\x00\x69\x00\x67\x00\x68\x00\x74\x00\x2e\x00\x73\x00\x76\x00\x67\
\x00\x19\
\x08\x0a\x01\x47\
\x00\x6d\
\x00\x41\x00\x63\x00\x74\x00\x69\x00\x6f\x00\x6e\x00\x5a\x00\x6f\x00\x6f\x00\x6d\x00\x54\x00\x6f\x00\x53\x00\x65\x00\x6c\x00\x65\
\x00\x63\x00\x74\x00\x65\x00\x64\x00\x2e\x00\x73\x00\x76\x00\x67\
\x00\x0f\
\x08\x6c\xc9\x47\
\x00\x6e\
\x00\x6f\x00\x5f\x00\x7a\x00\x6f\x00\x6f\x00\x6d\x00\x5f\x00\x70\x00\x61\x00\x6e\x00\x2e\x00\x73\x00\x76\x00\x67\
\x00\x13\
\x08\xbe\xcc\xe7\
\x00\x6d\
\x00\x41\x00\x63\x00\x74\x00\x69\x00\x6f\x00\x6e\x00\x46\x00\x69\x00\x6c\x00\x65\x00\x53\x00\x61\x00\x76\x00\x65\x00\x2e\x00\x73\
\x00\x76\x00\x67\
\x00\x15\
\x09\x63\x11\x07\
\x00\x62\
\x00\x61\x00\x63\x00\x6b\x00\x73\x00\x70\x00\x61\x00\x63\x00\x65\x00\x2d\x00\x6f\x00\x75\x00\x74\x00\x6c\x00\x69\x00\x6e\x00\x65\
\x00\x2e\x00\x73\x00\x76\x00\x67\
\x00\x13\
\x09\x79\x47\x47\
\x00\x6d\
\x00\x49\x00\x63\x00\x6f\x00\x6e\x00\x45\x00\x78\x00\x70\x00\x72\x00\x65\x00\x73\x00\x73\x00\x69\x00\x6f\x00\x6e\x00\x2e\x00\x73\
\x00\x76\x00\x67\
\x00\x14\
\x09\x91\xa3\xa7\
\x00\x75\
\x00\x6e\x00\x64\x00\x6f\x00\x2d\x00\x73\x00\x76\x00\x67\x00\x72\x00\x65\x00\x70\x00\x6f\x00\x2d\x00\x63\x00\x6f\x00\x6d\x00\x2e\
\x00\x73\x00\x76\x00\x67\
\x00\x0d\
\x09\xac\x93\x27\
\x00\x6d\
\x00\x49\x00\x63\x00\x6f\x00\x6e\x00\x5a\x00\x6f\x00\x6f\x00\x6d\x00\x2e\x00\x73\x00\x76\x00\x67\
\x00\x1d\
\x09\xea\x14\x27\
\x00\x73\
\x00\x68\x00\x6f\x00\x77\x00\x5f\x00\x72\x00\x65\x00\x66\x00\x65\x00\x72\x00\x65\x00\x6e\x00\x63\x00\x65\x00\x5f\x00\x64\x00\x69\
\x00\x66\x00\x66\x00\x65\x00\x72\x00\x65\x00\x6e\x00\x63\x00\x65\x00\x2e\x00\x73\x00\x76\x00\x67\
\x00\x1a\
\x0a\x12\x58\xc7\
\x00\x6d\
\x00\x41\x00\x63\x00\x74\x00\x69\x00\x6f\x00\x6e\x00\x44\x00\x6f\x00\x75\x00\x62\x00\x6c\x00\x65\x00\x41\x00\x72\x00\x72\x00\x6f\
\x00\x77\x00\x4c\x00\x65\x00\x66\x00\x74\x00\x2e\x00\x73\x00\x76\x00\x67\
\x00\x14\
\x0b\x5c\x1e\x47\
\x00\x6d\
\x00\x41\x00\x63\x00\x74\x00\x69\x00\x6f\x00\x6e\x00\x4f\x00\x70\x00\x65\x00\x6e\x00\x54\x00\x61\x00\x62\x00\x6c\x00\x65\x00\x2e\
\x00\x73\x00\x76\x00\x67\
\x00\x1b\
\x0b\x7e\x42\x87\
\x00\x6d\
\x00\x41\x00\x63\x00\x74\x00\x69\x00\x6f\x00\x6e\x00\x54\x00\x72\x00\x69\x00\x70\x00\x70\x00\x6c\x00\x65\x00\x41\x00\x72\x00\x72\
\x00\x6f\x00\x77\x00\x4c\x00\x65\x00\x66\x00\x74\x00\x2e\x00\x73\x00\x76\x00\x67\
\x00\x1c\
\x0b\xbe\xc7\x47\
\x00\x6c\
\x00\x69\x00\x6e\x00\x65\x00\x61\x00\x72\x00\x5f\x00\x72\x00\x65\x00\x66\x00\x65\x00\x72\x00\x65\x00\x6e\x00\x63\x00\x69\x00\x6e\
\x00\x67\x00\x5f\x00\x70\x00\x6f\x00\x69\x00\x6e\x00\x74\x00\x2e\x00\x73\x00\x76\x00\x67\
\x00\x10\
\x0c\x29\xbc\xc7\
\x00\x4e\
\x00\x65\x00\x77\x00\x44\x00\x61\x00\x74\x00\x61\x00\x54\x00\x61\x00\x62\x00\x6c\x00\x65\x00\x2e\x00\x73\x00\x76\x00\x67\
\x00\x17\
\x0c\xf2\xdd\x47\
\x00\x6d\
\x00\x6f\x00\x76\x00\x65\x00\x5f\x00\x70\x00\x6f\x00\x5f\x00\x70\x00\x72\x00\x6f\x00\x5f\x00\x73\x00\x65\x00\x67\x00\x6d\x00\x65\
\x00\x6e\x00\x74\x00\x2e\x00\x73\x00\x76\x00\x67\
\x00\x18\
\x0d\x31\x14\x67\
\x00\x6d\
\x00\x41\x00\x63\x00\x74\x00\x69\x00\x6f\x00\x6e\x00\x54\x00\x6f\x00\x67\x00\x67\x00\x6c\x00\x65\x00\x45\x00\x64\x00\x69\x00\x74\
\x00\x69\x00\x6e\x00\x67\x00\x2e\x00\x73\x00\x76\x00\x67\
\x00\x12\
\x0e\x68\x00\xe7\
\x00\x6d\
\x00\x41\x00\x63\x00\x74\x00\x69\x00\x6f\x00\x6e\x00\x4f\x00\x70\x00\x74\x00\x69\x00\x6f\x00\x6e\x00\x73\x00\x2e\x00\x73\x00\x76\
\x00\x67\
\x00\x10\
\x0e\x99\x3d\x87\
\x00\x6d\
\x00\x6f\x00\x76\x00\x65\x00\x5f\x00\x73\x00\x65\x00\x67\x00\x6d\x00\x65\x00\x6e\x00\x74\x00\x2e\x00\x73\x00\x76\x00\x67\
\x00\x16\
\x0e\x9b\x47\x47\
\x00\x73\
\x00\x65\x00\x6c\x00\x65\x00\x63\x00\x74\x00\x5f\x00\x6c\x00\x6f\x00\x6c\x00\x5f\x00\x66\x00\x65\x00\x61\x00\x74\x00\x75\x00\x72\
\x00\x65\x00\x2e\x00\x73\x00\x76\x00\x67\
\x00\x16\
\x0e\x9c\x57\x47\
\x00\x73\
\x00\x65\x00\x6c\x00\x65\x00\x63\x00\x74\x00\x5f\x00\x70\x00\x6f\x00\x6c\x00\x5f\x00\x66\x00\x65\x00\x61\x00\x74\x00\x75\x00\x72\
\x00\x65\x00\x2e\x00\x73\x00\x76\x00\x67\
\x00\x19\
\x0e\xf9\x4e\x47\
\x00\x6d\
\x00\x41\x00\x63\x00\x74\x00\x69\x00\x6f\x00\x6e\x00\x45\x00\x64\x00\x69\x00\x74\x00\x49\x00\x6e\x00\x64\x00\x65\x00\x6e\x00\x74\
\x00\x4d\x00\x6f\x00\x72\x00\x65\x00\x2e\x00\x73\x00\x76\x00\x67\
\x00\x13\
\x0f\x91\xbc\x47\
\x00\x6d\
\x00\x41\x00\x63\x00\x74\x00\x69\x00\x6f\x00\x6e\x00\x46\x00\x6f\x00\x72\x00\x6d\x00\x56\x00\x69\x00\x65\x00\x77\x00\x2e\x00\x73\
\x00\x76\x00\x67\
\x00\x13\
\x0f\xc7\x92\x87\
\x00\x6d\
\x00\x41\x00\x63\x00\x74\x00\x69\x00\x6f\x00\x6e\x00\x49\x00\x64\x00\x65\x00\x6e\x00\x74\x00\x69\x00\x66\x00\x79\x00\x2e\x00\x73\
\x00\x76\x00\x67\
\x00\x0f\
\x0f\xf2\xa1\xe7\
\x00\x70\
\x00\x6c\x00\x75\x00\x67\x00\x69\x00\x6e\x00\x2d\x00\x68\x00\x65\x00\x6c\x00\x70\x00\x2e\x00\x73\x00\x76\x00\x67\
"

qt_resource_struct_v1 = b"\
\x00\x00\x00\x00\x00\x02\x00\x00\x00\x01\x00\x00\x00\x01\
\x00\x00\x00\x00\x00\x02\x00\x00\x00\x35\x00\x00\x00\x02\
\x00\x00\x00\x10\x00\x00\x00\x00\x00\x01\x00\x00\x00\x00\
\x00\x00\x00\x44\x00\x00\x00\x00\x00\x01\x00\x00\x09\xe2\
\x00\x00\x00\x6c\x00\x00\x00\x00\x00\x01\x00\x00\x0c\x70\
\x00\x00\x00\x92\x00\x01\x00\x00\x00\x01\x00\x00\x0e\x62\
\x00\x00\x00\xbe\x00\x01\x00\x00\x00\x01\x00\x00\x13\x07\
\x00\x00\x00\xf2\x00\x00\x00\x00\x00\x01\x00\x00\x17\xe7\
\x00\x00\x01\x2e\x00\x00\x00\x00\x00\x01\x00\x00\x1a\x34\
\x00\x00\x01\x4c\x00\x00\x00\x00\x00\x01\x00\x00\x1d\x9d\
\x00\x00\x01\x7a\x00\x00\x00\x00\x00\x01\x00\x00\x3f\x55\
\x00\x00\x01\xa6\x00\x01\x00\x00\x00\x01\x00\x00\x46\xd4\
\x00\x00\x01\xce\x00\x01\x00\x00\x00\x01\x00\x00\x4c\x1a\
\x00\x00\x01\xfc\x00\x00\x00\x00\x00\x01\x00\x00\x50\xd3\
\x00\x00\x02\x3e\x00\x00\x00\x00\x00\x01\x00\x00\x54\x52\
\x00\x00\x02\x72\x00\x00\x00\x00\x00\x01\x00\x00\x55\x77\
\x00\x00\x02\xba\x00\x00\x00\x00\x00\x01\x00\x00\x5b\xda\
\x00\x00\x02\xea\x00\x00\x00\x00\x00\x01\x00\x00\x5d\x36\
\x00\x00\x03\x18\x00\x00\x00\x00\x00\x01\x00\x00\x5e\x92\
\x00\x00\x03\x42\x00\x01\x00\x00\x00\x01\x00\x00\x60\x92\
\x00\x00\x03\x68\x00\x01\x00\x00\x00\x01\x00\x00\x65\x4c\
\x00\x00\x03\xa2\x00\x01\x00\x00\x00\x01\x00\x00\x6a\x38\
\x00\x00\x03\xcc\x00\x00\x00\x00\x00\x01\x00\x00\x6e\xf1\
\x00\x00\x03\xf4\x00\x00\x00\x00\x00\x01\x00\x00\x7b\x2f\
\x00\x00\x04\x2a\x00\x01\x00\x00\x00\x01\x00\x00\x7e\x35\
\x00\x00\x04\x5a\x00\x01\x00\x00\x00\x01\x00\x00\x83\x36\
\x00\x00\x04\x90\x00\x00\x00\x00\x00\x01\x00\x00\x88\x22\
\x00\x00\x04\xda\x00\x00\x00\x00\x00\x01\x00\x00\x8b\xd4\
\x00\x00\x04\xf8\x00\x00\x00\x00\x00\x01\x00\x00\x96\x33\
\x00\x00\x05\x24\x00\x00\x00\x00\x00\x01\x00\x00\x97\x58\
\x00\x00\x05\x4c\x00\x00\x00\x00\x00\x01\x00\x00\x99\xd7\
\x00\x00\x05\x8a\x00\x00\x00\x00\x00\x01\x00\x00\xa2\x9c\
\x00\x00\x05\xc2\x00\x00\x00\x00\x00\x01\x00\x00\xa8\x5b\
\x00\x00\x05\xe6\x00\x00\x00\x00\x00\x01\x00\x00\xb7\x38\
\x00\x00\x06\x12\x00\x00\x00\x00\x00\x01\x00\x00\xba\x34\
\x00\x00\x06\x42\x00\x00\x00\x00\x00\x01\x00\x00\xbb\x7e\
\x00\x00\x06\x6e\x00\x00\x00\x00\x00\x01\x00\x00\xc1\x43\
\x00\x00\x06\x9c\x00\x00\x00\x00\x00\x01\x00\x00\xc3\x91\
\x00\x00\x06\xbc\x00\x00\x00\x00\x00\x01\x00\x00\xc7\x18\
\x00\x00\x06\xfc\x00\x00\x00\x00\x00\x01\x00\x00\xcd\x16\
\x00\x00\x07\x36\x00\x00\x00\x00\x00\x01\x00\x00\xcf\x63\
\x00\x00\x07\x36\x00\x00\x00\x00\x00\x01\x00\x00\xd1\x68\
\x00\x00\x07\x64\x00\x00\x00\x00\x00\x01\x00\x00\xd3\x6d\
\x00\x00\x07\xa0\x00\x00\x00\x00\x00\x01\x00\x00\xdc\x03\
\x00\x00\x07\xde\x00\x00\x00\x00\x00\x01\x00\x00\xe3\xd4\
\x00\x00\x08\x04\x00\x01\x00\x00\x00\x01\x00\x00\xf5\x38\
\x00\x00\x08\x38\x00\x00\x00\x00\x00\x01\x00\x00\xfa\x7a\
\x00\x00\x08\x6e\x00\x00\x00\x00\x00\x01\x00\x00\xff\xf8\
\x00\x00\x08\x98\x00\x01\x00\x00\x00\x01\x00\x01\x0b\x35\
\x00\x00\x08\xbe\x00\x00\x00\x00\x00\x01\x00\x01\x10\x7f\
\x00\x00\x08\xf0\x00\x00\x00\x00\x00\x01\x00\x01\x1e\x14\
\x00\x00\x09\x22\x00\x01\x00\x00\x00\x01\x00\x01\x28\xeb\
\x00\x00\x09\x5a\x00\x00\x00\x00\x00\x01\x00\x01\x2c\xf0\
\x00\x00\x09\x86\x00\x00\x00\x00\x00\x01\x00\x01\x2e\xfc\
\x00\x00\x09\xb2\x00\x01\x00\x00\x00\x01\x00\x01\x37\x0a\
"

qt_resource_struct_v2 = b"\
\x00\x00\x00\x00\x00\x02\x00\x00\x00\x01\x00\x00\x00\x01\
\x00\x00\x00\x00\x00\x00\x00\x00\
\x00\x00\x00\x00\x00\x02\x00\x00\x00\x35\x00\x00\x00\x02\
\x00\x00\x00\x00\x00\x00\x00\x00\
\x00\x00\x00\x10\x00\x00\x00\x00\x00\x01\x00\x00\x00\x00\
\x00\x00\x01\x9b\xa9\x7e\xb3\x07\
\x00\x00\x00\x44\x00\x00\x00\x00\x00\x01\x00\x00\x09\xe2\
\x00\x00\x01\x84\xf1\xc8\xb7\x30\
\x00\x00\x00\x6c\x00\x00\x00\x00\x00\x01\x00\x00\x0c\x70\
\x00\x00\x01\x89\xa1\x8b\x63\x30\
\x00\x00\x00\x92\x00\x01\x00\x00\x00\x01\x00\x00\x0e\x62\
\x00\x00\x01\x9a\x4a\xa5\x3e\x47\
\x00\x00\x00\xbe\x00\x01\x00\x00\x00\x01\x00\x00\x13\x07\
\x00\x00\x01\x9b\xa9\x76\xf0\x89\
\x00\x00\x00\xf2\x00\x00\x00\x00\x00\x01\x00\x00\x17\xe7\
\x00\x00\x01\x89\xa1\x8b\x63\x30\
\x00\x00\x01\x2e\x00\x00\x00\x00\x00\x01\x00\x00\x1a\x34\
\x00\x00\x01\x86\x56\x11\x16\xf0\
\x00\x00\x01\x4c\x00\x00\x00\x00\x00\x01\x00\x00\x1d\x9d\
\x00\x00\x01\x9a\x27\xc4\x06\xf5\
\x00\x00\x01\x7a\x00\x00\x00\x00\x00\x01\x00\x00\x3f\x55\
\x00\x00\x01\x94\x8d\x63\xd6\x70\
\x00\x00\x01\xa6\x00\x01\x00\x00\x00\x01\x00\x00\x46\xd4\
\x00\x00\x01\x8e\xd1\xab\x7a\xa0\
\x00\x00\x01\xce\x00\x01\x00\x00\x00\x01\x00\x00\x4c\x1a\
\x00\x00\x01\x91\x4c\x83\xed\x00\
\x00\x00\x01\xfc\x00\x00\x00\x00\x00\x01\x00\x00\x50\xd3\
\x00\x00\x01\x86\x56\x12\xf3\x80\
\x00\x00\x02\x3e\x00\x00\x00\x00\x00\x01\x00\x00\x54\x52\
\x00\x00\x01\x89\xa1\x8b\x63\x30\
\x00\x00\x02\x72\x00\x00\x00\x00\x00\x01\x00\x00\x55\x77\
\x00\x00\x01\x8b\x46\xf4\xc4\x00\
\x00\x00\x02\xba\x00\x00\x00\x00\x00\x01\x00\x00\x5b\xda\
\x00\x00\x01\x89\xa1\x8b\x63\x30\
\x00\x00\x02\xea\x00\x00\x00\x00\x00\x01\x00\x00\x5d\x36\
\x00\x00\x01\x89\xa1\x8b\x63\x30\
\x00\x00\x03\x18\x00\x00\x00\x00\x00\x01\x00\x00\x5e\x92\
\x00\x00\x01\x86\x56\x12\x8d\xf0\
\x00\x00\x03\x42\x00\x01\x00\x00\x00\x01\x00\x00\x60\x92\
\x00\x00\x01\x8d\xad\x53\x2d\x70\
\x00\x00\x03\x68\x00\x01\x00\x00\x00\x01\x00\x00\x65\x4c\
\x00\x00\x01\x9b\xa9\x70\xe6\xe6\
\x00\x00\x03\xa2\x00\x01\x00\x00\x00\x01\x00\x00\x6a\x38\
\x00\x00\x01\x91\x4c\x83\xed\x00\
\x00\x00\x03\xcc\x00\x00\x00\x00\x00\x01\x00\x00\x6e\xf1\
\x00\x00\x01\x8e\x19\x21\x71\xb0\
\x00\x00\x03\xf4\x00\x00\x00\x00\x00\x01\x00\x00\x7b\x2f\
\x00\x00\x01\x84\xf1\xc8\xb7\x30\
\x00\x00\x04\x2a\x00\x01\x00\x00\x00\x01\x00\x00\x7e\x35\
\x00\x00\x01\x9b\xa9\x71\xcc\x1e\
\x00\x00\x04\x5a\x00\x01\x00\x00\x00\x01\x00\x00\x83\x36\
\x00\x00\x01\x9b\xa9\x73\xbf\x0a\
\x00\x00\x04\x90\x00\x00\x00\x00\x00\x01\x00\x00\x88\x22\
\x00\x00\x01\x89\xa1\x8b\x63\x30\
\x00\x00\x04\xda\x00\x00\x00\x00\x00\x01\x00\x00\x8b\xd4\
\x00\x00\x01\x97\xad\xe5\xf3\xd0\
\x00\x00\x04\xf8\x00\x00\x00\x00\x00\x01\x00\x00\x96\x33\
\x00\x00\x01\x86\x56\x12\x95\xc0\
\x00\x00\x05\x24\x00\x00\x00\x00\x00\x01\x00\x00\x97\x58\
\x00\x00\x01\x89\xa1\x8b\x63\x30\
\x00\x00\x05\x4c\x00\x00\x00\x00\x00\x01\x00\x00\x99\xd7\
\x00\x00\x01\x89\xa1\x8b\x63\x30\
\x00\x00\x05\x8a\x00\x00\x00\x00\x00\x01\x00\x00\xa2\x9c\
\x00\x00\x01\x86\x56\x11\x16\xf0\
\x00\x00\x05\xc2\x00\x00\x00\x00\x00\x01\x00\x00\xa8\x5b\
\x00\x00\x01\x9a\x65\x2b\xc0\x0e\
\x00\x00\x05\xe6\x00\x00\x00\x00\x00\x01\x00\x00\xb7\x38\
\x00\x00\x01\x89\xa1\x8b\x63\x30\
\x00\x00\x06\x12\x00\x00\x00\x00\x00\x01\x00\x00\xba\x34\
\x00\x00\x01\x89\xa1\x8b\x63\x30\
\x00\x00\x06\x42\x00\x00\x00\x00\x00\x01\x00\x00\xbb\x7e\
\x00\x00\x01\x89\xa1\x8b\x63\x30\
\x00\x00\x06\x6e\x00\x00\x00\x00\x00\x01\x00\x00\xc1\x43\
\x00\x00\x01\x9b\x07\x7e\x26\xc3\
\x00\x00\x06\x9c\x00\x00\x00\x00\x00\x01\x00\x00\xc3\x91\
\x00\x00\x01\x89\xa1\x8b\x63\x30\
\x00\x00\x06\xbc\x00\x00\x00\x00\x00\x01\x00\x00\xc7\x18\
\x00\x00\x01\x9a\x10\xb5\xe0\xb2\
\x00\x00\x06\xfc\x00\x00\x00\x00\x00\x01\x00\x00\xcd\x16\
\x00\x00\x01\x89\xa1\x8b\x63\x30\
\x00\x00\x07\x36\x00\x00\x00\x00\x00\x01\x00\x00\xcf\x63\
\x00\x00\x01\x89\xa1\x8b\x63\x30\
\x00\x00\x07\x36\x00\x00\x00\x00\x00\x01\x00\x00\xd1\x68\
\x00\x00\x01\x89\xa1\x8b\x63\x30\
\x00\x00\x07\x64\x00\x00\x00\x00\x00\x01\x00\x00\xd3\x6d\
\x00\x00\x01\x89\xa1\x8b\x63\x30\
\x00\x00\x07\xa0\x00\x00\x00\x00\x00\x01\x00\x00\xdc\x03\
\x00\x00\x01\x89\xa1\x8b\x63\x30\
\x00\x00\x07\xde\x00\x00\x00\x00\x00\x01\x00\x00\xe3\xd4\
\x00\x00\x01\x8c\x12\xa9\xdf\xe0\
\x00\x00\x08\x04\x00\x01\x00\x00\x00\x01\x00\x00\xf5\x38\
\x00\x00\x01\x8f\x5c\xf8\x7d\x60\
\x00\x00\x08\x38\x00\x00\x00\x00\x00\x01\x00\x00\xfa\x7a\
\x00\x00\x01\x86\x56\x11\x45\xd0\
\x00\x00\x08\x6e\x00\x00\x00\x00\x00\x01\x00\x00\xff\xf8\
\x00\x00\x01\x86\x56\x11\xda\x40\
\x00\x00\x08\x98\x00\x01\x00\x00\x00\x01\x00\x01\x0b\x35\
\x00\x00\x01\x9b\xa9\x79\xde\x26\
\x00\x00\x08\xbe\x00\x00\x00\x00\x00\x01\x00\x01\x10\x7f\
\x00\x00\x01\x9a\x8c\xc5\xb3\xe7\
\x00\x00\x08\xf0\x00\x00\x00\x00\x00\x01\x00\x01\x1e\x14\
\x00\x00\x01\x9a\x8c\xc7\xc0\x98\
\x00\x00\x09\x22\x00\x01\x00\x00\x00\x01\x00\x01\x28\xeb\
\x00\x00\x01\x86\x56\x12\xbc\xd0\
\x00\x00\x09\x5a\x00\x00\x00\x00\x00\x01\x00\x01\x2c\xf0\
\x00\x00\x01\x86\x56\x12\x86\x20\
\x00\x00\x09\x86\x00\x00\x00\x00\x00\x01\x00\x01\x2e\xfc\
\x00\x00\x01\x89\xa1\x8b\x63\x30\
\x00\x00\x09\xb2\x00\x01\x00\x00\x00\x01\x00\x01\x37\x0a\
\x00\x00\x01\x8f\x5d\x8f\x4e\xc0\
"

qt_version = [int(v) for v in QtCore.qVersion().split('.')]
if qt_version < [5, 8, 0]:
    rcc_version = 1
    qt_resource_struct = qt_resource_struct_v1
else:
    rcc_version = 2
    qt_resource_struct = qt_resource_struct_v2

def qInitResources():
    QtCore.qRegisterResourceData(rcc_version, qt_resource_struct, qt_resource_name, qt_resource_data)

def qCleanupResources():
    QtCore.qUnregisterResourceData(rcc_version, qt_resource_struct, qt_resource_name, qt_resource_data)

qInitResources()
